Country Name,Country Code,Continent,Region,Sub_Region,Year,Population,GDP_USD,GDP_per_capita_USD,Inflation_Pct
Afghanistan,AFG,Asia,Asia,Southern Asia,2000,20130327,3521418060.0,174.93,
Afghanistan,AFG,Asia,Asia,Southern Asia,2001,20284307,2813571754.0,138.71,-11.77
Afghanistan,AFG,Asia,Asia,Southern Asia,2002,21378117,3825701439.0,178.95,6.13
Afghanistan,AFG,Asia,Asia,Southern Asia,2003,22733049,4520946819.0,198.87,11.66
Afghanistan,AFG,Asia,Asia,Southern Asia,2004,23560654,5224896719.0,221.76,11.27
Afghanistan,AFG,Asia,Asia,Southern Asia,2005,24404567,6203256539.0,254.18,10.91
Afghanistan,AFG,Asia,Asia,Southern Asia,2006,25424094,6971758282.0,274.22,7.2
Afghanistan,AFG,Asia,Asia,Southern Asia,2007,25909852,9747886187.0,376.22,22.53
Afghanistan,AFG,Asia,Asia,Southern Asia,2008,26482622,10109297048.0,381.73,2.1
Afghanistan,AFG,Asia,Asia,Southern Asia,2009,27466101,12416152732.0,452.05,-2.16
Afghanistan,AFG,Asia,Asia,Southern Asia,2010,28284089,15856668556.0,560.62,3.81
Afghanistan,AFG,Asia,Asia,Southern Asia,2011,29347708,17805098206.0,606.69,16.59
Afghanistan,AFG,Asia,Asia,Southern Asia,2012,30560034,19907329778.0,651.42,7.3
Afghanistan,AFG,Asia,Asia,Southern Asia,2013,31622704,20146416758.0,637.09,4.82
Afghanistan,AFG,Asia,Asia,Southern Asia,2014,32792523,20497128556.0,625.05,0.57
Afghanistan,AFG,Asia,Asia,Southern Asia,2015,33831764,19134221645.0,565.57,2.45
Afghanistan,AFG,Asia,Asia,Southern Asia,2016,34700612,18116572395.0,522.08,-2.2
Afghanistan,AFG,Asia,Asia,Southern Asia,2017,35688935,18753456498.0,525.47,2.4
Afghanistan,AFG,Asia,Asia,Southern Asia,2018,36743039,18053222687.0,491.34,2.07
Afghanistan,AFG,Asia,Asia,Southern Asia,2019,37856121,18799444490.0,496.6,6.52
Afghanistan,AFG,Asia,Asia,Southern Asia,2020,39068979,19955929052.0,510.79,6.96
Afghanistan,AFG,Asia,Asia,Southern Asia,2021,40000412,14266499430.0,356.66,2.84
Afghanistan,AFG,Asia,Asia,Southern Asia,2022,40578842,14502158192.0,357.38,9.41
Albania,ALB,Europe,Europe,Southern Europe,2000,3089027,3480355258.0,1126.68,5.65
Albania,ALB,Europe,Europe,Southern Europe,2001,3060173,3922100794.0,1281.66,3.81
Albania,ALB,Europe,Europe,Southern Europe,2002,3051010,4348068242.0,1425.12,3.65
Albania,ALB,Europe,Europe,Southern Europe,2003,3039616,5611496257.0,1846.12,5.2
Albania,ALB,Europe,Europe,Southern Europe,2004,3026939,7184685782.0,2373.58,3.15
Albania,ALB,Europe,Europe,Southern Europe,2005,3011487,8052077248.0,2673.79,3.31
Albania,ALB,Europe,Europe,Southern Europe,2006,2992547,8896075005.0,2972.74,2.48
Albania,ALB,Europe,Europe,Southern Europe,2007,2970017,10677324853.0,3595.04,4.39
Albania,ALB,Europe,Europe,Southern Europe,2008,2947314,12881352894.0,4370.54,4.12
Albania,ALB,Europe,Europe,Southern Europe,2009,2927519,12044205550.0,4114.13,2.42
Albania,ALB,Europe,Europe,Southern Europe,2010,2913021,11926926616.0,4094.35,4.49
Albania,ALB,Europe,Europe,Southern Europe,2011,2905195,12890760315.0,4437.14,2.31
Albania,ALB,Europe,Europe,Southern Europe,2012,2860708,12319834195.0,4306.57,1.04
Albania,ALB,Europe,Europe,Southern Europe,2013,2816902,12776224497.0,4535.56,0.29
Albania,ALB,Europe,Europe,Southern Europe,2014,2773767,13228147516.0,4769.02,1.55
Albania,ALB,Europe,Europe,Southern Europe,2015,2731293,11386853113.0,4169.03,0.56
Albania,ALB,Europe,Europe,Southern Europe,2016,2689469,11861199831.0,4410.24,-0.63
Albania,ALB,Europe,Europe,Southern Europe,2017,2648285,13019726212.0,4916.29,1.45
Albania,ALB,Europe,Europe,Southern Europe,2018,2607733,15156424015.0,5812.11,2.97
Albania,ALB,Europe,Europe,Southern Europe,2019,2567801,15401826127.0,5998.06,1.0
Albania,ALB,Europe,Europe,Southern Europe,2020,2528480,15162734205.0,5996.78,0.04
Albania,ALB,Europe,Europe,Southern Europe,2021,2489762,17930565119.0,7201.72,3.44
Albania,ALB,Europe,Europe,Southern Europe,2022,2451636,18916378861.0,7715.82,9.86
Algeria,DZA,Africa,Africa,Northern Africa,2000,30903893,54790398570.0,1772.93,22.68
Algeria,DZA,Africa,Africa,Northern Africa,2001,31331221,59413400924.0,1896.3,8.01
Algeria,DZA,Africa,Africa,Northern Africa,2002,31750835,61516103406.0,1937.46,1.37
Algeria,DZA,Africa,Africa,Northern Africa,2003,32175818,73482264191.0,2283.77,8.94
Algeria,DZA,Africa,Africa,Northern Africa,2004,32628286,91913680985.0,2816.99,11.45
Algeria,DZA,Africa,Africa,Northern Africa,2005,33109249,107046618670.0,3233.13,12.36
Algeria,DZA,Africa,Africa,Northern Africa,2006,33623506,123084258693.0,3660.66,10.78
Algeria,DZA,Africa,Africa,Northern Africa,2007,34189416,142482739810.0,4167.45,7.1
Algeria,DZA,Africa,Africa,Northern Africa,2008,34816961,180383848331.0,5180.92,15.12
Algeria,DZA,Africa,Africa,Northern Africa,2009,35490445,150317292079.0,4235.43,-7.37
Algeria,DZA,Africa,Africa,Northern Africa,2010,36188236,177785053940.0,4912.79,15.56
Algeria,DZA,Africa,Africa,Northern Africa,2011,36903376,218331946925.0,5916.31,16.91
Algeria,DZA,Africa,Africa,Northern Africa,2012,37646166,227143746076.0,6033.65,8.0
Algeria,DZA,Africa,Africa,Northern Africa,2013,38414171,229701430292.0,5979.6,0.89
Algeria,DZA,Africa,Africa,Northern Africa,2014,39205031,238942664193.0,6094.69,1.45
Algeria,DZA,Africa,Africa,Northern Africa,2015,40019529,187493855609.0,4685.06,-4.99
Algeria,DZA,Africa,Africa,Northern Africa,2016,40850721,180763839522.0,4424.99,0.86
Algeria,DZA,Africa,Africa,Northern Africa,2017,41689299,189880896903.0,4554.67,4.94
Algeria,DZA,Africa,Africa,Northern Africa,2018,42505035,194554483656.0,4577.21,6.16
Algeria,DZA,Africa,Africa,Northern Africa,2019,43294546,193459662091.0,4468.45,0.88
Algeria,DZA,Africa,Africa,Northern Africa,2020,44042091,164873415325.0,3743.54,-4.71
Algeria,DZA,Africa,Africa,Northern Africa,2021,44761099,186265418571.0,4161.32,15.93
Algeria,DZA,Africa,Africa,Northern Africa,2022,45477389,225560256622.0,4959.83,22.95
American Samoa,ASM,Oceania,Oceania,Polynesia,2002,57062,512000000.0,8972.7,
American Samoa,ASM,Oceania,Oceania,Polynesia,2003,56971,524000000.0,9197.66,1.37
American Samoa,ASM,Oceania,Oceania,Polynesia,2004,56818,509000000.0,8958.43,-3.26
American Samoa,ASM,Oceania,Oceania,Polynesia,2005,56617,500000000.0,8831.27,-1.37
American Samoa,ASM,Oceania,Oceania,Polynesia,2006,56374,493000000.0,8745.17,2.81
American Samoa,ASM,Oceania,Oceania,Polynesia,2007,56113,518000000.0,9231.37,3.16
American Samoa,ASM,Oceania,Oceania,Polynesia,2008,55828,560000000.0,10030.81,11.06
American Samoa,ASM,Oceania,Oceania,Polynesia,2009,55528,675000000.0,12156.03,25.78
American Samoa,ASM,Oceania,Oceania,Polynesia,2010,55228,573000000.0,10375.17,-15.36
American Samoa,ASM,Oceania,Oceania,Polynesia,2011,54895,570000000.0,10383.46,-0.52
American Samoa,ASM,Oceania,Oceania,Polynesia,2012,54489,640000000.0,11745.49,17.37
American Samoa,ASM,Oceania,Oceania,Polynesia,2013,54006,638000000.0,11813.5,2.24
American Samoa,ASM,Oceania,Oceania,Polynesia,2014,53466,643000000.0,12026.33,-0.96
American Samoa,ASM,Oceania,Oceania,Polynesia,2015,52878,673000000.0,12727.41,1.47
American Samoa,ASM,Oceania,Oceania,Polynesia,2016,52245,671000000.0,12843.33,1.41
American Samoa,ASM,Oceania,Oceania,Polynesia,2017,51586,612000000.0,11863.68,-1.94
American Samoa,ASM,Oceania,Oceania,Polynesia,2018,50908,639000000.0,12552.05,1.7
American Samoa,ASM,Oceania,Oceania,Polynesia,2019,50209,647000000.0,12886.14,1.75
American Samoa,ASM,Oceania,Oceania,Polynesia,2020,49761,721000000.0,14489.26,6.73
American Samoa,ASM,Oceania,Oceania,Polynesia,2021,49225,750000000.0,15236.16,4.84
American Samoa,ASM,Oceania,Oceania,Polynesia,2022,48342,871000000.0,18017.46,14.15
Andorra,AND,Europe,Europe,Southern Europe,2000,65685,1432606189.0,21810.25,28.74
Andorra,AND,Europe,Europe,Southern Europe,2001,65852,1548265808.0,23511.3,3.08
Andorra,AND,Europe,Europe,Southern Europe,2002,66506,1764279824.0,26528.13,3.24
Andorra,AND,Europe,Europe,Southern Europe,2003,69486,2366941809.0,34063.58,3.18
Andorra,AND,Europe,Europe,Southern Europe,2004,74325,2900245324.0,39021.13,3.04
Andorra,AND,Europe,Europe,Southern Europe,2005,77421,3161084091.0,40829.8,3.4
Andorra,AND,Europe,Europe,Southern Europe,2006,79585,3459337986.0,43467.21,3.46
Andorra,AND,Europe,Europe,Southern Europe,2007,81877,3957625367.0,48336.23,3.21
Andorra,AND,Europe,Europe,Southern Europe,2008,83495,4102319399.0,49132.52,2.27
Andorra,AND,Europe,Europe,Southern Europe,2009,83888,3688976341.0,43975.02,0.13
Andorra,AND,Europe,Europe,Southern Europe,2010,80706,3449925739.0,42746.83,0.37
Andorra,AND,Europe,Europe,Southern Europe,2011,77783,3629133574.0,46657.16,0.2
Andorra,AND,Europe,Europe,Southern Europe,2012,76834,3188652765.0,41500.54,0.17
Andorra,AND,Europe,Europe,Southern Europe,2013,75194,3193512950.0,42470.32,0.45
Andorra,AND,Europe,Europe,Southern Europe,2014,73737,3271685597.0,44369.66,-0.08
Andorra,AND,Europe,Europe,Southern Europe,2015,72174,2789881259.0,38654.93,0.66
Andorra,AND,Europe,Europe,Southern Europe,2016,72181,2896610480.0,40129.82,0.35
Andorra,AND,Europe,Europe,Southern Europe,2017,73763,3000162081.0,40672.99,1.14
Andorra,AND,Europe,Europe,Southern Europe,2018,75162,3218419897.0,42819.77,1.01
Andorra,AND,Europe,Europe,Southern Europe,2019,76474,3155149348.0,41257.8,1.37
Andorra,AND,Europe,Europe,Southern Europe,2020,77380,2891001149.0,37361.09,1.11
Andorra,AND,Europe,Europe,Southern Europe,2021,78364,3324683012.0,42426.15,2.56
Andorra,AND,Europe,Europe,Southern Europe,2022,79705,3380602043.0,42413.93,4.24
Angola,AGO,Africa,Africa,Sub-Saharan Africa,2000,16194869,9129594970.0,563.73,418.02
Angola,AGO,Africa,Africa,Sub-Saharan Africa,2001,16747208,8936079118.0,533.59,106.35
Angola,AGO,Africa,Africa,Sub-Saharan Africa,2002,17327699,15285592370.0,882.15,196.98
Angola,AGO,Africa,Africa,Sub-Saharan Africa,2003,17943712,17812704586.0,992.7,93.93
Angola,AGO,Africa,Africa,Sub-Saharan Africa,2004,18600423,23552057679.0,1266.21,33.44
Angola,AGO,Africa,Africa,Sub-Saharan Africa,2005,19291161,36970900884.0,1916.47,42.37
Angola,AGO,Africa,Africa,Sub-Saharan Africa,2006,20015279,52381025141.0,2617.05,17.12
Angola,AGO,Africa,Africa,Sub-Saharan Africa,2007,20778561,65266415494.0,3141.05,4.31
Angola,AGO,Africa,Africa,Sub-Saharan Africa,2008,21578655,88538665085.0,4103.07,19.37
Angola,AGO,Africa,Africa,Sub-Saharan Africa,2009,22414773,70307196182.0,3136.65,-16.76
Angola,AGO,Africa,Africa,Sub-Saharan Africa,2010,23294825,83799474070.0,3597.34,32.27
Angola,AGO,Africa,Africa,Sub-Saharan Africa,2011,24218352,111789747671.0,4615.91,31.77
Angola,AGO,Africa,Africa,Sub-Saharan Africa,2012,25177394,128052915766.0,5086.03,7.26
Angola,AGO,Africa,Africa,Sub-Saharan Africa,2013,26165620,132339109040.0,5057.75,2.84
Angola,AGO,Africa,Africa,Sub-Saharan Africa,2014,27160769,135966802587.0,5006.0,3.56
Angola,AGO,Africa,Africa,Sub-Saharan Africa,2015,28157798,90496420507.0,3213.9,-3.52
Angola,AGO,Africa,Africa,Sub-Saharan Africa,2016,29183070,52761617226.0,1807.95,21.77
Angola,AGO,Africa,Africa,Sub-Saharan Africa,2017,30234839,73690154991.0,2437.26,22.61
Angola,AGO,Africa,Africa,Sub-Saharan Africa,2018,31297155,79450688259.0,2538.59,28.17
Angola,AGO,Africa,Africa,Sub-Saharan Africa,2019,32375632,70897962732.0,2189.86,19.19
Angola,AGO,Africa,Africa,Sub-Saharan Africa,2020,33451132,48501561204.0,1449.92,10.76
Angola,AGO,Africa,Africa,Sub-Saharan Africa,2021,34532429,66505129988.0,1925.87,38.82
Angola,AGO,Africa,Africa,Sub-Saharan Africa,2022,35635029,104399746853.0,2929.69,13.71
Antigua and Barbuda,ATG,North America,Americas,Latin America and the Caribbean,2000,74912,900551852.0,12021.46,1.49
Antigua and Barbuda,ATG,North America,Americas,Latin America and the Caribbean,2001,76069,877514815.0,11535.77,2.08
Antigua and Barbuda,ATG,North America,Americas,Latin America and the Caribbean,2002,77032,897988889.0,11657.35,1.29
Antigua and Barbuda,ATG,North America,Americas,Latin America and the Caribbean,2003,77884,947955556.0,12171.38,-0.48
Antigua and Barbuda,ATG,North America,Americas,Latin America and the Caribbean,2004,78719,1026181481.0,13036.01,2.35
Antigua and Barbuda,ATG,North America,Americas,Latin America and the Caribbean,2005,79611,1143714815.0,14366.29,4.68
Antigua and Barbuda,ATG,North America,Americas,Latin America and the Caribbean,2006,80604,1303548148.0,16172.25,1.12
Antigua and Barbuda,ATG,North America,Americas,Latin America and the Caribbean,2007,81704,1487300000.0,18203.52,4.37
Antigua and Barbuda,ATG,North America,Americas,Latin America and the Caribbean,2008,82912,1557540741.0,18785.47,4.74
Antigua and Barbuda,ATG,North America,Americas,Latin America and the Caribbean,2009,84173,1386444444.0,16471.37,1.11
Antigua and Barbuda,ATG,North America,Americas,Latin America and the Caribbean,2010,85320,1298255556.0,15216.31,1.61
Antigua and Barbuda,ATG,North America,Americas,Latin America and the Caribbean,2011,86332,1281337037.0,14841.97,0.67
Antigua and Barbuda,ATG,North America,Americas,Latin America and the Caribbean,2012,87260,1327107407.0,15208.66,0.19
Antigua and Barbuda,ATG,North America,Americas,Latin America and the Caribbean,2013,88064,1325425926.0,15050.71,0.48
Antigua and Barbuda,ATG,North America,Americas,Latin America and the Caribbean,2014,88765,1378829630.0,15533.48,1.78
Antigua and Barbuda,ATG,North America,Americas,Latin America and the Caribbean,2015,89409,1437755556.0,16080.66,2.79
Antigua and Barbuda,ATG,North America,Americas,Latin America and the Caribbean,2016,89969,1489692593.0,16557.84,-0.47
Antigua and Barbuda,ATG,North America,Americas,Latin America and the Caribbean,2017,90468,1531151852.0,16924.79,0.31
Antigua and Barbuda,ATG,North America,Americas,Latin America and the Caribbean,2018,90926,1661529630.0,18273.43,1.46
Antigua and Barbuda,ATG,North America,Americas,Latin America and the Caribbean,2019,91364,1725351852.0,18884.37,0.72
Antigua and Barbuda,ATG,North America,Americas,Latin America and the Caribbean,2020,91846,1410796296.0,15360.45,0.8
Antigua and Barbuda,ATG,North America,Americas,Latin America and the Caribbean,2021,92349,1601366667.0,17340.38,4.91
Antigua and Barbuda,ATG,North America,Americas,Latin America and the Caribbean,2022,92840,1867733333.0,20117.77,6.5
Argentina,ARG,South America,Americas,Latin America and the Caribbean,2000,37213984,284203750000.0,7637.01,1.04
Argentina,ARG,South America,Americas,Latin America and the Caribbean,2001,37624825,268696750000.0,7141.48,-1.1
Argentina,ARG,South America,Americas,Latin America and the Caribbean,2002,38029349,97724004252.0,2569.7,30.56
Argentina,ARG,South America,Americas,Latin America and the Caribbean,2003,38424282,127586973492.0,3320.48,10.5
Argentina,ARG,South America,Americas,Latin America and the Caribbean,2004,38815916,164657930453.0,4242.02,18.36
Argentina,ARG,South America,Americas,Latin America and the Caribbean,2005,39216789,198737095012.0,5067.65,10.32
Argentina,ARG,South America,Americas,Latin America and the Caribbean,2006,39622115,232557260817.0,5869.38,13.74
Argentina,ARG,South America,Americas,Latin America and the Caribbean,2007,40016763,287530508431.0,7185.25,14.94
Argentina,ARG,South America,Americas,Latin America and the Caribbean,2008,40424148,361558037110.0,8944.11,23.17
Argentina,ARG,South America,Americas,Latin America and the Caribbean,2009,40854831,332976484578.0,8150.24,15.38
Argentina,ARG,South America,Americas,Latin America and the Caribbean,2010,41288694,423627422092.0,10260.13,20.92
Argentina,ARG,South America,Americas,Latin America and the Caribbean,2011,41730660,530158122010.0,12704.28,23.7
Argentina,ARG,South America,Americas,Latin America and the Caribbean,2012,42161721,545982375701.0,12949.72,22.31
Argentina,ARG,South America,Americas,Latin America and the Caribbean,2013,42582455,552025140252.0,12963.68,23.95
Argentina,ARG,South America,Americas,Latin America and the Caribbean,2014,43024071,526319673732.0,12233.14,40.28
Argentina,ARG,South America,Americas,Latin America and the Caribbean,2015,43477012,594749285413.0,13679.63,26.58
Argentina,ARG,South America,Americas,Latin America and the Caribbean,2016,43900313,557532320663.0,12699.96,41.12
Argentina,ARG,South America,Americas,Latin America and the Caribbean,2017,44288894,643628393281.0,14532.5,26.01
Argentina,ARG,South America,Americas,Latin America and the Caribbean,2018,44654882,524819892360.0,11752.8,42.03
Argentina,ARG,South America,Americas,Latin America and the Caribbean,2019,44973465,447754683615.0,9955.97,49.2
Argentina,ARG,South America,Americas,Latin America and the Caribbean,2020,45191965,385740508437.0,8535.6,40.08
Argentina,ARG,South America,Americas,Latin America and the Caribbean,2021,45312281,487902572164.0,10767.56,53.8
Argentina,ARG,South America,Americas,Latin America and the Caribbean,2022,45407904,631133384440.0,13899.2,69.88
Armenia,ARM,Asia,Asia,Western Asia,2000,3221100,1911563669.0,593.45,-1.37
Armenia,ARM,Asia,Asia,Western Asia,2001,3211800,2118467913.0,659.59,4.03
Armenia,ARM,Asia,Asia,Western Asia,2002,3199800,2376335048.0,742.65,2.36
Armenia,ARM,Asia,Asia,Western Asia,2003,3182500,2807061009.0,882.03,4.6
Armenia,ARM,Asia,Asia,Western Asia,2004,3164900,3576615240.0,1130.09,6.28
Armenia,ARM,Asia,Asia,Western Asia,2005,3146400,4900469511.0,1557.48,3.21
Armenia,ARM,Asia,Asia,Western Asia,2006,3127100,6384452067.0,2041.65,4.62
Armenia,ARM,Asia,Asia,Western Asia,2007,3107400,9206301270.0,2962.7,4.28
Armenia,ARM,Asia,Asia,Western Asia,2008,3087100,11662040714.0,3777.67,5.99
Armenia,ARM,Asia,Asia,Western Asia,2009,3066000,8647937081.0,2820.59,2.5
Armenia,ARM,Asia,Asia,Western Asia,2010,3044800,9260285756.0,3041.34,7.77
Armenia,ARM,Asia,Asia,Western Asia,2011,3027900,10142111825.0,3349.55,4.28
Armenia,ARM,Asia,Asia,Western Asia,2012,3024100,10619320683.0,3511.56,5.35
Armenia,ARM,Asia,Asia,Western Asia,2013,3022000,11121464437.0,3680.17,3.37
Armenia,ARM,Asia,Asia,Western Asia,2014,3013800,11609513247.0,3852.12,2.31
Armenia,ARM,Asia,Asia,Western Asia,2015,3004600,10553337518.0,3512.39,1.21
Armenia,ARM,Asia,Asia,Western Asia,2016,2992300,10546136236.0,3524.42,0.27
Armenia,ARM,Asia,Asia,Western Asia,2017,2979400,11527458709.0,3869.05,2.15
Armenia,ARM,Asia,Asia,Western Asia,2018,2969000,12457940695.0,4196.01,2.79
Armenia,ARM,Asia,Asia,Western Asia,2019,2962500,13619290539.0,4597.23,1.07
Armenia,ARM,Asia,Asia,Western Asia,2020,2961500,12641698583.0,4268.68,1.81
Armenia,ARM,Asia,Asia,Western Asia,2021,2962300,13878908629.0,4685.18,6.9
Armenia,ARM,Asia,Asia,Western Asia,2022,2969200,19513474648.0,6571.96,7.99
Aruba,ABW,North America,Americas,Latin America and the Caribbean,2000,90588,1873452514.0,20681.02,1.04
Aruba,ABW,North America,Americas,Latin America and the Caribbean,2001,91439,1896456983.0,20740.13,-2.84
Aruba,ABW,North America,Americas,Latin America and the Caribbean,2002,92074,1961843575.0,21307.25,4.43
Aruba,ABW,North America,Americas,Latin America and the Caribbean,2003,93128,2044111732.0,21949.49,3.05
Aruba,ABW,North America,Americas,Latin America and the Caribbean,2004,95138,2254830726.0,23700.63,2.81
Aruba,ABW,North America,Americas,Latin America and the Caribbean,2005,97635,2360017318.0,24171.84,5.07
Aruba,ABW,North America,Americas,Latin America and the Caribbean,2006,99405,2469782682.0,24845.66,3.48
Aruba,ABW,North America,Americas,Latin America and the Caribbean,2007,100150,2677641341.0,26736.31,5.17
Aruba,ABW,North America,Americas,Latin America and the Caribbean,2008,100917,2843024581.0,28171.91,4.26
Aruba,ABW,North America,Americas,Latin America and the Caribbean,2009,101604,2553793296.0,25134.77,1.7
Aruba,ABW,North America,Americas,Latin America and the Caribbean,2010,101838,2453597207.0,24093.14,-1.22
Aruba,ABW,North America,Americas,Latin America and the Caribbean,2011,102591,2637859218.0,25712.38,4.01
Aruba,ABW,North America,Americas,Latin America and the Caribbean,2012,104110,2615208380.0,25119.67,0.18
Aruba,ABW,North America,Americas,Latin America and the Caribbean,2013,105675,2727849721.0,25813.58,-2.0
Aruba,ABW,North America,Americas,Latin America and the Caribbean,2014,106807,2790849721.0,26129.84,3.96
Aruba,ABW,North America,Americas,Latin America and the Caribbean,2015,107906,2962907263.0,27458.23,6.83
Aruba,ABW,North America,Americas,Latin America and the Caribbean,2016,108727,2983635196.0,27441.53,-1.0
Aruba,ABW,North America,Americas,Latin America and the Caribbean,2017,108735,3092429050.0,28440.05,-3.18
Aruba,ABW,North America,Americas,Latin America and the Caribbean,2018,108908,3276184358.0,30082.13,3.46
Aruba,ABW,North America,Americas,Latin America and the Caribbean,2019,109203,3395798883.0,31096.21,6.02
Aruba,ABW,North America,Americas,Latin America and the Caribbean,2020,108587,2558906304.0,23565.49,-0.95
Aruba,ABW,North America,Americas,Latin America and the Caribbean,2021,107700,3103184102.0,28813.22,-4.91
Aruba,ABW,North America,Americas,Latin America and the Caribbean,2022,107310,3544707788.0,33032.41,3.16
Australia,AUS,Oceania,Oceania,Australia and New Zealand,2000,19028802,416167815093.0,21870.42,2.55
Australia,AUS,Oceania,Oceania,Australia and New Zealand,2001,19274701,379629301675.0,19695.73,4.63
Australia,AUS,Oceania,Oceania,Australia and New Zealand,2002,19495210,395788696012.0,20301.84,2.84
Australia,AUS,Oceania,Oceania,Australia and New Zealand,2003,19720737,467739079790.0,23718.13,2.99
Australia,AUS,Oceania,Oceania,Australia and New Zealand,2004,19932722,614659980083.0,30836.73,3.23
Australia,AUS,Oceania,Oceania,Australia and New Zealand,2005,20176844,695692898677.0,34479.77,3.83
Australia,AUS,Oceania,Oceania,Australia and New Zealand,2006,20450966,748417562770.0,36595.71,5.12
Australia,AUS,Oceania,Oceania,Australia and New Zealand,2007,20827622,855007458585.0,41051.61,4.99
Australia,AUS,Oceania,Oceania,Australia and New Zealand,2008,21249199,1056112427190.0,49701.28,4.57
Australia,AUS,Oceania,Oceania,Australia and New Zealand,2009,21691653,928762122698.0,42816.57,4.95
Australia,AUS,Oceania,Oceania,Australia and New Zealand,2010,22031750,1148890200292.0,52147.02,1.15
Australia,AUS,Oceania,Oceania,Australia and New Zealand,2011,22340024,1398701323030.0,62609.66,6.2
Australia,AUS,Oceania,Oceania,Australia and New Zealand,2012,22733465,1547649835733.0,68078.04,1.81
Australia,AUS,Oceania,Oceania,Australia and New Zealand,2013,23128129,1577301840200.0,68198.42,-0.16
Australia,AUS,Oceania,Oceania,Australia and New Zealand,2014,23475686,1468597690006.0,62558.24,1.41
Australia,AUS,Oceania,Oceania,Australia and New Zealand,2015,23815995,1351768945139.0,56758.87,-0.62
Australia,AUS,Oceania,Oceania,Australia and New Zealand,2016,24190907,1207580901579.0,49918.79,-0.66
Australia,AUS,Oceania,Oceania,Australia and New Zealand,2017,24592588,1326882104817.0,53954.55,3.65
Australia,AUS,Oceania,Oceania,Australia and New Zealand,2018,24963258,1429733668186.0,57273.52,1.87
Australia,AUS,Oceania,Oceania,Australia and New Zealand,2019,25334826,1394671325961.0,55049.57,3.47
Australia,AUS,Oceania,Oceania,Australia and New Zealand,2020,25649248,1330381544909.0,51868.25,1.89
Australia,AUS,Oceania,Oceania,Australia and New Zealand,2021,25685412,1559033756285.0,60697.25,3.08
Australia,AUS,Oceania,Oceania,Australia and New Zealand,2022,26018721,1692956646856.0,65066.87,7.18
Austria,AUT,Europe,Europe,Western Europe,2000,8011566,197289625480.0,24625.6,1.37
Austria,AUT,Europe,Europe,Western Europe,2001,8042293,197508773215.0,24558.76,1.94
Austria,AUT,Europe,Europe,Western Europe,2002,8081957,214394866675.0,26527.59,1.1
Austria,AUT,Europe,Europe,Western Europe,2003,8121423,262273631180.0,32294.05,1.27
Austria,AUT,Europe,Europe,Western Europe,2004,8171966,301457562039.0,36889.23,1.73
Austria,AUT,Europe,Europe,Western Europe,2005,8227829,316092273276.0,38417.46,2.53
Austria,AUT,Europe,Europe,Western Europe,2006,8268641,336280064332.0,40669.33,2.04
Austria,AUT,Europe,Europe,Western Europe,2007,8295487,389185571506.0,46915.34,2.26
Austria,AUT,Europe,Europe,Western Europe,2008,8321496,432051935643.0,51919.98,1.93
Austria,AUT,Europe,Europe,Western Europe,2009,8343323,401758735822.0,48153.32,1.74
Austria,AUT,Europe,Europe,Western Europe,2010,8363404,392275107259.0,46903.76,0.89
Austria,AUT,Europe,Europe,Western Europe,2011,8391643,431685217368.0,51442.28,1.82
Austria,AUT,Europe,Europe,Western Europe,2012,8429991,409401816051.0,48564.92,2.09
Austria,AUT,Europe,Europe,Western Europe,2013,8479823,430190979706.0,50731.13,1.71
Austria,AUT,Europe,Europe,Western Europe,2014,8546356,442584815286.0,51786.38,2.01
Austria,AUT,Europe,Europe,Western Europe,2015,8642699,381971148531.0,44195.82,2.29
Austria,AUT,Europe,Europe,Western Europe,2016,8736668,395837353031.0,45307.59,1.81
Austria,AUT,Europe,Europe,Western Europe,2017,8797566,417261151845.0,47429.16,0.98
Austria,AUT,Europe,Europe,Western Europe,2018,8840521,454991174096.0,51466.56,1.81
Austria,AUT,Europe,Europe,Western Europe,2019,8879920,444596155845.0,50067.59,1.47
Austria,AUT,Europe,Europe,Western Europe,2020,8916864,435049316956.0,48789.5,2.59
Austria,AUT,Europe,Europe,Western Europe,2021,8955797,479295362747.0,53517.89,1.93
Austria,AUT,Europe,Europe,Western Europe,2022,9041851,470941926751.0,52084.68,4.75
Azerbaijan,AZE,Asia,Asia,Western Asia,2000,8048600,5272615723.0,655.1,12.49
Azerbaijan,AZE,Asia,Asia,Western Asia,2001,8111200,5707616204.0,703.67,2.52
Azerbaijan,AZE,Asia,Asia,Western Asia,2002,8171950,6236087738.0,763.11,4.21
Azerbaijan,AZE,Asia,Asia,Western Asia,2003,8234100,7276413079.0,883.69,6.96
Azerbaijan,AZE,Asia,Asia,Western Asia,2004,8306500,8680405741.0,1045.01,9.25
Azerbaijan,AZE,Asia,Asia,Western Asia,2005,8391850,13245421881.0,1578.37,14.72
Azerbaijan,AZE,Asia,Asia,Western Asia,2006,8484550,20981929498.0,2472.96,11.3
Azerbaijan,AZE,Asia,Asia,Western Asia,2007,8581300,33049419431.0,3851.33,21.03
Azerbaijan,AZE,Asia,Asia,Western Asia,2008,8763400,48851293785.0,5574.47,27.78
Azerbaijan,AZE,Asia,Asia,Western Asia,2009,8947243,44292427185.0,4950.4,-18.84
Azerbaijan,AZE,Asia,Asia,Western Asia,2010,9054332,52909294792.0,5843.53,13.55
Azerbaijan,AZE,Asia,Asia,Western Asia,2011,9173082,65952796428.0,7189.82,22.52
Azerbaijan,AZE,Asia,Asia,Western Asia,2012,9295784,69679944504.0,7495.87,2.88
Azerbaijan,AZE,Asia,Asia,Western Asia,2013,9416801,74160560124.0,7875.35,0.45
Azerbaijan,AZE,Asia,Asia,Western Asia,2014,9535079,75239785452.0,7890.84,-1.28
Azerbaijan,AZE,Asia,Asia,Western Asia,2015,9649341,53076235355.0,5500.5,-8.85
Azerbaijan,AZE,Asia,Asia,Western Asia,2016,9757812,37866996883.0,3880.69,14.67
Azerbaijan,AZE,Asia,Asia,Western Asia,2017,9854033,40866627352.0,4147.2,16.17
Azerbaijan,AZE,Asia,Asia,Western Asia,2018,9939771,47112470052.0,4739.79,12.18
Azerbaijan,AZE,Asia,Asia,Western Asia,2019,10024283,48174235294.0,4805.75,-0.24
Azerbaijan,AZE,Asia,Asia,Western Asia,2020,10093121,42693000000.0,4229.91,-7.4
Azerbaijan,AZE,Asia,Asia,Western Asia,2021,10137750,54825411765.0,5408.05,21.59
Azerbaijan,AZE,Asia,Asia,Western Asia,2022,10141756,78807470588.0,7770.59,37.27
"Bahamas, The",BHS,North America,Americas,Latin America and the Caribbean,2000,323835,8076470000.0,24940.08,0.92
"Bahamas, The",BHS,North America,Americas,Latin America and the Caribbean,2001,327836,8317830000.0,25371.92,0.35
"Bahamas, The",BHS,North America,Americas,Latin America and the Caribbean,2002,331614,8881160000.0,26781.62,3.96
"Bahamas, The",BHS,North America,Americas,Latin America and the Caribbean,2003,335618,8870090000.0,26429.12,1.15
"Bahamas, The",BHS,North America,Americas,Latin America and the Caribbean,2004,339782,9055290000.0,26650.29,1.19
"Bahamas, The",BHS,North America,Americas,Latin America and the Caribbean,2005,343894,9836200000.0,28602.42,5.06
"Bahamas, The",BHS,North America,Americas,Latin America and the Caribbean,2006,348375,10167250000.0,29184.79,0.83
"Bahamas, The",BHS,North America,Americas,Latin America and the Caribbean,2007,353334,10618340000.0,30051.85,2.95
"Bahamas, The",BHS,North America,Americas,Latin America and the Caribbean,2008,358120,10526000000.0,29392.38,1.49
"Bahamas, The",BHS,North America,Americas,Latin America and the Caribbean,2009,362810,9981960000.0,27512.91,-1.04
"Bahamas, The",BHS,North America,Americas,Latin America and the Caribbean,2010,367478,10095760000.0,27473.1,-0.39
"Bahamas, The",BHS,North America,Americas,Latin America and the Caribbean,2011,371729,10070450000.0,27090.84,-0.86
"Bahamas, The",BHS,North America,Americas,Latin America and the Caribbean,2012,375469,10720500000.0,28552.29,3.36
"Bahamas, The",BHS,North America,Americas,Latin America and the Caribbean,2013,378953,10395800000.0,27432.95,-0.17
"Bahamas, The",BHS,North America,Americas,Latin America and the Caribbean,2014,382298,10974100000.0,28705.62,3.65
"Bahamas, The",BHS,North America,Americas,Latin America and the Caribbean,2015,385346,11671900000.0,30289.4,5.31
"Bahamas, The",BHS,North America,Americas,Latin America and the Caribbean,2016,388055,11745100000.0,30266.59,1.6
"Bahamas, The",BHS,North America,Americas,Latin America and the Caribbean,2017,390485,12236700000.0,31337.18,1.35
"Bahamas, The",BHS,North America,Americas,Latin America and the Caribbean,2018,392717,12615800000.0,32124.41,0.46
"Bahamas, The",BHS,North America,Americas,Latin America and the Caribbean,2019,394675,13016200000.0,32979.54,4.59
"Bahamas, The",BHS,North America,Americas,Latin America and the Caribbean,2020,395863,9958200000.0,25155.67,-2.63
"Bahamas, The",BHS,North America,Americas,Latin America and the Caribbean,2021,396373,11368900000.0,28682.33,-1.07
"Bahamas, The",BHS,North America,Americas,Latin America and the Caribbean,2022,397538,13136400000.0,33044.39,4.3
Bahrain,BHR,Asia,Asia,Western Asia,2000,637582,9062898936.0,14214.48,14.32
Bahrain,BHR,Asia,Asia,Western Asia,2001,661316,8976196809.0,13573.23,-3.36
Bahrain,BHR,Asia,Asia,Western Asia,2002,710553,9593510638.0,13501.47,3.41
Bahrain,BHR,Asia,Asia,Western Asia,2003,764517,11074813830.0,14486.03,8.6
Bahrain,BHR,Asia,Asia,Western Asia,2004,823741,13150159574.0,15963.95,10.99
Bahrain,BHR,Asia,Asia,Western Asia,2005,888822,15968723404.0,17966.17,13.73
Bahrain,BHR,Asia,Asia,Western Asia,2006,960424,18504760638.0,19267.28,8.84
Bahrain,BHR,Asia,Asia,Western Asia,2007,1039295,21730000000.0,20908.4,8.44
Bahrain,BHR,Asia,Asia,Western Asia,2008,1103496,25710904255.0,23299.5,11.37
Bahrain,BHR,Asia,Asia,Western Asia,2009,1178415,22938218085.0,19465.31,-12.99
Bahrain,BHR,Asia,Asia,Western Asia,2010,1228543,25713271277.0,20929.89,12.01
Bahrain,BHR,Asia,Asia,Western Asia,2011,1195020,28776595745.0,24080.43,9.49
Bahrain,BHR,Asia,Asia,Western Asia,2012,1208964,30749308511.0,25434.43,2.93
Bahrain,BHR,Asia,Asia,Western Asia,2013,1253191,32539468085.0,25965.29,0.5
Bahrain,BHR,Asia,Asia,Western Asia,2014,1314562,33387712766.0,25398.36,-1.44
Bahrain,BHR,Asia,Asia,Western Asia,2015,1370322,31125851064.0,22714.26,-8.76
Bahrain,BHR,Asia,Asia,Western Asia,2016,1423726,32250132979.0,22651.92,0.36
Bahrain,BHR,Asia,Asia,Western Asia,2017,1501116,35423643617.0,23598.21,4.62
Bahrain,BHR,Asia,Asia,Western Asia,2018,1503091,37802005319.0,25149.51,4.21
Bahrain,BHR,Asia,Asia,Western Asia,2019,1483756,38653318085.0,26050.99,0.16
Bahrain,BHR,Asia,Asia,Western Asia,2020,1472204,34621807713.0,23516.99,-5.83
Bahrain,BHR,Asia,Asia,Western Asia,2021,1504365,39288670213.0,26116.45,9.21
Bahrain,BHR,Asia,Asia,Western Asia,2022,1524693,44383297872.0,29109.66,7.85
Bangladesh,BGD,Asia,Asia,Southern Asia,2000,134544304,53369787319.0,396.67,3.45
Bangladesh,BGD,Asia,Asia,Southern Asia,2001,136805810,53991289844.0,394.66,3.26
Bangladesh,BGD,Asia,Asia,Southern Asia,2002,138933658,54724081491.0,393.89,3.89
Bangladesh,BGD,Asia,Asia,Southern Asia,2003,140970351,60158929188.0,426.75,5.82
Bangladesh,BGD,Asia,Asia,Southern Asia,2004,142902856,65108544250.0,455.61,4.56
Bangladesh,BGD,Asia,Asia,Southern Asia,2005,144715786,69476001430.0,480.09,4.59
Bangladesh,BGD,Asia,Asia,Southern Asia,2006,146405973,71795735672.0,490.39,5.88
Bangladesh,BGD,Asia,Asia,Southern Asia,2007,147989278,79611644984.0,537.96,6.47
Bangladesh,BGD,Asia,Asia,Southern Asia,2008,149474264,91636997445.0,613.06,7.86
Bangladesh,BGD,Asia,Asia,Southern Asia,2009,150873714,102475158463.0,679.21,6.76
Bangladesh,BGD,Asia,Asia,Southern Asia,2010,152201981,115275540861.0,757.39,7.14
Bangladesh,BGD,Asia,Asia,Southern Asia,2011,153591076,128607482927.0,837.34,7.86
Bangladesh,BGD,Asia,Asia,Southern Asia,2012,155070101,133310747048.0,859.68,8.16
Bangladesh,BGD,Asia,Asia,Southern Asia,2013,156532141,149998957327.0,958.26,7.17
Bangladesh,BGD,Asia,Asia,Southern Asia,2014,157964929,172886611131.0,1094.46,5.67
Bangladesh,BGD,Asia,Asia,Southern Asia,2015,159383179,195146607942.0,1224.39,5.87
Bangladesh,BGD,Asia,Asia,Southern Asia,2016,160811932,265224514653.0,1649.28,27.85
Bangladesh,BGD,Asia,Asia,Southern Asia,2017,162186147,293732447017.0,1811.08,5.05
Bangladesh,BGD,Asia,Asia,Southern Asia,2018,163523103,321362751138.0,1965.24,5.81
Bangladesh,BGD,Asia,Asia,Southern Asia,2019,164913055,351231655151.0,2129.8,3.66
Bangladesh,BGD,Asia,Asia,Southern Asia,2020,166298024,373979442653.0,2248.85,3.84
Bangladesh,BGD,Asia,Asia,Southern Asia,2021,167658854,416271647002.0,2482.85,4.12
Bangladesh,BGD,Asia,Asia,Southern Asia,2022,169384897,460131688909.0,2716.49,5.05
Barbados,BRB,North America,Americas,Latin America and the Caribbean,2000,262063,3059500000.0,11674.67,-1.32
Barbados,BRB,North America,Americas,Latin America and the Caribbean,2001,262425,3054500000.0,11639.52,2.26
Barbados,BRB,North America,Americas,Latin America and the Caribbean,2002,264148,3106500000.0,11760.45,0.91
Barbados,BRB,North America,Americas,Latin America and the Caribbean,2003,265776,3209500000.0,12075.96,1.12
Barbados,BRB,North America,Americas,Latin America and the Caribbean,2004,267298,3444500000.0,12886.37,5.83
Barbados,BRB,North America,Americas,Latin America and the Caribbean,2005,268706,3819500000.0,14214.42,6.67
Barbados,BRB,North America,Americas,Latin America and the Caribbean,2006,270002,4217323400.0,15619.6,4.1
Barbados,BRB,North America,Americas,Latin America and the Caribbean,2007,271288,4675767950.0,17235.44,8.61
Barbados,BRB,North America,Americas,Latin America and the Caribbean,2008,272714,4790410400.0,17565.69,1.81
Barbados,BRB,North America,Americas,Latin America and the Caribbean,2009,274123,4466809600.0,16294.91,-1.83
Barbados,BRB,North America,Americas,Latin America and the Caribbean,2010,275243,4534772750.0,16475.52,18.85
Barbados,BRB,North America,Americas,Latin America and the Caribbean,2011,276139,4662343500.0,16884.05,3.67
Barbados,BRB,North America,Americas,Latin America and the Caribbean,2012,276938,4622687600.0,16692.14,-1.02
Barbados,BRB,North America,Americas,Latin America and the Caribbean,2013,277665,4693452700.0,16903.29,2.74
Barbados,BRB,North America,Americas,Latin America and the Caribbean,2014,278348,4711838650.0,16927.87,0.01
Barbados,BRB,North America,Americas,Latin America and the Caribbean,2015,278990,4738650450.0,16985.02,-0.61
Barbados,BRB,North America,Americas,Latin America and the Caribbean,2016,279598,4848210350.0,17339.93,-0.97
Barbados,BRB,North America,Americas,Latin America and the Caribbean,2017,280171,5000457800.0,17847.88,3.37
Barbados,BRB,North America,Americas,Latin America and the Caribbean,2018,280711,5128345200.0,18269.13,3.25
Barbados,BRB,North America,Americas,Latin America and the Caribbean,2019,281207,5367139250.0,19086.08,2.15
Barbados,BRB,North America,Americas,Latin America and the Caribbean,2020,281698,4779756550.0,16967.66,5.11
Barbados,BRB,North America,Americas,Latin America and the Caribbean,2021,282147,4945276000.0,17527.3,2.33
Barbados,BRB,North America,Americas,Latin America and the Caribbean,2022,282318,5840673700.0,20688.28,0.66
Belarus,BLR,Europe,Europe,Eastern Europe,2000,9979610,12736780455.0,1276.28,185.29
Belarus,BLR,Europe,Europe,Eastern Europe,2001,9928549,12354820144.0,1244.37,79.53
Belarus,BLR,Europe,Europe,Eastern Europe,2002,9865548,14594900945.0,1479.38,44.89
Belarus,BLR,Europe,Europe,Eastern Europe,2003,9796749,17825444724.0,1819.53,30.69
Belarus,BLR,Europe,Europe,Eastern Europe,2004,9730146,23141566293.0,2378.34,22.68
Belarus,BLR,Europe,Europe,Eastern Europe,2005,9663915,30210091837.0,3126.07,18.97
Belarus,BLR,Europe,Europe,Eastern Europe,2006,9604924,36961894281.0,3848.22,10.75
Belarus,BLR,Europe,Europe,Eastern Europe,2007,9560953,45275711996.0,4735.48,12.87
Belarus,BLR,Europe,Europe,Eastern Europe,2008,9527985,60752106347.0,6376.18,21.21
Belarus,BLR,Europe,Europe,Eastern Europe,2009,9504583,50873167326.0,5352.49,9.26
Belarus,BLR,Europe,Europe,Eastern Europe,2010,9483836,57231904543.0,6034.68,11.34
Belarus,BLR,Europe,Europe,Eastern Europe,2011,9461643,61762382328.0,6527.66,70.76
Belarus,BLR,Europe,Europe,Eastern Europe,2012,9446836,65685890439.0,6953.22,75.24
Belarus,BLR,Europe,Europe,Eastern Europe,2013,9443211,75527558966.0,7998.08,21.26
Belarus,BLR,Europe,Europe,Eastern Europe,2014,9448515,78812805039.0,8341.29,18.19
Belarus,BLR,Europe,Europe,Eastern Europe,2015,9461076,56454889147.0,5967.07,16.02
Belarus,BLR,Europe,Europe,Eastern Europe,2016,9469379,47723545321.0,5039.78,8.34
Belarus,BLR,Europe,Europe,Eastern Europe,2017,9458989,54725302250.0,5785.53,8.62
Belarus,BLR,Europe,Europe,Eastern Europe,2018,9438785,60031173808.0,6360.05,12.14
Belarus,BLR,Europe,Europe,Eastern Europe,2019,9419758,64410122847.0,6837.77,8.58
Belarus,BLR,Europe,Europe,Eastern Europe,2020,9379952,61371755326.0,6542.86,11.88
Belarus,BLR,Europe,Europe,Eastern Europe,2021,9302585,69673747132.0,7489.72,15.33
Belarus,BLR,Europe,Europe,Eastern Europe,2022,9228071,73775179925.0,7994.65,14.88
Belgium,BEL,Europe,Europe,Western Europe,2000,10251250,236792460312.0,23098.89,2.01
Belgium,BEL,Europe,Europe,Western Europe,2001,10286570,236746141604.0,23015.07,1.98
Belgium,BEL,Europe,Europe,Western Europe,2002,10332785,258383599375.0,25006.19,1.64
Belgium,BEL,Europe,Europe,Western Europe,2003,10376133,318082528507.0,30655.21,1.85
Belgium,BEL,Europe,Europe,Western Europe,2004,10421137,369214712443.0,35429.41,1.91
Belgium,BEL,Europe,Europe,Western Europe,2005,10478617,385714762230.0,36809.7,2.08
Belgium,BEL,Europe,Europe,Western Europe,2006,10547958,408259840869.0,38705.11,2.26
Belgium,BEL,Europe,Europe,Western Europe,2007,10625700,470922156309.0,44319.17,1.93
Belgium,BEL,Europe,Europe,Western Europe,2008,10709973,517328087920.0,48303.4,1.91
Belgium,BEL,Europe,Europe,Western Europe,2009,10796493,483254171098.0,44760.29,0.78
Belgium,BEL,Europe,Europe,Western Europe,2010,10895586,481420882905.0,44184.95,1.7
Belgium,BEL,Europe,Europe,Western Europe,2011,11038264,523330354138.0,47410.57,2.29
Belgium,BEL,Europe,Europe,Western Europe,2012,11106932,496152879925.0,44670.56,2.21
Belgium,BEL,Europe,Europe,Western Europe,2013,11159407,521791015247.0,46757.95,1.41
Belgium,BEL,Europe,Europe,Western Europe,2014,11209057,535390200131.0,47764.07,0.84
Belgium,BEL,Europe,Europe,Western Europe,2015,11274196,462335574841.0,41008.3,1.12
Belgium,BEL,Europe,Europe,Western Europe,2016,11331422,476062757357.0,42012.62,1.9
Belgium,BEL,Europe,Europe,Western Europe,2017,11375158,502764720556.0,44198.48,1.98
Belgium,BEL,Europe,Europe,Western Europe,2018,11427054,543299066999.0,47544.98,1.72
Belgium,BEL,Europe,Europe,Western Europe,2019,11488980,535865804350.0,46641.72,1.85
Belgium,BEL,Europe,Europe,Western Europe,2020,11538604,526021513474.0,45587.97,1.6
Belgium,BEL,Europe,Europe,Western Europe,2021,11586195,600904461226.0,51863.83,2.74
Belgium,BEL,Europe,Europe,Western Europe,2022,11680210,583613982019.0,49966.05,6.84
Belize,BLZ,North America,Americas,Latin America and the Caribbean,2000,240799,1134756761.0,4712.46,1.44
Belize,BLZ,North America,Americas,Latin America and the Caribbean,2001,248379,1168127974.0,4703.01,-1.92
Belize,BLZ,North America,Americas,Latin America and the Caribbean,2002,256009,1240059540.0,4843.81,0.69
Belize,BLZ,North America,Americas,Latin America and the Caribbean,2003,263780,1303381861.0,4941.17,-4.11
Belize,BLZ,North America,Americas,Latin America and the Caribbean,2004,271688,1394273991.0,5131.89,2.14
Belize,BLZ,North America,Americas,Latin America and the Caribbean,2005,279731,1468145956.0,5248.42,3.0
Belize,BLZ,North America,Americas,Latin America and the Caribbean,2006,287878,1584207353.0,5503.05,3.22
Belize,BLZ,North America,Americas,Latin America and the Caribbean,2007,296100,1699214299.0,5738.65,3.81
Belize,BLZ,North America,Americas,Latin America and the Caribbean,2008,304361,1731921564.0,5690.35,3.61
Belize,BLZ,North America,Americas,Latin America and the Caribbean,2009,312614,1681473348.0,5378.75,-2.52
Belize,BLZ,North America,Americas,Latin America and the Caribbean,2010,320245,1739070295.0,5430.44,2.25
Belize,BLZ,North America,Americas,Latin America and the Caribbean,2011,327298,1818831938.0,5557.11,4.92
Belize,BLZ,North America,Americas,Latin America and the Caribbean,2012,334414,1899503250.0,5680.09,0.74
Belize,BLZ,North America,Americas,Latin America and the Caribbean,2013,341627,2021757434.0,5918.03,1.92
Belize,BLZ,North America,Americas,Latin America and the Caribbean,2014,348923,2125125606.0,6090.53,1.11
Belize,BLZ,North America,Americas,Latin America and the Caribbean,2015,356333,2194709309.0,6159.15,-0.3
Belize,BLZ,North America,Americas,Latin America and the Caribbean,2016,364705,2240593543.0,6143.58,2.09
Belize,BLZ,North America,Americas,Latin America and the Caribbean,2017,373202,2266664817.0,6073.56,3.03
Belize,BLZ,North America,Americas,Latin America and the Caribbean,2018,380226,2292787336.0,6030.06,0.08
Belize,BLZ,North America,Americas,Latin America and the Caribbean,2019,385829,2386792476.0,6186.14,-0.12
Belize,BLZ,North America,Americas,Latin America and the Caribbean,2020,390812,2047727810.0,5239.67,-0.65
Belize,BLZ,North America,Americas,Latin America and the Caribbean,2021,395346,2424575179.0,6132.79,0.63
Belize,BLZ,North America,Americas,Latin America and the Caribbean,2022,402733,2830507576.0,7028.25,7.25
Benin,BEN,Africa,Africa,Sub-Saharan Africa,2000,7221619,3519991440.0,487.42,4.34
Benin,BEN,Africa,Africa,Sub-Saharan Africa,2001,7445596,3666222635.0,492.4,1.97
Benin,BEN,Africa,Africa,Sub-Saharan Africa,2002,7675426,4194342686.0,546.46,3.55
Benin,BEN,Africa,Africa,Sub-Saharan Africa,2003,7913070,5349258094.0,676.0,3.06
Benin,BEN,Africa,Africa,Sub-Saharan Africa,2004,8159094,6190270380.0,758.7,0.77
Benin,BEN,Africa,Africa,Sub-Saharan Africa,2005,8426144,6567654954.0,779.44,4.29
Benin,BEN,Africa,Africa,Sub-Saharan Africa,2006,8693242,7034111315.0,809.15,2.09
Benin,BEN,Africa,Africa,Sub-Saharan Africa,2007,8953969,8169048383.0,912.34,0.39
Benin,BEN,Africa,Africa,Sub-Saharan Africa,2008,9228466,9787734526.0,1060.6,6.43
Benin,BEN,Africa,Africa,Sub-Saharan Africa,2009,9509423,9738626517.0,1024.1,2.54
Benin,BEN,Africa,Africa,Sub-Saharan Africa,2010,9797484,9535345016.0,973.24,0.88
Benin,BEN,Africa,Africa,Sub-Saharan Africa,2011,10093623,10693321364.0,1059.41,3.73
Benin,BEN,Africa,Africa,Sub-Saharan Africa,2012,10397657,11141358116.0,1071.53,7.7
Benin,BEN,Africa,Africa,Sub-Saharan Africa,2013,10708834,12517845124.0,1168.93,1.4
Benin,BEN,Africa,Africa,Sub-Saharan Africa,2014,11030004,13284527847.0,1204.4,-0.25
Benin,BEN,Africa,Africa,Sub-Saharan Africa,2015,11360681,11388160997.0,1002.42,0.85
Benin,BEN,Africa,Africa,Sub-Saharan Africa,2016,11697842,11821065853.0,1010.53,0.68
Benin,BEN,Africa,Africa,Sub-Saharan Africa,2017,12039780,12701655837.0,1054.97,-0.37
Benin,BEN,Africa,Africa,Sub-Saharan Africa,2018,12383347,14262408090.0,1151.74,0.67
Benin,BEN,Africa,Africa,Sub-Saharan Africa,2019,12726755,14390708751.0,1130.74,-0.4
Benin,BEN,Africa,Africa,Sub-Saharan Africa,2020,13070169,15686741884.0,1200.19,2.88
Benin,BEN,Africa,Africa,Sub-Saharan Africa,2021,13413417,17687623530.0,1318.65,1.62
Benin,BEN,Africa,Africa,Sub-Saharan Africa,2022,13759501,17425418044.0,1266.43,4.14
Bermuda,BMU,North America,Americas,Northern America,2000,61550,3480219000.0,56542.96,-4.24
Bermuda,BMU,North America,Americas,Northern America,2001,61867,3680483000.0,59490.25,-1.37
Bermuda,BMU,North America,Americas,Northern America,2002,62142,3937228000.0,63358.57,8.58
Bermuda,BMU,North America,Americas,Northern America,2003,62386,4186525000.0,67106.8,2.82
Bermuda,BMU,North America,Americas,Northern America,2004,62555,4484703000.0,71692.16,4.69
Bermuda,BMU,North America,Americas,Northern America,2005,62711,4868136000.0,77628.1,6.76
Bermuda,BMU,North America,Americas,Northern America,2006,62834,6144000000.0,97781.46,19.58
Bermuda,BMU,North America,Americas,Northern America,2007,63010,6767000000.0,107395.65,6.57
Bermuda,BMU,North America,Americas,Northern America,2008,63300,6980000000.0,110268.56,5.11
Bermuda,BMU,North America,Americas,Northern America,2009,63565,6656000000.0,104711.71,1.04
Bermuda,BMU,North America,Americas,Northern America,2010,63725,6634526000.0,104111.82,2.24
Bermuda,BMU,North America,Americas,Northern America,2011,63733,6312691000.0,99049.02,-1.15
Bermuda,BMU,North America,Americas,Northern America,2012,63646,6378188000.0,100213.49,6.7
Bermuda,BMU,North America,Americas,Northern America,2013,63574,6465756000.0,101704.41,1.66
Bermuda,BMU,North America,Americas,Northern America,2014,63529,6413988000.0,100961.58,3.01
Bermuda,BMU,North America,Americas,Northern America,2015,63464,6654541000.0,104855.37,2.95
Bermuda,BMU,North America,Americas,Northern America,2016,63449,6899911000.0,108747.36,4.37
Bermuda,BMU,North America,Americas,Northern America,2017,63578,7142316000.0,112339.43,-0.09
Bermuda,BMU,North America,Americas,Northern America,2018,63831,7225977000.0,113204.82,1.61
Bermuda,BMU,North America,Americas,Northern America,2019,64107,7423465000.0,115798.04,2.42
Bermuda,BMU,North America,Americas,Northern America,2020,64382,6887147000.0,106973.18,-0.41
Bermuda,BMU,North America,Americas,Northern America,2021,64648,7286607000.0,112712.03,0.36
Bermuda,BMU,North America,Americas,Northern America,2022,64749,7827980000.0,120897.31,0.94
Bhutan,BTN,Asia,Asia,Southern Asia,2000,596863,460733418.0,771.92,16.53
Bhutan,BTN,Asia,Asia,Southern Asia,2001,610794,496110226.0,812.24,5.34
Bhutan,BTN,Asia,Asia,Southern Asia,2002,624409,559345264.0,895.8,5.17
Bhutan,BTN,Asia,Asia,Southern Asia,2003,637663,651935430.0,1022.38,3.62
Bhutan,BTN,Asia,Asia,Southern Asia,2004,650544,735348490.0,1130.36,4.35
Bhutan,BTN,Asia,Asia,Southern Asia,2005,661865,860391000.0,1299.95,6.48
Bhutan,BTN,Asia,Asia,Southern Asia,2006,670799,942879879.0,1405.61,6.58
Bhutan,BTN,Asia,Asia,Southern Asia,2007,678641,1255767964.0,1850.42,4.69
Bhutan,BTN,Asia,Asia,Southern Asia,2008,686351,1317517835.0,1919.6,5.61
Bhutan,BTN,Asia,Asia,Southern Asia,2009,693988,1331343798.0,1918.4,4.42
Bhutan,BTN,Asia,Asia,Southern Asia,2010,701632,1673464261.0,2385.1,8.33
Bhutan,BTN,Asia,Asia,Southern Asia,2011,709377,1938441289.0,2732.6,8.88
Bhutan,BTN,Asia,Asia,Southern Asia,2012,717279,1939730676.0,2704.29,8.64
Bhutan,BTN,Asia,Asia,Southern Asia,2013,725273,1913162477.0,2637.85,6.16
Bhutan,BTN,Asia,Asia,Southern Asia,2014,733139,2057330873.0,2806.19,5.72
Bhutan,BTN,Asia,Asia,Southern Asia,2015,740618,2154921011.0,2909.63,3.21
Bhutan,BTN,Asia,Asia,Southern Asia,2016,747866,2322730512.0,3105.81,4.05
Bhutan,BTN,Asia,Asia,Southern Asia,2017,754335,2591358115.0,3435.29,4.35
Bhutan,BTN,Asia,Asia,Southern Asia,2018,759759,2583335723.0,3400.2,1.15
Bhutan,BTN,Asia,Asia,Southern Asia,2019,764824,2735683409.0,3576.88,3.11
Bhutan,BTN,Asia,Asia,Southern Asia,2020,770006,2457604042.0,3191.67,5.29
Bhutan,BTN,Asia,Asia,Southern Asia,2021,775442,2768802803.0,3570.61,7.63
Bhutan,BTN,Asia,Asia,Southern Asia,2022,780914,2898227713.0,3711.33,5.79
Bolivia,BOL,South America,Americas,Latin America and the Caribbean,2000,8606326,8397855485.0,975.78,5.2
Bolivia,BOL,South America,Americas,Latin America and the Caribbean,2001,8752736,8141516928.0,930.17,1.87
Bolivia,BOL,South America,Americas,Latin America and the Caribbean,2002,8900355,7905485146.0,888.22,2.82
Bolivia,BOL,South America,Americas,Latin America and the Caribbean,2003,9050700,8082399640.0,893.01,6.33
Bolivia,BOL,South America,Americas,Latin America and the Caribbean,2004,9204287,8773451752.0,953.19,7.97
Bolivia,BOL,South America,Americas,Latin America and the Caribbean,2005,9360754,9549122905.0,1020.12,5.94
Bolivia,BOL,South America,Americas,Latin America and the Caribbean,2006,9521689,11451844902.0,1202.71,13.66
Bolivia,BOL,South America,Americas,Latin America and the Caribbean,2007,9685960,13120108008.0,1354.55,7.37
Bolivia,BOL,South America,Americas,Latin America and the Caribbean,2008,9850858,16674276286.0,1692.67,10.38
Bolivia,BOL,South America,Americas,Latin America and the Caribbean,2009,10016275,17339992194.0,1731.18,-2.42
Bolivia,BOL,South America,Americas,Latin America and the Caribbean,2010,10182345,19649723722.0,1929.78,8.78
Bolivia,BOL,South America,Americas,Latin America and the Caribbean,2011,10348929,23963164697.0,2315.52,14.6
Bolivia,BOL,South America,Americas,Latin America and the Caribbean,2012,10515807,27084497482.0,2575.6,7.1
Bolivia,BOL,South America,Americas,Latin America and the Caribbean,2013,10682608,30659338886.0,2870.02,6.0
Bolivia,BOL,South America,Americas,Latin America and the Caribbean,2014,10848888,32996188017.0,3041.44,2.05
Bolivia,BOL,South America,Americas,Latin America and the Caribbean,2015,11014705,33000198249.0,2996.01,-4.62
Bolivia,BOL,South America,Americas,Latin America and the Caribbean,2016,11180020,33941126194.0,3035.87,-1.35
Bolivia,BOL,South America,Americas,Latin America and the Caribbean,2017,11344587,37508642171.0,3306.3,6.06
Bolivia,BOL,South America,Americas,Latin America and the Caribbean,2018,11508368,40287647931.0,3500.73,3.06
Bolivia,BOL,South America,Americas,Latin America and the Caribbean,2019,11671386,40895322851.0,3503.9,-0.69
Bolivia,BOL,South America,Americas,Latin America and the Caribbean,2020,11816299,36629843806.0,3099.94,-1.85
Bolivia,BOL,South America,Americas,Latin America and the Caribbean,2021,11937360,40406111693.0,3384.84,3.96
Bolivia,BOL,South America,Americas,Latin America and the Caribbean,2022,12077154,44008282880.0,3643.93,5.12
Bosnia and Herzegovina,BIH,Europe,Europe,Southern Europe,2000,4159771,5567772769.0,1338.48,30.33
Bosnia and Herzegovina,BIH,Europe,Europe,Southern Europe,2001,4179438,5800615466.0,1387.89,4.73
Bosnia and Herzegovina,BIH,Europe,Europe,Southern Europe,2002,4188002,6728220887.0,1606.55,5.01
Bosnia and Herzegovina,BIH,Europe,Europe,Southern Europe,2003,4178523,8498894359.0,2033.95,1.41
Bosnia and Herzegovina,BIH,Europe,Europe,Southern Europe,2004,4140987,10156541538.0,2452.69,2.16
Bosnia and Herzegovina,BIH,Europe,Europe,Southern Europe,2005,4096493,11222796337.0,2739.61,6.19
Bosnia and Herzegovina,BIH,Europe,Europe,Southern Europe,2006,4063272,12864841906.0,3166.13,7.8
Bosnia and Herzegovina,BIH,Europe,Europe,Southern Europe,2007,4013424,15778734264.0,3931.49,6.2
Bosnia and Herzegovina,BIH,Europe,Europe,Southern Europe,2008,3947544,19112796623.0,4841.69,7.34
Bosnia and Herzegovina,BIH,Europe,Europe,Southern Europe,2009,3879794,17613949091.0,4539.92,0.19
Bosnia and Herzegovina,BIH,Europe,Europe,Southern Europe,2010,3811472,17176315804.0,4506.48,1.41
Bosnia and Herzegovina,BIH,Europe,Europe,Southern Europe,2011,3741798,18644233537.0,4982.69,2.43
Bosnia and Herzegovina,BIH,Europe,Europe,Southern Europe,2012,3670113,17226735996.0,4693.79,0.8
Bosnia and Herzegovina,BIH,Europe,Europe,Southern Europe,2013,3610859,18179108531.0,5034.57,-0.22
Bosnia and Herzegovina,BIH,Europe,Europe,Southern Europe,2014,3564829,18558733564.0,5206.07,1.0
Bosnia and Herzegovina,BIH,Europe,Europe,Southern Europe,2015,3518541,16404348871.0,4662.26,1.37
Bosnia and Herzegovina,BIH,Europe,Europe,Southern Europe,2016,3473003,17116926328.0,4928.57,1.33
Bosnia and Herzegovina,BIH,Europe,Europe,Southern Europe,2017,3428682,18326373366.0,5345.02,1.78
Bosnia and Herzegovina,BIH,Europe,Europe,Southern Europe,2018,3387000,20484053869.0,6047.85,2.79
Bosnia and Herzegovina,BIH,Europe,Europe,Southern Europe,2019,3345533,20482608755.0,6122.38,2.47
Bosnia and Herzegovina,BIH,Europe,Europe,Southern Europe,2020,3299349,20226036564.0,6130.31,0.06
Bosnia and Herzegovina,BIH,Europe,Europe,Southern Europe,2021,3244907,23672712242.0,7295.34,4.96
Bosnia and Herzegovina,BIH,Europe,Europe,Southern Europe,2022,3204802,24534663636.0,7655.59,11.81
Botswana,BWA,Africa,Africa,Sub-Saharan Africa,2000,1677382,5788329609.0,3450.81,14.17
Botswana,BWA,Africa,Africa,Sub-Saharan Africa,2001,1712254,5489608300.0,3206.07,8.31
Botswana,BWA,Africa,Africa,Sub-Saharan Africa,2002,1744763,5438863983.0,3117.25,1.19
Botswana,BWA,Africa,Africa,Sub-Saharan Africa,2003,1775736,7511582173.0,4230.12,3.26
Botswana,BWA,Africa,Africa,Sub-Saharan Africa,2004,1807146,8957467707.0,4956.69,10.08
Botswana,BWA,Africa,Africa,Sub-Saharan Africa,2005,1839877,9918907108.0,5391.07,15.47
Botswana,BWA,Africa,Africa,Sub-Saharan Africa,2006,1874516,9919158482.0,5291.58,5.15
Botswana,BWA,Africa,Africa,Sub-Saharan Africa,2007,1911201,10567270656.0,5529.13,6.03
Botswana,BWA,Africa,Africa,Sub-Saharan Africa,2008,1949970,10730829116.0,5503.07,9.37
Botswana,BWA,Africa,Africa,Sub-Saharan Africa,2009,1990673,10118459242.0,5082.93,15.11
Botswana,BWA,Africa,Africa,Sub-Saharan Africa,2010,2033111,12637273429.0,6215.73,7.68
Botswana,BWA,Africa,Africa,Sub-Saharan Africa,2011,2073535,15110643612.0,7287.38,12.65
Botswana,BWA,Africa,Africa,Sub-Saharan Africa,2012,2108617,13907464500.0,6595.54,3.01
Botswana,BWA,Africa,Africa,Sub-Saharan Africa,2013,2140682,14271738933.0,6666.91,1.53
Botswana,BWA,Africa,Africa,Sub-Saharan Africa,2014,2172044,15470088501.0,7122.36,9.6
Botswana,BWA,Africa,Africa,Sub-Saharan Africa,2015,2203273,13530748845.0,6141.2,3.73
Botswana,BWA,Africa,Africa,Sub-Saharan Africa,2016,2234776,15082637184.0,6749.06,11.9
Botswana,BWA,Africa,Africa,Sub-Saharan Africa,2017,2266747,16105155857.0,7104.96,-2.65
Botswana,BWA,Africa,Africa,Sub-Saharan Africa,2018,2299141,17031943186.0,7407.96,0.06
Botswana,BWA,Africa,Africa,Sub-Saharan Africa,2019,2332083,16725908149.0,7172.09,0.51
Botswana,BWA,Africa,Africa,Sub-Saharan Africa,2020,2365894,14960291106.0,6323.31,4.38
Botswana,BWA,Africa,Africa,Sub-Saharan Africa,2021,2401441,18750946600.0,7808.21,8.38
Botswana,BWA,Africa,Africa,Sub-Saharan Africa,2022,2439892,20321958850.0,8329.04,14.62
Brazil,BRA,South America,Americas,Latin America and the Caribbean,2000,174018282,655448231984.0,3766.55,5.61
Brazil,BRA,South America,Americas,Latin America and the Caribbean,2001,176301203,559983634799.0,3176.29,8.23
Brazil,BRA,South America,Americas,Latin America and the Caribbean,2002,178503484,509795273807.0,2855.94,9.8
Brazil,BRA,South America,Americas,Latin America and the Caribbean,2003,180622688,558233745652.0,3090.61,14.09
Brazil,BRA,South America,Americas,Latin America and the Caribbean,2004,182675143,669289424806.0,3663.82,7.75
Brazil,BRA,South America,Americas,Latin America and the Caribbean,2005,184688101,891633839853.0,4827.78,7.43
Brazil,BRA,South America,Americas,Latin America and the Caribbean,2006,186653106,1107626541711.0,5934.14,6.77
Brazil,BRA,South America,Americas,Latin America and the Caribbean,2007,188552320,1397114486471.0,7409.69,6.44
Brazil,BRA,South America,Americas,Latin America and the Caribbean,2008,190367302,1695855083552.0,8908.33,8.78
Brazil,BRA,South America,Americas,Latin America and the Caribbean,2009,192079951,1666996438681.0,8678.66,7.31
Brazil,BRA,South America,Americas,Latin America and the Caribbean,2010,193701929,2208837745214.0,11403.28,8.42
Brazil,BRA,South America,Americas,Latin America and the Caribbean,2011,195284734,2616156223977.0,13396.62,8.32
Brazil,BRA,South America,Americas,Latin America and the Caribbean,2012,196876111,2465227803012.0,12521.72,7.94
Brazil,BRA,South America,Americas,Latin America and the Caribbean,2013,198478299,2472819535743.0,12458.89,7.5
Brazil,BRA,South America,Americas,Latin America and the Caribbean,2014,200085127,2456043727199.0,12274.99,7.85
Brazil,BRA,South America,Americas,Latin America and the Caribbean,2015,201675532,1802212206905.0,8936.2,7.57
Brazil,BRA,South America,Americas,Latin America and the Caribbean,2016,203218114,1795693482653.0,8836.29,8.1
Brazil,BRA,South America,Americas,Latin America and the Caribbean,2017,204703445,2063514977334.0,10080.51,3.67
Brazil,BRA,South America,Americas,Latin America and the Caribbean,2018,206107261,1916933898038.0,9300.66,4.49
Brazil,BRA,South America,Americas,Latin America and the Caribbean,2019,207455459,1873288205186.0,9029.83,4.22
Brazil,BRA,South America,Americas,Latin America and the Caribbean,2020,208660842,1476107231194.0,7074.19,6.47
Brazil,BRA,South America,Americas,Latin America and the Caribbean,2021,209550294,1670647399035.0,7972.54,13.05
Brazil,BRA,South America,Americas,Latin America and the Caribbean,2022,210306415,1951923942083.0,9281.33,8.57
Brunei Darussalam,BRN,Asia,Asia,South-eastern Asia,2000,326424,6001282104.0,18384.93,2.38
Brunei Darussalam,BRN,Asia,Asia,South-eastern Asia,2001,333345,5601018684.0,16802.47,-4.97
Brunei Darussalam,BRN,Asia,Asia,South-eastern Asia,2002,340099,5843368268.0,17181.37,-0.14
Brunei Darussalam,BRN,Asia,Asia,South-eastern Asia,2003,346637,6557397070.0,18917.19,6.31
Brunei Darussalam,BRN,Asia,Asia,South-eastern Asia,2004,352911,7872202803.0,22306.48,16.54
Brunei Darussalam,BRN,Asia,Asia,South-eastern Asia,2005,358916,9531420028.0,26556.13,20.5
Brunei Darussalam,BRN,Asia,Asia,South-eastern Asia,2006,364663,11470464771.0,31454.97,9.94
Brunei Darussalam,BRN,Asia,Asia,South-eastern Asia,2007,370873,12247677994.0,33023.91,4.7
Brunei Darussalam,BRN,Asia,Asia,South-eastern Asia,2008,377793,14393434225.0,38098.73,16.02
Brunei Darussalam,BRN,Asia,Asia,South-eastern Asia,2009,384952,10732595016.0,27880.35,-21.74
Brunei Darussalam,BRN,Asia,Asia,South-eastern Asia,2010,392332,13707280260.0,34937.96,4.98
Brunei Darussalam,BRN,Asia,Asia,South-eastern Asia,2011,399389,18525128526.0,46383.67,20.18
Brunei Darussalam,BRN,Asia,Asia,South-eastern Asia,2012,405557,19048443341.0,46968.6,1.22
Brunei Darussalam,BRN,Asia,Asia,South-eastern Asia,2013,411202,18094321617.0,44003.49,-2.82
Brunei Darussalam,BRN,Asia,Asia,South-eastern Asia,2014,416750,17097802753.0,41026.52,-1.85
Brunei Darussalam,BRN,Asia,Asia,South-eastern Asia,2015,422212,12930291488.0,30625.12,-17.61
Brunei Darussalam,BRN,Asia,Asia,South-eastern Asia,2016,427564,11400466356.0,26663.77,-9.17
Brunei Darussalam,BRN,Asia,Asia,South-eastern Asia,2017,432772,12128183904.0,28024.42,4.96
Brunei Darussalam,BRN,Asia,Asia,South-eastern Asia,2018,437810,13566937674.0,30988.19,9.22
Brunei Darussalam,BRN,Asia,Asia,South-eastern Asia,2019,442680,13469235365.0,30426.57,-3.33
Brunei Darussalam,BRN,Asia,Asia,South-eastern Asia,2020,447404,12005799654.0,26834.36,-10.86
Brunei Darussalam,BRN,Asia,Asia,South-eastern Asia,2021,451721,14006496617.0,31006.96,15.47
Brunei Darussalam,BRN,Asia,Asia,South-eastern Asia,2022,455370,16681536467.0,36632.93,24.24
Bulgaria,BGR,Europe,Europe,Eastern Europe,2000,8170172,13245990274.0,1621.26,7.38
Bulgaria,BGR,Europe,Europe,Eastern Europe,2001,8009142,14183446026.0,1770.91,6.12
Bulgaria,BGR,Europe,Europe,Eastern Europe,2002,7837161,16403043850.0,2092.98,3.85
Bulgaria,BGR,Europe,Europe,Eastern Europe,2003,7775327,21144957990.0,2719.49,2.19
Bulgaria,BGR,Europe,Europe,Eastern Europe,2004,7716860,26157743369.0,3389.69,5.58
Bulgaria,BGR,Europe,Europe,Eastern Europe,2005,7658972,29868657858.0,3899.83,6.59
Bulgaria,BGR,Europe,Europe,Eastern Europe,2006,7601022,34380536496.0,4523.15,6.76
Bulgaria,BGR,Europe,Europe,Eastern Europe,2007,7545338,44432811756.0,5888.78,11.05
Bulgaria,BGR,Europe,Europe,Eastern Europe,2008,7492561,54480684188.0,7271.3,8.1
Bulgaria,BGR,Europe,Europe,Eastern Europe,2009,7444443,52023801230.0,6988.27,3.94
Bulgaria,BGR,Europe,Europe,Eastern Europe,2010,7395599,50760929303.0,6863.67,0.76
Bulgaria,BGR,Europe,Europe,Eastern Europe,2011,7348328,57737040780.0,7857.17,6.11
Bulgaria,BGR,Europe,Europe,Eastern Europe,2012,7305888,54288135059.0,7430.74,1.11
Bulgaria,BGR,Europe,Europe,Eastern Europe,2013,7160005,55852123990.0,7800.57,0.07
Bulgaria,BGR,Europe,Europe,Eastern Europe,2014,7073572,57157782910.0,8080.47,1.34
Bulgaria,BGR,Europe,Europe,Eastern Europe,2015,6984225,50811995689.0,7275.25,2.95
Bulgaria,BGR,Europe,Europe,Eastern Europe,2016,6894139,53964253212.0,7827.56,3.32
Bulgaria,BGR,Europe,Europe,Eastern Europe,2017,6803468,59309748166.0,8717.58,4.81
Bulgaria,BGR,Europe,Europe,Eastern Europe,2018,6710798,66370132238.0,9890.05,4.26
Bulgaria,BGR,Europe,Europe,Eastern Europe,2019,6616726,68881010246.0,10410.13,5.24
Bulgaria,BGR,Europe,Europe,Eastern Europe,2020,6550696,70368758395.0,10742.18,4.34
Bulgaria,BGR,Europe,Europe,Eastern Europe,2021,6507301,84041493016.0,12914.95,6.97
Bulgaria,BGR,Europe,Europe,Eastern Europe,2022,6465097,90346169915.0,13974.45,15.92
Burkina Faso,BFA,Africa,Africa,Sub-Saharan Africa,2000,11925546,2968370088.0,248.91,-0.82
Burkina Faso,BFA,Africa,Africa,Sub-Saharan Africa,2001,12295001,3190371081.0,259.49,3.96
Burkina Faso,BFA,Africa,Africa,Sub-Saharan Africa,2002,12680897,3622350063.0,285.65,3.06
Burkina Faso,BFA,Africa,Africa,Sub-Saharan Africa,2003,13082532,4740768143.0,362.37,1.48
Burkina Faso,BFA,Africa,Africa,Sub-Saharan Africa,2004,13500533,5451688538.0,403.81,0.09
Burkina Faso,BFA,Africa,Africa,Sub-Saharan Africa,2005,13932123,6146353173.0,441.16,3.74
Burkina Faso,BFA,Africa,Africa,Sub-Saharan Africa,2006,14373707,6547419820.0,455.51,-0.66
Burkina Faso,BFA,Africa,Africa,Sub-Saharan Africa,2007,14816307,7625722837.0,514.68,2.49
Burkina Faso,BFA,Africa,Africa,Sub-Saharan Africa,2008,15258093,9451435490.0,619.44,9.16
Burkina Faso,BFA,Africa,Africa,Sub-Saharan Africa,2009,15710066,9450696873.0,601.57,2.41
Burkina Faso,BFA,Africa,Africa,Sub-Saharan Africa,2010,16176498,10109619741.0,624.96,3.78
Burkina Faso,BFA,Africa,Africa,Sub-Saharan Africa,2011,16661908,12080295978.0,725.02,6.74
Burkina Faso,BFA,Africa,Africa,Sub-Saharan Africa,2012,17172287,12561015157.0,731.47,5.82
Burkina Faso,BFA,Africa,Africa,Sub-Saharan Africa,2013,17695409,13444300486.0,759.76,-2.13
Burkina Faso,BFA,Africa,Africa,Sub-Saharan Africa,2014,18229461,13943016077.0,764.86,-0.62
Burkina Faso,BFA,Africa,Africa,Sub-Saharan Africa,2015,18777487,11832159316.0,630.12,-2.22
Burkina Faso,BFA,Africa,Africa,Sub-Saharan Africa,2016,19334856,12833363045.0,663.74,2.6
Burkina Faso,BFA,Africa,Africa,Sub-Saharan Africa,2017,19894407,14106955615.0,709.09,1.42
Burkina Faso,BFA,Africa,Africa,Sub-Saharan Africa,2018,20438288,15890066221.0,777.47,1.07
Burkina Faso,BFA,Africa,Africa,Sub-Saharan Africa,2019,20961952,16032813502.0,764.85,0.51
Burkina Faso,BFA,Africa,Africa,Sub-Saharan Africa,2020,21478690,17725010531.0,825.24,6.47
Burkina Faso,BFA,Africa,Africa,Sub-Saharan Africa,2021,21995243,19643166854.0,893.06,0.11
Burkina Faso,BFA,Africa,Africa,Sub-Saharan Africa,2022,22509038,18820219331.0,836.12,5.89
Burundi,BDI,Africa,Africa,Sub-Saharan Africa,2000,6470194,870486066.0,134.54,38.94
Burundi,BDI,Africa,Africa,Sub-Saharan Africa,2001,6634365,876794723.0,132.16,13.72
Burundi,BDI,Africa,Africa,Sub-Saharan Africa,2002,6824132,825394519.0,120.95,1.03
Burundi,BDI,Africa,Africa,Sub-Saharan Africa,2003,7043154,784654424.0,111.41,11.95
Burundi,BDI,Africa,Africa,Sub-Saharan Africa,2004,7310656,915257323.0,125.19,13.15
Burundi,BDI,Africa,Africa,Sub-Saharan Africa,2005,7587299,1117113080.0,147.23,18.84
Burundi,BDI,Africa,Africa,Sub-Saharan Africa,2006,7865547,1273375078.0,161.89,2.85
Burundi,BDI,Africa,Africa,Sub-Saharan Africa,2007,8161874,1356199387.0,166.16,8.27
Burundi,BDI,Africa,Africa,Sub-Saharan Africa,2008,8505637,1611835857.0,189.5,24.22
Burundi,BDI,Africa,Africa,Sub-Saharan Africa,2009,8947646,1781455140.0,199.1,10.46
Burundi,BDI,Africa,Africa,Sub-Saharan Africa,2010,9376444,2032135192.0,216.73,8.56
Burundi,BDI,Africa,Africa,Sub-Saharan Africa,2011,9717978,2235820809.0,230.07,8.36
Burundi,BDI,Africa,Africa,Sub-Saharan Africa,2012,10071028,2333341334.0,231.69,14.29
Burundi,BDI,Africa,Africa,Sub-Saharan Africa,2013,10439341,2451606632.0,234.84,7.95
Burundi,BDI,Africa,Africa,Sub-Saharan Africa,2014,10799785,2705783330.0,250.54,5.31
Burundi,BDI,Africa,Africa,Sub-Saharan Africa,2015,11047580,3104003546.0,280.97,21.32
Burundi,BDI,Africa,Africa,Sub-Saharan Africa,2016,11239451,2644487777.0,235.29,0.97
Burundi,BDI,Africa,Africa,Sub-Saharan Africa,2017,11506762,2723586963.0,236.69,11.45
Burundi,BDI,Africa,Africa,Sub-Saharan Africa,2018,11859446,2667182200.0,224.9,-2.85
Burundi,BDI,Africa,Africa,Sub-Saharan Africa,2019,12255336,2576518880.0,210.24,0.85
Burundi,BDI,Africa,Africa,Sub-Saharan Africa,2020,12617036,2649680261.0,210.01,5.97
Burundi,BDI,Africa,Africa,Sub-Saharan Africa,2021,12965481,2775798697.0,214.09,8.52
Burundi,BDI,Africa,Africa,Sub-Saharan Africa,2022,13321097,3338722828.0,250.63,18.33
Cabo Verde,CPV,Africa,Africa,Sub-Saharan Africa,2000,453317,539227278.0,1189.51,-7.9
Cabo Verde,CPV,Africa,Africa,Sub-Saharan Africa,2001,460293,563090490.0,1223.33,5.16
Cabo Verde,CPV,Africa,Africa,Sub-Saharan Africa,2002,467046,620507387.0,1328.58,-0.36
Cabo Verde,CPV,Africa,Africa,Sub-Saharan Africa,2003,473383,813260469.0,1717.98,4.92
Cabo Verde,CPV,Africa,Africa,Sub-Saharan Africa,2004,479370,924940012.0,1929.49,-6.33
Cabo Verde,CPV,Africa,Africa,Sub-Saharan Africa,2005,485115,972241677.0,2004.15,-1.79
Cabo Verde,CPV,Africa,Africa,Sub-Saharan Africa,2006,490728,1107571458.0,2257.0,4.64
Cabo Verde,CPV,Africa,Africa,Sub-Saharan Africa,2007,496190,1649621739.0,3324.58,18.57
Cabo Verde,CPV,Africa,Africa,Sub-Saharan Africa,2008,501355,1959620648.0,3908.65,3.71
Cabo Verde,CPV,Africa,Africa,Sub-Saharan Africa,2009,506141,1852334575.0,3659.72,1.95
Cabo Verde,CPV,Africa,Africa,Sub-Saharan Africa,2010,509784,1824751468.0,3579.46,0.65
Cabo Verde,CPV,Africa,Africa,Sub-Saharan Africa,2011,511447,2046817987.0,4002.01,2.75
Cabo Verde,CPV,Africa,Africa,Sub-Saharan Africa,2012,511955,1913081210.0,3736.82,0.68
Cabo Verde,CPV,Africa,Africa,Sub-Saharan Africa,2013,512225,2028910915.0,3960.98,1.42
Cabo Verde,CPV,Africa,Africa,Sub-Saharan Africa,2014,512326,2041930125.0,3985.61,-0.1
Cabo Verde,CPV,Africa,Africa,Sub-Saharan Africa,2015,512394,1749857620.0,3415.06,1.62
Cabo Verde,CPV,Africa,Africa,Sub-Saharan Africa,2016,512554,1849789986.0,3608.97,1.68
Cabo Verde,CPV,Africa,Africa,Sub-Saharan Africa,2017,512893,1996741540.0,3893.1,1.3
Cabo Verde,CPV,Africa,Africa,Sub-Saharan Africa,2018,513415,2205099507.0,4294.97,1.7
Cabo Verde,CPV,Africa,Africa,Sub-Saharan Africa,2019,514104,2252177124.0,4380.78,0.69
Cabo Verde,CPV,Africa,Africa,Sub-Saharan Africa,2020,514679,1821565614.0,3539.23,0.37
Cabo Verde,CPV,Africa,Africa,Sub-Saharan Africa,2021,516649,2051842610.0,3971.44,1.35
Cabo Verde,CPV,Africa,Africa,Sub-Saharan Africa,2022,519741,2303738020.0,4432.47,6.34
Cambodia,KHM,Asia,Asia,South-eastern Asia,2000,12462336,3654031716.0,293.21,-3.23
Cambodia,KHM,Asia,Asia,South-eastern Asia,2001,12658484,3984000517.0,314.73,6.4
Cambodia,KHM,Asia,Asia,South-eastern Asia,2002,12855241,4284028483.0,333.25,1.99
Cambodia,KHM,Asia,Asia,South-eastern Asia,2003,13050968,4658246918.0,356.93,3.27
Cambodia,KHM,Asia,Asia,South-eastern Asia,2004,13244731,5337833248.0,403.02,7.5
Cambodia,KHM,Asia,Asia,South-eastern Asia,2005,13439202,6293046162.0,468.26,8.02
Cambodia,KHM,Asia,Asia,South-eastern Asia,2006,13639028,7274595707.0,533.37,6.8
Cambodia,KHM,Asia,Asia,South-eastern Asia,2007,13841770,8639235913.0,624.14,8.6
Cambodia,KHM,Asia,Asia,South-eastern Asia,2008,14053479,10351914177.0,736.61,11.79
Cambodia,KHM,Asia,Asia,South-eastern Asia,2009,14276810,10401851768.0,728.58,0.75
Cambodia,KHM,Asia,Asia,South-eastern Asia,2010,14500726,11242275288.0,775.29,6.26
Cambodia,KHM,Asia,Asia,South-eastern Asia,2011,14722584,12829541141.0,871.42,4.95
Cambodia,KHM,Asia,Asia,South-eastern Asia,2012,14945085,14054443213.0,940.41,2.64
Cambodia,KHM,Asia,Asia,South-eastern Asia,2013,15170208,15227991395.0,1003.81,2.87
Cambodia,KHM,Asia,Asia,South-eastern Asia,2014,15396772,16702610842.0,1084.81,3.3
Cambodia,KHM,Asia,Asia,South-eastern Asia,2015,15623251,18049954289.0,1155.33,3.07
Cambodia,KHM,Asia,Asia,South-eastern Asia,2016,15852803,20016747858.0,1262.66,1.58
Cambodia,KHM,Asia,Asia,South-eastern Asia,2017,16073372,22177200588.0,1379.75,2.08
Cambodia,KHM,Asia,Asia,South-eastern Asia,2018,16274522,24571753583.0,1509.83,3.82
Cambodia,KHM,Asia,Asia,South-eastern Asia,2019,16481304,27089390033.0,1643.64,2.79
Cambodia,KHM,Asia,Asia,South-eastern Asia,2020,16725474,25872797892.0,1546.91,-0.82
Cambodia,KHM,Asia,Asia,South-eastern Asia,2021,16974305,26961061152.0,1588.35,2.65
Cambodia,KHM,Asia,Asia,South-eastern Asia,2022,17201724,29504829319.0,1715.23,3.52
Cameroon,CMR,Africa,Africa,Sub-Saharan Africa,2000,14912631,10566579295.0,708.57,1.53
Cameroon,CMR,Africa,Africa,Sub-Saharan Africa,2001,15309490,10953485345.0,715.47,2.47
Cameroon,CMR,Africa,Africa,Sub-Saharan Africa,2002,15725528,12417251342.0,789.62,2.77
Cameroon,CMR,Africa,Africa,Sub-Saharan Africa,2003,16160340,15970315030.0,988.24,1.95
Cameroon,CMR,Africa,Africa,Sub-Saharan Africa,2004,16610487,18826214125.0,1133.39,0.14
Cameroon,CMR,Africa,Africa,Sub-Saharan Africa,2005,17074594,19509852220.0,1142.62,1.36
Cameroon,CMR,Africa,Africa,Sub-Saharan Africa,2006,17550407,20910512979.0,1191.45,2.3
Cameroon,CMR,Africa,Africa,Sub-Saharan Africa,2007,18049896,23928250409.0,1325.67,0.49
Cameroon,CMR,Africa,Africa,Sub-Saharan Africa,2008,18574056,27715142006.0,1492.14,4.94
Cameroon,CMR,Africa,Africa,Sub-Saharan Africa,2009,19113974,27932970297.0,1461.39,3.6
Cameroon,CMR,Africa,Africa,Sub-Saharan Africa,2010,19668066,27507501809.0,1398.59,0.69
Cameroon,CMR,Africa,Africa,Sub-Saharan Africa,2011,20232304,30630910513.0,1513.96,2.59
Cameroon,CMR,Africa,Africa,Sub-Saharan Africa,2012,20809529,30155062302.0,1449.1,1.94
Cameroon,CMR,Africa,Africa,Sub-Saharan Africa,2013,21402376,33728621190.0,1575.93,3.05
Cameroon,CMR,Africa,Africa,Sub-Saharan Africa,2014,22059893,36386544715.0,1649.44,2.01
Cameroon,CMR,Africa,Africa,Sub-Saharan Africa,2015,22763414,32210233021.0,1415.0,0.31
Cameroon,CMR,Africa,Africa,Sub-Saharan Africa,2016,23454161,33814337041.0,1441.72,0.66
Cameroon,CMR,Africa,Africa,Sub-Saharan Africa,2017,24128601,36098547059.0,1496.09,1.03
Cameroon,CMR,Africa,Africa,Sub-Saharan Africa,2018,24806383,39955552190.0,1610.7,1.9
Cameroon,CMR,Africa,Africa,Sub-Saharan Africa,2019,25506095,39667757528.0,1555.23,1.17
Cameroon,CMR,Africa,Africa,Sub-Saharan Africa,2020,26210558,40773241177.0,1555.6,0.71
Cameroon,CMR,Africa,Africa,Sub-Saharan Africa,2021,26915758,44993521774.0,1671.64,2.92
Cameroon,CMR,Africa,Africa,Sub-Saharan Africa,2022,27632771,43644068311.0,1579.43,6.83
Canada,CAN,North America,Americas,Northern America,2000,30685730,744773415932.0,24271.0,4.37
Canada,CAN,North America,Americas,Northern America,2001,31020855,738981792355.0,23822.1,1.57
Canada,CAN,North America,Americas,Northern America,2002,31359199,760649334098.0,24256.02,1.26
Canada,CAN,North America,Americas,Northern America,2003,31642461,895540646635.0,28301.86,3.25
Canada,CAN,North America,Americas,Northern America,2004,31938807,1026690238278.0,32145.54,3.26
Canada,CAN,North America,Americas,Northern America,2005,32242732,1173108598779.0,36383.66,3.12
Canada,CAN,North America,Americas,Northern America,2006,32571193,1319264809591.0,40504.04,2.57
Canada,CAN,North America,Americas,Northern America,2007,32888886,1468820407783.0,44660.08,3.3
Canada,CAN,North America,Americas,Northern America,2008,33247298,1552989690722.0,46710.25,4.0
Canada,CAN,North America,Americas,Northern America,2009,33630069,1374625142157.0,40874.88,-2.32
Canada,CAN,North America,Americas,Northern America,2010,34005902,1617343367486.0,47560.67,2.85
Canada,CAN,North America,Americas,Northern America,2011,34339221,1793326630175.0,52223.86,3.24
Canada,CAN,North America,Americas,Northern America,2012,34713395,1828366481522.0,52670.34,1.22
Canada,CAN,North America,Americas,Northern America,2013,35080992,1846597421835.0,52638.12,1.74
Canada,CAN,North America,Americas,Northern America,2014,35434066,1805749878440.0,50960.84,1.94
Canada,CAN,North America,Americas,Northern America,2015,35704498,1556508816217.0,43594.19,-0.87
Canada,CAN,North America,Americas,Northern America,2016,36110803,1527994741907.0,42314.06,0.72
Canada,CAN,North America,Americas,Northern America,2017,36545075,1649265644244.0,45129.63,2.57
Canada,CAN,North America,Americas,Northern America,2018,37072620,1725329192783.0,46539.18,1.65
Canada,CAN,North America,Americas,Northern America,2019,37618495,1743725183673.0,46352.87,1.55
Canada,CAN,North America,Americas,Northern America,2020,38028638,1655684730000.0,43537.84,1.07
Canada,CAN,North America,Americas,Northern America,2021,38239864,2007472181464.0,52496.84,7.66
Canada,CAN,North America,Americas,Northern America,2022,38935934,2161483369422.0,55513.84,7.65
Cayman Islands,CYM,North America,Americas,Latin America and the Caribbean,2006,48232,4200288282.0,87085.09,
Cayman Islands,CYM,North America,Americas,Latin America and the Caribbean,2007,49687,4466278031.0,89888.26,3.07
Cayman Islands,CYM,North America,Americas,Latin America and the Caribbean,2008,51151,4585948969.0,89655.12,3.05
Cayman Islands,CYM,North America,Americas,Latin America and the Caribbean,2009,52618,4281714618.0,81373.57,0.61
Cayman Islands,CYM,North America,Americas,Latin America and the Caribbean,2010,54099,4156841164.0,76837.67,-0.21
Cayman Islands,CYM,North America,Americas,Latin America and the Caribbean,2011,55606,4186073160.0,75280.96,-0.46
Cayman Islands,CYM,North America,Americas,Latin America and the Caribbean,2012,57136,4291004486.0,75101.59,1.26
Cayman Islands,CYM,North America,Americas,Latin America and the Caribbean,2013,58655,4405796081.0,75113.73,1.38
Cayman Islands,CYM,North America,Americas,Latin America and the Caribbean,2014,60160,4562853582.0,75845.31,0.89
Cayman Islands,CYM,North America,Americas,Latin America and the Caribbean,2015,61642,4708167255.0,76379.21,0.34
Cayman Islands,CYM,North America,Americas,Latin America and the Caribbean,2016,63100,4909322200.0,77802.25,1.0
Cayman Islands,CYM,North America,Americas,Latin America and the Caribbean,2017,64535,5166281293.0,80053.94,1.99
Cayman Islands,CYM,North America,Americas,Latin America and the Caribbean,2018,65941,5530178499.0,83865.55,2.66
Cayman Islands,CYM,North America,Americas,Latin America and the Caribbean,2019,67327,5941896600.0,88254.29,3.4
Cayman Islands,CYM,North America,Americas,Latin America and the Caribbean,2020,68684,5655357984.0,82338.8,0.14
Cayman Islands,CYM,North America,Americas,Latin America and the Caribbean,2021,70108,6060026510.0,86438.45,2.15
Cayman Islands,CYM,North America,Americas,Latin America and the Caribbean,2022,71591,6600844002.0,92202.15,3.58
Central African Republic,CAF,Africa,Africa,Sub-Saharan Africa,2000,3833416,916777283.0,239.15,8.51
Central African Republic,CAF,Africa,Africa,Sub-Saharan Africa,2001,3919487,932648605.0,237.95,0.43
Central African Republic,CAF,Africa,Africa,Sub-Saharan Africa,2002,4006077,996068145.0,248.64,-2.37
Central African Republic,CAF,Africa,Africa,Sub-Saharan Africa,2003,4103086,1142315523.0,278.4,1.34
Central African Republic,CAF,Africa,Africa,Sub-Saharan Africa,2004,4192826,1272360517.0,303.46,-4.44
Central African Republic,CAF,Africa,Africa,Sub-Saharan Africa,2005,4288810,1337894379.0,311.95,4.19
Central African Republic,CAF,Africa,Africa,Sub-Saharan Africa,2006,4377579,1461859762.0,333.94,3.33
Central African Republic,CAF,Africa,Africa,Sub-Saharan Africa,2007,4462770,1699811295.0,380.89,1.84
Central African Republic,CAF,Africa,Africa,Sub-Saharan Africa,2008,4558984,1993407888.0,437.25,7.08
Central African Republic,CAF,Africa,Africa,Sub-Saharan Africa,2009,4529047,2067381665.0,456.47,0.71
Central African Republic,CAF,Africa,Africa,Sub-Saharan Africa,2010,4492995,2142591540.0,476.87,4.21
Central African Republic,CAF,Africa,Africa,Sub-Saharan Africa,2011,4565021,2437982705.0,534.06,4.01
Central African Republic,CAF,Africa,Africa,Sub-Saharan Africa,2012,4610848,2510126512.0,544.4,6.18
Central African Republic,CAF,Africa,Africa,Sub-Saharan Africa,2013,4642419,1691544110.0,364.37,2.49
Central African Republic,CAF,Africa,Africa,Sub-Saharan Africa,2014,4623182,1894813389.0,409.85,11.89
Central African Republic,CAF,Africa,Africa,Sub-Saharan Africa,2015,4629320,1695825714.0,366.32,2.71
Central African Republic,CAF,Africa,Africa,Sub-Saharan Africa,2016,4713663,1825018145.0,387.18,2.98
Central African Republic,CAF,Africa,Africa,Sub-Saharan Africa,2017,4793511,2072349973.0,432.32,6.44
Central African Republic,CAF,Africa,Africa,Sub-Saharan Africa,2018,4878657,2220979146.0,455.24,-1.22
Central African Republic,CAF,Africa,Africa,Sub-Saharan Africa,2019,4944703,2221301351.0,449.23,2.33
Central African Republic,CAF,Africa,Africa,Sub-Saharan Africa,2020,5026628,2326720900.0,462.88,1.98
Central African Republic,CAF,Africa,Africa,Sub-Saharan Africa,2021,5112100,2516498412.0,492.26,3.19
Central African Republic,CAF,Africa,Africa,Sub-Saharan Africa,2022,5098039,2382618615.0,467.36,5.97
Chad,TCD,Africa,Africa,Sub-Saharan Africa,2000,8512093,1388506772.0,163.12,5.29
Chad,TCD,Africa,Africa,Sub-Saharan Africa,2001,8804124,1710843377.0,194.32,13.8
Chad,TCD,Africa,Africa,Sub-Saharan Africa,2002,9116192,1997005709.0,219.06,1.91
Chad,TCD,Africa,Africa,Sub-Saharan Africa,2003,9487833,2742815072.0,289.09,0.08
Chad,TCD,Africa,Africa,Sub-Saharan Africa,2004,9920036,4422855661.0,445.85,9.73
Chad,TCD,Africa,Africa,Sub-Saharan Africa,2005,10328092,6649307524.0,643.81,28.11
Chad,TCD,Africa,Africa,Sub-Saharan Africa,2006,10706424,7428701454.0,693.85,9.98
Chad,TCD,Africa,Africa,Sub-Saharan Africa,2007,11081660,8650137743.0,780.58,3.3
Chad,TCD,Africa,Africa,Sub-Saharan Africa,2008,11476296,10393833765.0,905.68,8.65
Chad,TCD,Africa,Africa,Sub-Saharan Africa,2009,11893754,9290728319.0,781.14,-9.56
Chad,TCD,Africa,Africa,Sub-Saharan Africa,2010,12312575,10668103554.0,866.44,6.39
Chad,TCD,Africa,Africa,Sub-Saharan Africa,2011,12754997,12172308851.0,954.32,8.58
Chad,TCD,Africa,Africa,Sub-Saharan Africa,2012,13210998,12367362757.0,936.14,1.1
Chad,TCD,Africa,Africa,Sub-Saharan Africa,2013,13691079,12953534866.0,946.13,-4.14
Chad,TCD,Africa,Africa,Sub-Saharan Africa,2014,14188678,13940767219.0,982.53,0.65
Chad,TCD,Africa,Africa,Sub-Saharan Africa,2015,14647621,10950392257.0,747.59,-8.48
Chad,TCD,Africa,Africa,Sub-Saharan Africa,2016,15114655,10097778098.0,668.08,-1.4
Chad,TCD,Africa,Africa,Sub-Saharan Africa,2017,15622759,10000394381.0,640.12,0.03
Chad,TCD,Africa,Africa,Sub-Saharan Africa,2018,16156531,11239167898.0,695.64,5.01
Chad,TCD,Africa,Africa,Sub-Saharan Africa,2019,16685223,11314951092.0,678.14,2.86
Chad,TCD,Africa,Africa,Sub-Saharan Africa,2020,17224679,10715396042.0,622.1,-5.45
Chad,TCD,Africa,Africa,Sub-Saharan Africa,2021,17828273,11779981332.0,660.75,7.17
Chad,TCD,Africa,Africa,Sub-Saharan Africa,2022,18455316,12396807590.0,671.72,15.15
Chile,CHL,South America,Americas,Latin America and the Caribbean,2000,15503635,78339750722.0,5052.99,4.56
Chile,CHL,South America,Americas,Latin America and the Caribbean,2001,15683849,71574739561.0,4563.6,4.28
Chile,CHL,South America,Americas,Latin America and the Caribbean,2002,15857925,70264045939.0,4430.85,3.34
Chile,CHL,South America,Americas,Latin America and the Caribbean,2003,16024752,76492579644.0,4773.4,4.3
Chile,CHL,South America,Americas,Latin America and the Caribbean,2004,16187322,99075985773.0,6120.59,7.02
Chile,CHL,South America,Americas,Latin America and the Caribbean,2005,16348778,122294145163.0,7480.32,7.12
Chile,CHL,South America,Americas,Latin America and the Caribbean,2006,16509195,153843518171.0,9318.66,12.35
Chile,CHL,South America,Americas,Latin America and the Caribbean,2007,16671581,172491076034.0,10346.41,5.09
Chile,CHL,South America,Americas,Latin America and the Caribbean,2008,16838988,179894594476.0,10683.22,0.31
Chile,CHL,South America,Americas,Latin America and the Caribbean,2009,17009731,171777900623.0,10098.8,3.58
Chile,CHL,South America,Americas,Latin America and the Caribbean,2010,17181464,217051209240.0,12632.87,8.86
Chile,CHL,South America,Americas,Latin America and the Caribbean,2011,17351816,251382573886.0,14487.39,3.26
Chile,CHL,South America,Americas,Latin America and the Caribbean,2012,17519119,267024782480.0,15241.91,0.76
Chile,CHL,South America,Americas,Latin America and the Caribbean,2013,17687006,277395018837.0,15683.55,2.26
Chile,CHL,South America,Americas,Latin America and the Caribbean,2014,17864195,259560978232.0,14529.68,5.85
Chile,CHL,South America,Americas,Latin America and the Caribbean,2015,18047625,242450355828.0,13433.92,4.95
Chile,CHL,South America,Americas,Latin America and the Caribbean,2016,18267221,249344863933.0,13649.85,4.56
Chile,CHL,South America,Americas,Latin America and the Caribbean,2017,18558868,276154259987.0,14879.91,4.83
Chile,CHL,South America,Americas,Latin America and the Caribbean,2018,18893191,295857562992.0,15659.48,1.59
Chile,CHL,South America,Americas,Latin America and the Caribbean,2019,19197744,278285058719.0,14495.72,2.57
Chile,CHL,South America,Americas,Latin America and the Caribbean,2020,19370624,254042159309.0,13114.82,9.67
Chile,CHL,South America,Americas,Latin America and the Caribbean,2021,19456334,315515014839.0,16216.57,6.91
Chile,CHL,South America,Americas,Latin America and the Caribbean,2022,19553036,302116539409.0,15451.13,7.91
China,CHN,Asia,Asia,Eastern Asia,2000,1262645000,1211331651866.0,959.36,2.06
China,CHN,Asia,Asia,Eastern Asia,2001,1271850000,1339400897105.0,1053.11,2.05
China,CHN,Asia,Asia,Eastern Asia,2002,1280400000,1470557654800.0,1148.51,0.6
China,CHN,Asia,Asia,Eastern Asia,2003,1288400000,1660280543847.0,1288.64,2.6
China,CHN,Asia,Asia,Eastern Asia,2004,1296075000,1955346768721.0,1508.67,6.95
China,CHN,Asia,Asia,Eastern Asia,2005,1303720000,2285961149880.0,1753.41,3.9
China,CHN,Asia,Asia,Eastern Asia,2006,1311020000,2752118657184.0,2099.22,3.93
China,CHN,Asia,Asia,Eastern Asia,2007,1317885000,3550327802998.0,2693.96,7.75
China,CHN,Asia,Asia,Eastern Asia,2008,1324655000,4594336785738.0,3468.33,7.8
China,CHN,Asia,Asia,Eastern Asia,2009,1331260000,5101691124285.0,3832.23,-0.21
China,CHN,Asia,Asia,Eastern Asia,2010,1337705000,6087191746679.0,4550.47,6.88
China,CHN,Asia,Asia,Eastern Asia,2011,1345035000,7551545703441.0,5614.39,8.08
China,CHN,Asia,Asia,Eastern Asia,2012,1354190000,8532185381681.0,6300.58,2.33
China,CHN,Asia,Asia,Eastern Asia,2013,1363240000,9570471111832.0,7020.39,2.16
China,CHN,Asia,Asia,Eastern Asia,2014,1371860000,10475624944355.0,7636.07,1.03
China,CHN,Asia,Asia,Eastern Asia,2015,1379860000,11061572618579.0,8016.45,-0.0
China,CHN,Asia,Asia,Eastern Asia,2016,1387790000,11233313730349.0,8094.39,1.41
China,CHN,Asia,Asia,Eastern Asia,2017,1396215000,12310491333981.0,8817.05,4.23
China,CHN,Asia,Asia,Eastern Asia,2018,1402760000,13894907857881.0,9905.41,3.5
China,CHN,Asia,Asia,Eastern Asia,2019,1407745000,14279968506272.0,10143.86,1.29
China,CHN,Asia,Asia,Eastern Asia,2020,1411100000,14687744162801.0,10408.72,0.49
China,CHN,Asia,Asia,Eastern Asia,2021,1412360000,17820459508852.0,12617.51,4.55
China,CHN,Asia,Asia,Eastern Asia,2022,1412175000,17881783387001.0,12662.58,1.82
Colombia,COL,South America,Americas,Latin America and the Caribbean,2000,39089934,99875074951.0,2555.01,33.68
Colombia,COL,South America,Americas,Latin America and the Caribbean,2001,39709262,98200641203.0,2472.99,6.52
Colombia,COL,South America,Americas,Latin America and the Caribbean,2002,40324680,97945812803.0,2428.93,5.97
Colombia,COL,South America,Americas,Latin America and the Caribbean,2003,40937429,94644969157.0,2311.94,6.83
Colombia,COL,South America,Americas,Latin America and the Caribbean,2004,41543171,117092416666.0,2818.57,7.28
Colombia,COL,South America,Americas,Latin America and the Caribbean,2005,42128977,145600529606.0,3456.07,4.75
Colombia,COL,South America,Americas,Latin America and the Caribbean,2006,42691084,161792958905.0,3789.85,5.81
Colombia,COL,South America,Americas,Latin America and the Caribbean,2007,43235374,206229540926.0,4769.93,5.2
Colombia,COL,South America,Americas,Latin America and the Caribbean,2008,43758808,242504150473.0,5541.84,7.68
Colombia,COL,South America,Americas,Latin America and the Caribbean,2009,44271541,232468663110.0,5250.97,4.06
Colombia,COL,South America,Americas,Latin America and the Caribbean,2010,44777319,286498534095.0,6398.3,3.8
Colombia,COL,South America,Americas,Latin America and the Caribbean,2011,45259614,334966134805.0,7400.99,6.39
Colombia,COL,South America,Americas,Latin America and the Caribbean,2012,45715810,370691143018.0,8108.6,3.62
Colombia,COL,South America,Americas,Latin America and the Caribbean,2013,46151584,382093697078.0,8279.1,1.91
Colombia,COL,South America,Americas,Latin America and the Caribbean,2014,46565429,381240864422.0,8187.21,2.24
Colombia,COL,South America,Americas,Latin America and the Caribbean,2015,46969940,293492370193.0,6248.51,2.45
Colombia,COL,South America,Americas,Latin America and the Caribbean,2016,47437512,282720100286.0,5959.84,5.15
Colombia,COL,South America,Americas,Latin America and the Caribbean,2017,48131078,311866875157.0,6479.53,5.13
Colombia,COL,South America,Americas,Latin America and the Caribbean,2018,49024465,334198218098.0,6816.97,4.63
Colombia,COL,South America,Americas,Latin America and the Caribbean,2019,49907985,323031701193.0,6472.55,4.0
Colombia,COL,South America,Americas,Latin America and the Caribbean,2020,50629997,270348342541.0,5339.69,1.48
Colombia,COL,South America,Americas,Latin America and the Caribbean,2021,51188173,318524633225.0,6222.62,7.8
Colombia,COL,South America,Americas,Latin America and the Caribbean,2022,51737944,345329875079.0,6674.6,14.87
Comoros,COM,Africa,Africa,Sub-Saharan Africa,2000,536080,351136580.0,655.01,-4.46
Comoros,COM,Africa,Africa,Sub-Saharan Africa,2001,547220,378512024.0,691.7,8.63
Comoros,COM,Africa,Africa,Sub-Saharan Africa,2002,558923,425964681.0,762.12,4.17
Comoros,COM,Africa,Africa,Sub-Saharan Africa,2003,569798,546885223.0,959.79,5.11
Comoros,COM,Africa,Africa,Sub-Saharan Africa,2004,580704,633706111.0,1091.27,3.39
Comoros,COM,Africa,Africa,Sub-Saharan Africa,2005,592677,653845169.0,1103.21,0.32
Comoros,COM,Africa,Africa,Sub-Saharan Africa,2006,604753,698431794.0,1154.9,3.11
Comoros,COM,Africa,Africa,Sub-Saharan Africa,2007,616927,795673153.0,1289.74,3.54
Comoros,COM,Africa,Africa,Sub-Saharan Africa,2008,629307,915659108.0,1455.03,3.14
Comoros,COM,Africa,Africa,Sub-Saharan Africa,2009,641947,905341173.0,1410.31,0.99
Comoros,COM,Africa,Africa,Sub-Saharan Africa,2010,654836,907978731.0,1386.57,1.68
Comoros,COM,Africa,Africa,Sub-Saharan Africa,2011,668056,1023086274.0,1531.44,3.05
Comoros,COM,Africa,Africa,Sub-Saharan Africa,2012,681630,1015843491.0,1490.32,4.27
Comoros,COM,Africa,Africa,Sub-Saharan Africa,2013,696192,1116224107.0,1603.33,1.75
Comoros,COM,Africa,Africa,Sub-Saharan Africa,2014,711503,1149587661.0,1615.72,0.84
Comoros,COM,Africa,Africa,Sub-Saharan Africa,2015,726682,966029601.0,1329.37,-0.52
Comoros,COM,Africa,Africa,Sub-Saharan Africa,2016,741741,1012835493.0,1365.48,1.71
Comoros,COM,Africa,Africa,Sub-Saharan Africa,2017,756669,1077439757.0,1423.92,0.4
Comoros,COM,Africa,Africa,Sub-Saharan Africa,2018,771590,1188797449.0,1540.71,1.84
Comoros,COM,Africa,Africa,Sub-Saharan Africa,2019,786578,1195019532.0,1519.26,4.21
Comoros,COM,Africa,Africa,Sub-Saharan Africa,2020,802163,1225039197.0,1527.17,0.67
Comoros,COM,Africa,Africa,Sub-Saharan Africa,2021,818174,1296089480.0,1584.12,0.17
Comoros,COM,Africa,Africa,Sub-Saharan Africa,2022,834188,1242519408.0,1489.5,4.94
"Congo, Dem. Rep.",COD,Africa,Africa,Sub-Saharan Africa,2000,50507442,19088046306.0,377.93,2630.12
"Congo, Dem. Rep.",COD,Africa,Africa,Sub-Saharan Africa,2001,52132646,7438189100.0,142.68,73.06
"Congo, Dem. Rep.",COD,Africa,Africa,Sub-Saharan Africa,2002,53750524,8728038525.0,162.38,31.72
"Congo, Dem. Rep.",COD,Africa,Africa,Sub-Saharan Africa,2003,55343867,8937567060.0,161.49,13.42
"Congo, Dem. Rep.",COD,Africa,Africa,Sub-Saharan Africa,2004,56997741,10297483481.0,180.66,6.37
"Congo, Dem. Rep.",COD,Africa,Africa,Sub-Saharan Africa,2005,58775724,11964484466.0,203.56,29.87
"Congo, Dem. Rep.",COD,Africa,Africa,Sub-Saharan Africa,2006,60615908,14451901696.0,238.42,13.33
"Congo, Dem. Rep.",COD,Africa,Africa,Sub-Saharan Africa,2007,62477752,16737071816.0,267.89,20.27
"Congo, Dem. Rep.",COD,Africa,Africa,Sub-Saharan Africa,2008,64390664,19788515590.0,307.32,20.47
"Congo, Dem. Rep.",COD,Africa,Africa,Sub-Saharan Africa,2009,66412044,18648372553.0,280.8,32.66
"Congo, Dem. Rep.",COD,Africa,Africa,Sub-Saharan Africa,2010,68563038,21565721045.0,314.54,20.79
"Congo, Dem. Rep.",COD,Africa,Africa,Sub-Saharan Africa,2011,70849311,25839749199.0,364.71,13.79
"Congo, Dem. Rep.",COD,Africa,Africa,Sub-Saharan Africa,2012,73254618,29306235285.0,400.06,5.94
"Congo, Dem. Rep.",COD,Africa,Africa,Sub-Saharan Africa,2013,75789395,32679745048.0,431.19,2.77
"Congo, Dem. Rep.",COD,Africa,Africa,Sub-Saharan Africa,2014,78403242,35909040926.0,458.0,0.99
"Congo, Dem. Rep.",COD,Africa,Africa,Sub-Saharan Africa,2015,81035531,37917706497.0,467.91,-1.16
"Congo, Dem. Rep.",COD,Africa,Africa,Sub-Saharan Africa,2016,83956415,37134801555.0,442.31,4.35
"Congo, Dem. Rep.",COD,Africa,Africa,Sub-Saharan Africa,2017,87083398,38019264795.0,436.58,43.07
"Congo, Dem. Rep.",COD,Africa,Africa,Sub-Saharan Africa,2018,90047644,47568210010.0,528.26,31.0
"Congo, Dem. Rep.",COD,Africa,Africa,Sub-Saharan Africa,2019,92947442,51775829877.0,557.04,5.9
"Congo, Dem. Rep.",COD,Africa,Africa,Sub-Saharan Africa,2020,95989998,48716961860.0,507.52,3.9
"Congo, Dem. Rep.",COD,Africa,Africa,Sub-Saharan Africa,2021,99148932,55328482784.0,558.03,14.98
"Congo, Dem. Rep.",COD,Africa,Africa,Sub-Saharan Africa,2022,102396968,65801547620.0,642.61,10.11
"Congo, Rep.",COG,Africa,Africa,Sub-Saharan Africa,2000,3151345,3227927698.0,1024.3,47.04
"Congo, Rep.",COG,Africa,Africa,Sub-Saharan Africa,2001,3272537,2796704604.0,854.6,-13.93
"Congo, Rep.",COG,Africa,Africa,Sub-Saharan Africa,2002,3350771,3034250924.0,905.54,-1.74
"Congo, Rep.",COG,Africa,Africa,Sub-Saharan Africa,2003,3445753,3503723088.0,1016.82,-4.25
"Congo, Rep.",COG,Africa,Africa,Sub-Saharan Africa,2004,3565554,4656974940.0,1306.1,16.81
"Congo, Rep.",COG,Africa,Africa,Sub-Saharan Africa,2005,3696393,6650001680.0,1799.05,32.5
"Congo, Rep.",COG,Africa,Africa,Sub-Saharan Africa,2006,3837409,8072305029.0,2103.58,11.38
"Congo, Rep.",COG,Africa,Africa,Sub-Saharan Africa,2007,3980430,8782703437.0,2206.47,6.74
"Congo, Rep.",COG,Africa,Africa,Sub-Saharan Africa,2008,4113517,11649857673.0,2832.09,16.27
"Congo, Rep.",COG,Africa,Africa,Sub-Saharan Africa,2009,4281219,9723299915.0,2271.15,-21.17
"Congo, Rep.",COG,Africa,Africa,Sub-Saharan Africa,2010,4462290,13148396212.0,2946.56,29.42
"Congo, Rep.",COG,Africa,Africa,Sub-Saharan Africa,2011,4609724,15655383577.0,3396.17,10.95
"Congo, Rep.",COG,Africa,Africa,Sub-Saharan Africa,2012,4740450,17692911296.0,3732.33,11.36
"Congo, Rep.",COG,Africa,Africa,Sub-Saharan Africa,2013,4857099,17958720699.0,3697.42,-1.1
"Congo, Rep.",COG,Africa,Africa,Sub-Saharan Africa,2014,4975880,17919321083.0,3601.24,-6.46
"Congo, Rep.",COG,Africa,Africa,Sub-Saharan Africa,2015,5097581,12434793868.0,2439.35,-17.25
"Congo, Rep.",COG,Africa,Africa,Sub-Saharan Africa,2016,5222536,10931328150.0,2093.11,-3.5
"Congo, Rep.",COG,Africa,Africa,Sub-Saharan Africa,2017,5351011,11834473048.0,2211.63,12.37
"Congo, Rep.",COG,Africa,Africa,Sub-Saharan Africa,2018,5483118,14773900278.0,2694.43,22.23
"Congo, Rep.",COG,Africa,Africa,Sub-Saharan Africa,2019,5616661,13976637329.0,2488.42,-1.32
"Congo, Rep.",COG,Africa,Africa,Sub-Saharan Africa,2020,5752791,11468688141.0,1993.59,-14.0
"Congo, Rep.",COG,Africa,Africa,Sub-Saharan Africa,2021,5892183,14825690210.0,2516.16,23.29
"Congo, Rep.",COG,Africa,Africa,Sub-Saharan Africa,2022,6035104,15817030157.0,2620.84,18.26
Costa Rica,CRI,North America,Americas,Latin America and the Caribbean,2000,3937739,15013629659.0,3812.75,9.39
Costa Rica,CRI,North America,Americas,Latin America and the Caribbean,2001,4008947,15976174337.0,3985.13,9.72
Costa Rica,CRI,North America,Americas,Latin America and the Caribbean,2002,4075705,16578820687.0,4067.72,9.79
Costa Rica,CRI,North America,Americas,Latin America and the Caribbean,2003,4138784,17271760507.0,4173.15,10.65
Costa Rica,CRI,North America,Americas,Latin America and the Caribbean,2004,4200078,18610594846.0,4431.01,13.35
Costa Rica,CRI,North America,Americas,Latin America and the Caribbean,2005,4261240,20040642477.0,4703.01,13.01
Costa Rica,CRI,North America,Americas,Latin America and the Caribbean,2006,4321340,22715540325.0,5256.6,12.98
Costa Rica,CRI,North America,Americas,Latin America and the Caribbean,2007,4380248,26884700345.0,6137.71,10.52
Costa Rica,CRI,North America,Americas,Latin America and the Caribbean,2008,4440056,30801744882.0,6937.24,11.42
Costa Rica,CRI,North America,Americas,Latin America and the Caribbean,2009,4499791,30745714313.0,6832.7,9.7
Costa Rica,CRI,North America,Americas,Latin America and the Caribbean,2010,4555962,37658614804.0,8265.79,6.63
Costa Rica,CRI,North America,Americas,Latin America and the Caribbean,2011,4609833,42762613700.0,9276.39,4.59
Costa Rica,CRI,North America,Americas,Latin America and the Caribbean,2012,4663934,47231655431.0,10127.0,4.73
Costa Rica,CRI,North America,Americas,Latin America and the Caribbean,2013,4716147,50949668841.0,10803.24,4.59
Costa Rica,CRI,North America,Americas,Latin America and the Caribbean,2014,4767119,52016408952.0,10911.5,6.21
Costa Rica,CRI,North America,Americas,Latin America and the Caribbean,2015,4818038,56441920821.0,11714.71,3.96
Costa Rica,CRI,North America,Americas,Latin America and the Caribbean,2016,4866998,58847019610.0,12091.03,1.96
Costa Rica,CRI,North America,Americas,Latin America and the Caribbean,2017,4913177,60516044657.0,12317.09,2.86
Costa Rica,CRI,North America,Americas,Latin America and the Caribbean,2018,4957818,62420164992.0,12590.25,2.19
Costa Rica,CRI,North America,Americas,Latin America and the Caribbean,2019,4999553,64417670521.0,12884.69,2.57
Costa Rica,CRI,North America,Americas,Latin America and the Caribbean,2020,5034320,62395610760.0,12394.05,0.77
Costa Rica,CRI,North America,Americas,Latin America and the Caribbean,2021,5059988,64960725734.0,12838.12,2.37
Costa Rica,CRI,North America,Americas,Latin America and the Caribbean,2022,5081765,69243626029.0,13625.9,6.28
Cote d'Ivoire,CIV,Africa,Africa,Sub-Saharan Africa,2000,17699004,16577533892.0,936.64,1.6
Cote d'Ivoire,CIV,Africa,Africa,Sub-Saharan Africa,2001,18178913,16810537044.0,924.73,6.88
Cote d'Ivoire,CIV,Africa,Africa,Sub-Saharan Africa,2002,18654771,18054383321.0,967.82,4.58
Cote d'Ivoire,CIV,Africa,Africa,Sub-Saharan Africa,2003,19125542,21251754340.0,1111.17,3.28
Cote d'Ivoire,CIV,Africa,Africa,Sub-Saharan Africa,2004,19595000,23510575681.0,1199.83,-2.5
Cote d'Ivoire,CIV,Africa,Africa,Sub-Saharan Africa,2005,20068458,24036918703.0,1197.75,1.22
Cote d'Ivoire,CIV,Africa,Africa,Sub-Saharan Africa,2006,20546802,25281413263.0,1230.43,1.36
Cote d'Ivoire,CIV,Africa,Africa,Sub-Saharan Africa,2007,21030558,28760090953.0,1367.54,3.09
Cote d'Ivoire,CIV,Africa,Africa,Sub-Saharan Africa,2008,21514439,34078240293.0,1583.97,5.37
Cote d'Ivoire,CIV,Africa,Africa,Sub-Saharan Africa,2009,21997940,33886813250.0,1540.45,1.21
Cote d'Ivoire,CIV,Africa,Africa,Sub-Saharan Africa,2010,22488065,34936307980.0,1553.55,1.52
Cote d'Ivoire,CIV,Africa,Africa,Sub-Saharan Africa,2011,22982000,36693710801.0,1596.63,5.71
Cote d'Ivoire,CIV,Africa,Africa,Sub-Saharan Africa,2012,23467078,36302302877.0,1546.95,-0.4
Cote d'Ivoire,CIV,Africa,Africa,Sub-Saharan Africa,2013,23939775,42760235485.0,1786.16,2.88
Cote d'Ivoire,CIV,Africa,Africa,Sub-Saharan Africa,2014,24527395,48843005614.0,1991.37,4.41
Cote d'Ivoire,CIV,Africa,Africa,Sub-Saharan Africa,2015,25246342,45815005169.0,1814.72,4.78
Cote d'Ivoire,CIV,Africa,Africa,Sub-Saharan Africa,2016,25989405,48407761037.0,1862.6,-1.18
Cote d'Ivoire,CIV,Africa,Africa,Sub-Saharan Africa,2017,26733372,52512343997.0,1964.3,-1.04
Cote d'Ivoire,CIV,Africa,Africa,Sub-Saharan Africa,2018,27464173,58522477787.0,2130.87,1.68
Cote d'Ivoire,CIV,Africa,Africa,Sub-Saharan Africa,2019,28193009,60382894697.0,2141.77,1.98
Cote d'Ivoire,CIV,Africa,Africa,Sub-Saharan Africa,2020,28915449,63027852805.0,2179.73,1.83
Cote d'Ivoire,CIV,Africa,Africa,Sub-Saharan Africa,2021,29639736,72794636654.0,2455.98,3.93
Cote d'Ivoire,CIV,Africa,Africa,Sub-Saharan Africa,2022,30395002,70173140101.0,2308.71,2.09
Croatia,HRV,Europe,Europe,Southern Europe,2000,4468302,22128414549.0,4952.31,4.35
Croatia,HRV,Europe,Europe,Southern Europe,2001,4299642,23062561237.0,5363.83,4.23
Croatia,HRV,Europe,Europe,Southern Europe,2002,4302174,26757989561.0,6219.64,3.84
Croatia,HRV,Europe,Europe,Southern Europe,2003,4303399,35256066456.0,8192.61,4.3
Croatia,HRV,Europe,Europe,Southern Europe,2004,4304600,41855195585.0,9723.36,3.62
Croatia,HRV,Europe,Europe,Southern Europe,2005,4310145,45025679590.0,10446.44,3.11
Croatia,HRV,Europe,Europe,Southern Europe,2006,4311159,49601653625.0,11505.41,3.88
Croatia,HRV,Europe,Europe,Southern Europe,2007,4310217,59320099745.0,13762.67,4.29
Croatia,HRV,Europe,Europe,Southern Europe,2008,4309705,68526332324.0,15900.47,5.53
Croatia,HRV,Europe,Europe,Southern Europe,2009,4305181,62093280554.0,14422.92,2.98
Croatia,HRV,Europe,Europe,Southern Europe,2010,4295427,58836405999.0,13697.45,0.92
Croatia,HRV,Europe,Europe,Southern Europe,2011,4280622,62772620899.0,14664.37,1.67
Croatia,HRV,Europe,Europe,Southern Europe,2012,4260368,57411354938.0,13475.68,1.41
Croatia,HRV,Europe,Europe,Southern Europe,2013,4233922,59589170668.0,14074.22,0.73
Croatia,HRV,Europe,Europe,Southern Europe,2014,4201598,59489433515.0,14158.76,0.13
Croatia,HRV,Europe,Europe,Southern Europe,2015,4151725,51011170112.0,12286.74,0.12
Croatia,HRV,Europe,Europe,Southern Europe,2016,4106867,52740059263.0,12841.92,0.02
Croatia,HRV,Europe,Europe,Southern Europe,2017,4041407,56322449844.0,13936.35,1.23
Croatia,HRV,Europe,Europe,Southern Europe,2018,3988775,61861145806.0,15508.81,2.03
Croatia,HRV,Europe,Europe,Southern Europe,2019,3949390,61867157679.0,15664.99,1.99
Croatia,HRV,Europe,Europe,Southern Europe,2020,3914206,58221300898.0,14874.36,0.8
Croatia,HRV,Europe,Europe,Southern Europe,2021,3878981,69602166351.0,17943.42,2.08
Croatia,HRV,Europe,Europe,Southern Europe,2022,3855641,71997070660.0,18673.18,8.01
Cuba,CUB,North America,Americas,Latin America and the Caribbean,2000,11109109,30565400000.0,2751.38,1.74
Cuba,CUB,North America,Americas,Latin America and the Caribbean,2001,11144132,31682400000.0,2842.97,0.45
Cuba,CUB,North America,Americas,Latin America and the Caribbean,2002,11177418,33590500000.0,3005.21,4.53
Cuba,CUB,North America,Americas,Latin America and the Caribbean,2003,11209383,35901200000.0,3202.78,2.97
Cuba,CUB,North America,Americas,Latin America and the Caribbean,2004,11238756,38203000000.0,3399.22,0.61
Cuba,CUB,North America,Americas,Latin America and the Caribbean,2005,11262554,42643836100.0,3786.34,0.38
Cuba,CUB,North America,Americas,Latin America and the Caribbean,2006,11278550,48835925926.0,4329.98,10.37
Cuba,CUB,North America,Americas,Latin America and the Caribbean,2007,11287272,54262870370.0,4807.44,3.59
Cuba,CUB,North America,Americas,Latin America and the Caribbean,2008,11291762,56302129630.0,4986.12,-0.34
Cuba,CUB,North America,Americas,Latin America and the Caribbean,2009,11294719,57481481481.0,5089.24,0.63
Cuba,CUB,North America,Americas,Latin America and the Caribbean,2010,11297409,59562962963.0,5272.27,1.2
Cuba,CUB,North America,Americas,Latin America and the Caribbean,2011,11301571,68990000000.0,6104.46,4.32
Cuba,CUB,North America,Americas,Latin America and the Caribbean,2012,11303175,73141000000.0,6470.84,2.91
Cuba,CUB,North America,Americas,Latin America and the Caribbean,2013,11298167,77148000000.0,6828.36,2.66
Cuba,CUB,North America,Americas,Latin America and the Caribbean,2014,11285775,80656100000.0,7146.7,3.46
Cuba,CUB,North America,Americas,Latin America and the Caribbean,2015,11275065,87132800000.0,7727.92,3.44
Cuba,CUB,North America,Americas,Latin America and the Caribbean,2016,11265612,91370407864.0,8110.56,4.33
Cuba,CUB,North America,Americas,Latin America and the Caribbean,2017,11247829,96850649692.0,8610.61,4.11
Cuba,CUB,North America,Americas,Latin America and the Caribbean,2018,11227118,100050036096.0,8911.46,1.03
Cuba,CUB,North America,Americas,Latin America and the Caribbean,2019,11202846,103427600000.0,9232.26,3.54
Cuba,CUB,North America,Americas,Latin America and the Caribbean,2020,11176354,107351800000.0,9605.26,16.56
Curacao,CUW,North America,Americas,Latin America and the Caribbean,2011,150831,2930092235.0,19426.33,-1.22
Curacao,CUW,North America,Americas,Latin America and the Caribbean,2012,152088,3012836257.0,19809.82,3.18
Curacao,CUW,North America,Americas,Latin America and the Caribbean,2013,153822,3033568603.0,19721.29,1.33
Curacao,CUW,North America,Americas,Latin America and the Caribbean,2014,155909,3059406983.0,19623.03,1.5
Curacao,CUW,North America,Americas,Latin America and the Caribbean,2015,157980,3058779218.0,19361.81,-0.48
Curacao,CUW,North America,Americas,Latin America and the Caribbean,2016,159664,3024690168.0,18944.1,-0.05
Curacao,CUW,North America,Americas,Latin America and the Caribbean,2017,160175,3033433240.0,18938.24,1.59
Curacao,CUW,North America,Americas,Latin America and the Caribbean,2018,159336,3046364804.0,19119.12,2.58
Curacao,CUW,North America,Americas,Latin America and the Caribbean,2019,157441,3026124134.0,19220.69,2.63
Curacao,CUW,North America,Americas,Latin America and the Caribbean,2020,155482,2534327598.0,16299.81,2.68
Curacao,CUW,North America,Americas,Latin America and the Caribbean,2021,153948,2739608133.0,17795.67,3.76
Curacao,CUW,North America,Americas,Latin America and the Caribbean,2022,153321,3073840325.0,20048.4,5.0
Cyprus,CYP,Europe,Asia,Western Asia,2000,947667,9985844486.0,10537.29,2.74
Cyprus,CYP,Europe,Asia,Western Asia,2001,964127,10397897086.0,10784.78,3.66
Cyprus,CYP,Europe,Asia,Western Asia,2002,981440,11420227885.0,11636.2,0.3
Cyprus,CYP,Europe,Asia,Western Asia,2003,999590,14547325028.0,14553.29,5.39
Cyprus,CYP,Europe,Asia,Western Asia,2004,1017875,17320552500.0,17016.38,2.71
Cyprus,CYP,Europe,Asia,Western Asia,2005,1036151,18433411267.0,17790.28,2.02
Cyprus,CYP,Europe,Asia,Western Asia,2006,1054418,20072786351.0,19036.84,3.09
Cyprus,CYP,Europe,Asia,Western Asia,2007,1072714,23968764030.0,22344.04,4.14
Cyprus,CYP,Europe,Asia,Western Asia,2008,1091026,27844698989.0,25521.57,4.73
Cyprus,CYP,Europe,Asia,Western Asia,2009,1109371,26048249357.0,23480.2,0.26
Cyprus,CYP,Europe,Asia,Western Asia,2010,1127816,25799940416.0,22876.02,1.88
Cyprus,CYP,Europe,Asia,Western Asia,2011,1146493,27641551807.0,24109.66,1.62
Cyprus,CYP,Europe,Asia,Western Asia,2012,1165397,25047433100.0,21492.62,1.68
Cyprus,CYP,Europe,Asia,Western Asia,2013,1183895,23959708956.0,20238.04,-0.94
Cyprus,CYP,Europe,Asia,Western Asia,2014,1201801,23225912185.0,19325.92,-1.34
Cyprus,CYP,Europe,Asia,Western Asia,2015,1219502,19909269064.0,16325.74,-0.75
Cyprus,CYP,Europe,Asia,Western Asia,2016,1237112,21046452116.0,17012.57,-0.57
Cyprus,CYP,Europe,Asia,Western Asia,2017,1254275,22946583375.0,18294.7,1.02
Cyprus,CYP,Europe,Asia,Western Asia,2018,1270737,25597301191.0,20143.67,1.03
Cyprus,CYP,Europe,Asia,Western Asia,2019,1286671,25947020102.0,20166.01,1.35
Cyprus,CYP,Europe,Asia,Western Asia,2020,1302247,25227189745.0,19372.05,-1.21
Cyprus,CYP,Europe,Asia,Western Asia,2021,1317309,29482912835.0,22381.17,3.04
Cyprus,CYP,Europe,Asia,Western Asia,2022,1331370,29250532020.0,21970.25,6.69
Czechia,CZE,Europe,Europe,Eastern Europe,2000,10255063,61828166496.0,6029.04,1.76
Czechia,CZE,Europe,Europe,Eastern Europe,2001,10216605,67808032980.0,6637.04,4.93
Czechia,CZE,Europe,Europe,Eastern Europe,2002,10196916,82196001051.0,8060.87,2.8
Czechia,CZE,Europe,Europe,Eastern Europe,2003,10193998,100090467581.0,9818.57,1.41
Czechia,CZE,Europe,Europe,Eastern Europe,2004,10197101,119814434354.0,11749.85,4.06
Czechia,CZE,Europe,Europe,Eastern Europe,2005,10211216,137143471328.0,13430.67,0.12
Czechia,CZE,Europe,Europe,Eastern Europe,2006,10238905,156264095665.0,15261.8,0.68
Czechia,CZE,Europe,Europe,Eastern Europe,2007,10298828,190183800884.0,18466.55,3.56
Czechia,CZE,Europe,Europe,Eastern Europe,2008,10384603,236816485763.0,22804.58,2.03
Czechia,CZE,Europe,Europe,Eastern Europe,2009,10443936,207434296805.0,19861.7,2.65
Czechia,CZE,Europe,Europe,Eastern Europe,2010,10474410,209069940963.0,19960.07,-0.49
Czechia,CZE,Europe,Europe,Eastern Europe,2011,10496088,229562733399.0,21871.27,-0.22
Czechia,CZE,Europe,Europe,Eastern Europe,2012,10510785,208857719321.0,19870.8,1.34
Czechia,CZE,Europe,Europe,Eastern Europe,2013,10514272,211685616593.0,20133.17,1.27
Czechia,CZE,Europe,Europe,Eastern Europe,2014,10525347,209358834156.0,19890.92,2.71
Czechia,CZE,Europe,Europe,Eastern Europe,2015,10546059,188033050460.0,17829.7,1.23
Czechia,CZE,Europe,Europe,Eastern Europe,2016,10566332,196272068576.0,18575.23,1.49
Czechia,CZE,Europe,Europe,Eastern Europe,2017,10594438,218628940952.0,20636.2,1.68
Czechia,CZE,Europe,Europe,Eastern Europe,2018,10629928,249000540729.0,23424.48,2.81
Czechia,CZE,Europe,Europe,Eastern Europe,2019,10671870,252548179965.0,23664.85,3.84
Czechia,CZE,Europe,Europe,Eastern Europe,2020,10697858,245974558654.0,22992.88,4.52
Czechia,CZE,Europe,Europe,Eastern Europe,2021,10505772,281791218507.0,26822.51,4.03
Czechia,CZE,Europe,Europe,Eastern Europe,2022,10672118,290565654836.0,27226.62,8.67
Denmark,DNK,Europe,Europe,Northern Europe,2000,5339616,164158739098.0,30743.55,3.01
Denmark,DNK,Europe,Europe,Northern Europe,2001,5358783,164791442543.0,30751.65,2.52
Denmark,DNK,Europe,Europe,Northern Europe,2002,5375931,178635163717.0,33228.69,2.39
Denmark,DNK,Europe,Europe,Northern Europe,2003,5390574,218096033517.0,40458.78,1.49
Denmark,DNK,Europe,Europe,Northern Europe,2004,5404523,251373002954.0,46511.6,2.08
Denmark,DNK,Europe,Europe,Northern Europe,2005,5419432,264467336457.0,48799.83,2.9
Denmark,DNK,Europe,Europe,Northern Europe,2006,5437272,282884947703.0,52027.0,2.09
Denmark,DNK,Europe,Europe,Northern Europe,2007,5461438,319423424509.0,58487.05,2.42
Denmark,DNK,Europe,Europe,Northern Europe,2008,5493621,353361038818.0,64322.06,4.25
Denmark,DNK,Europe,Europe,Northern Europe,2009,5523095,321241303699.0,58163.28,0.57
Denmark,DNK,Europe,Europe,Northern Europe,2010,5547683,321995279402.0,58041.4,3.19
Denmark,DNK,Europe,Europe,Northern Europe,2011,5570572,344003137611.0,61753.65,0.65
Denmark,DNK,Europe,Europe,Northern Europe,2012,5591572,327148943812.0,58507.51,2.41
Denmark,DNK,Europe,Europe,Northern Europe,2013,5614932,343584391648.0,61191.19,0.85
Denmark,DNK,Europe,Europe,Northern Europe,2014,5643475,352993631618.0,62548.98,1.02
Denmark,DNK,Europe,Europe,Northern Europe,2015,5683483,302673070847.0,53254.86,0.41
Denmark,DNK,Europe,Europe,Northern Europe,2016,5728010,313115929314.0,54664.0,0.43
Denmark,DNK,Europe,Europe,Northern Europe,2017,5764980,332121063806.0,57610.1,1.1
Denmark,DNK,Europe,Europe,Northern Europe,2018,5793636,356841216410.0,61591.93,0.59
Denmark,DNK,Europe,Europe,Northern Europe,2019,5814422,346498737962.0,59592.98,0.95
Denmark,DNK,Europe,Europe,Northern Europe,2020,5831404,354762748339.0,60836.59,2.83
Denmark,DNK,Europe,Europe,Northern Europe,2021,5856733,405687998853.0,69268.65,2.77
Denmark,DNK,Europe,Europe,Northern Europe,2022,5903037,400167196949.0,67790.05,9.1
Djibouti,DJI,Africa,Africa,Sub-Saharan Africa,2000,747318,551230862.0,737.61,
Djibouti,DJI,Africa,Africa,Sub-Saharan Africa,2001,771313,572417441.0,742.13,
Djibouti,DJI,Africa,Africa,Sub-Saharan Africa,2002,795574,591122040.0,743.01,
Djibouti,DJI,Africa,Africa,Sub-Saharan Africa,2003,813519,622044666.0,764.63,
Djibouti,DJI,Africa,Africa,Sub-Saharan Africa,2004,826124,666072102.0,806.26,
Djibouti,DJI,Africa,Africa,Sub-Saharan Africa,2005,839167,708633195.0,844.45,
Djibouti,DJI,Africa,Africa,Sub-Saharan Africa,2006,855764,768873684.0,898.46,
Djibouti,DJI,Africa,Africa,Sub-Saharan Africa,2007,874528,847918929.0,969.57,
Djibouti,DJI,Africa,Africa,Sub-Saharan Africa,2008,892734,999105339.0,1119.15,
Djibouti,DJI,Africa,Africa,Sub-Saharan Africa,2009,911527,1049110685.0,1150.94,
Djibouti,DJI,Africa,Africa,Sub-Saharan Africa,2010,930251,1128611700.0,1213.23,
Djibouti,DJI,Africa,Africa,Sub-Saharan Africa,2011,948558,1239144502.0,1306.35,
Djibouti,DJI,Africa,Africa,Sub-Saharan Africa,2012,966747,1353632942.0,1400.19,
Djibouti,DJI,Africa,Africa,Sub-Saharan Africa,2013,984824,2042817163.0,2074.3,
Djibouti,DJI,Africa,Africa,Sub-Saharan Africa,2014,1002717,2214679081.0,2208.68,1.26
Djibouti,DJI,Africa,Africa,Sub-Saharan Africa,2015,1020313,2424391785.0,2376.13,1.81
Djibouti,DJI,Africa,Africa,Sub-Saharan Africa,2016,1037653,2604955229.0,2510.43,0.3
Djibouti,DJI,Africa,Africa,Sub-Saharan Africa,2017,1054841,2762581334.0,2618.96,0.56
Djibouti,DJI,Africa,Africa,Sub-Saharan Africa,2018,1071882,2913466732.0,2718.09,0.66
Djibouti,DJI,Africa,Africa,Sub-Saharan Africa,2019,1088709,3088853639.0,2837.17,0.45
Djibouti,DJI,Africa,Africa,Sub-Saharan Africa,2020,1105188,3185150981.0,2882.0,1.78
Djibouti,DJI,Africa,Africa,Sub-Saharan Africa,2021,1121248,3385825229.0,3019.69,1.7
Djibouti,DJI,Africa,Africa,Sub-Saharan Africa,2022,1137096,3674298479.0,3231.3,4.62
Dominica,DMA,North America,Americas,Latin America and the Caribbean,2000,68511,333470370.0,4867.4,-1.78
Dominica,DMA,North America,Americas,Latin America and the Caribbean,2001,68288,340203704.0,4981.9,2.08
Dominica,DMA,North America,Americas,Latin America and the Caribbean,2002,68367,333196296.0,4873.64,0.79
Dominica,DMA,North America,Americas,Latin America and the Caribbean,2003,68531,343311111.0,5009.57,-3.12
Dominica,DMA,North America,Americas,Latin America and the Caribbean,2004,68649,367200000.0,5348.95,3.79
Dominica,DMA,North America,Americas,Latin America and the Caribbean,2005,68734,364255556.0,5299.5,-1.45
Dominica,DMA,North America,Americas,Latin America and the Caribbean,2006,68806,390251852.0,5671.77,2.37
Dominica,DMA,North America,Americas,Latin America and the Caribbean,2007,68847,421374074.0,6120.44,1.53
Dominica,DMA,North America,Americas,Latin America and the Caribbean,2008,68854,458188889.0,6654.5,1.51
Dominica,DMA,North America,Americas,Latin America and the Caribbean,2009,68864,489074074.0,7102.03,8.0
Dominica,DMA,North America,Americas,Latin America and the Caribbean,2010,68859,493825926.0,7171.55,0.3
Dominica,DMA,North America,Americas,Latin America and the Caribbean,2011,69053,501025926.0,7255.67,1.69
Dominica,DMA,North America,Americas,Latin America and the Caribbean,2012,69118,485996296.0,7031.4,-1.96
Dominica,DMA,North America,Americas,Latin America and the Caribbean,2013,69715,498296296.0,7147.62,3.57
Dominica,DMA,North America,Americas,Latin America and the Caribbean,2014,70373,520429630.0,7395.3,-0.3
Dominica,DMA,North America,Americas,Latin America and the Caribbean,2015,70410,540737037.0,7679.83,6.82
Dominica,DMA,North America,Americas,Latin America and the Caribbean,2016,69606,576229630.0,8278.45,3.7
Dominica,DMA,North America,Americas,Latin America and the Caribbean,2017,68496,521551852.0,7614.34,-3.07
Dominica,DMA,North America,Americas,Latin America and the Caribbean,2018,68174,554770370.0,8137.57,2.72
Dominica,DMA,North America,Americas,Latin America and the Caribbean,2019,67880,611537037.0,9009.09,4.48
Dominica,DMA,North America,Americas,Latin America and the Caribbean,2020,67573,504214815.0,7461.78,-1.13
Dominica,DMA,North America,Americas,Latin America and the Caribbean,2021,67202,555266667.0,8262.65,3.03
Dominica,DMA,North America,Americas,Latin America and the Caribbean,2022,66826,607159259.0,9085.67,3.56
Dominican Republic,DOM,North America,Americas,Latin America and the Caribbean,2000,8584190,24305780629.0,2831.46,7.21
Dominican Republic,DOM,North America,Americas,Latin America and the Caribbean,2001,8720283,25601823688.0,2935.89,6.04
Dominican Republic,DOM,North America,Americas,Latin America and the Caribbean,2002,8852235,27137440786.0,3065.6,6.92
Dominican Republic,DOM,North America,Americas,Latin America and the Caribbean,2003,8980620,21403167848.0,2383.26,33.46
Dominican Republic,DOM,North America,Americas,Latin America and the Caribbean,2004,9104892,22322387382.0,2451.69,45.17
Dominican Republic,DOM,North America,Americas,Latin America and the Caribbean,2005,9225034,35777560684.0,3878.31,5.78
Dominican Republic,DOM,North America,Americas,Latin America and the Caribbean,2006,9341183,37879830084.0,4055.14,6.64
Dominican Republic,DOM,North America,Americas,Latin America and the Caribbean,2007,9455658,43965458509.0,4649.65,7.64
Dominican Republic,DOM,North America,Americas,Latin America and the Caribbean,2008,9573130,48122601530.0,5026.84,10.39
Dominican Republic,DOM,North America,Americas,Latin America and the Caribbean,2009,9695265,48261078914.0,4977.8,3.5
Dominican Republic,DOM,North America,Americas,Latin America and the Caribbean,2010,9820175,53860187258.0,5484.65,5.44
Dominican Republic,DOM,North America,Americas,Latin America and the Caribbean,2011,9945621,58029773599.0,5834.71,8.06
Dominican Republic,DOM,North America,Americas,Latin America and the Caribbean,2012,10070411,60681535653.0,6025.73,5.1
Dominican Republic,DOM,North America,Americas,Latin America and the Caribbean,2013,10193833,62682159338.0,6149.03,4.69
Dominican Republic,DOM,North America,Americas,Latin America and the Caribbean,2014,10315528,67179955677.0,6512.51,4.32
Dominican Republic,DOM,North America,Americas,Latin America and the Caribbean,2015,10434829,71164826837.0,6819.93,2.47
Dominican Republic,DOM,North America,Americas,Latin America and the Caribbean,2016,10551430,75704647878.0,7174.82,1.99
Dominican Republic,DOM,North America,Americas,Latin America and the Caribbean,2017,10666843,79998046306.0,7499.69,4.18
Dominican Republic,DOM,North America,Americas,Latin America and the Caribbean,2018,10782053,85555390139.0,7934.98,4.12
Dominican Republic,DOM,North America,Americas,Latin America and the Caribbean,2019,10894043,88941372558.0,8164.22,2.53
Dominican Republic,DOM,North America,Americas,Latin America and the Caribbean,2020,11008300,78844656298.0,7162.29,4.72
Dominican Republic,DOM,North America,Americas,Latin America and the Caribbean,2021,11123476,94243425938.0,8472.48,7.78
Dominican Republic,DOM,North America,Americas,Latin America and the Caribbean,2022,11230734,113537368176.0,10109.52,10.71
Ecuador,ECU,South America,Americas,Latin America and the Caribbean,2000,12689206,17539454727.0,1382.23,-11.68
Ecuador,ECU,South America,Americas,Latin America and the Caribbean,2001,12910740,23127055000.0,1791.3,26.6
Ecuador,ECU,South America,Americas,Latin America and the Caribbean,2002,13138472,27054197000.0,2059.16,11.49
Ecuador,ECU,South America,Americas,Latin America and the Caribbean,2003,13372306,30965208000.0,2315.62,11.25
Ecuador,ECU,South America,Americas,Latin America and the Caribbean,2004,13608701,35194947000.0,2586.21,6.39
Ecuador,ECU,South America,Americas,Latin America and the Caribbean,2005,13846163,40278849000.0,2909.03,8.58
Ecuador,ECU,South America,Americas,Latin America and the Caribbean,2006,14086131,45690762000.0,3243.67,8.72
Ecuador,ECU,South America,Americas,Latin America and the Caribbean,2007,14328773,49848725000.0,3478.92,7.06
Ecuador,ECU,South America,Americas,Latin America and the Caribbean,2008,14575202,61139438000.0,4194.76,15.09
Ecuador,ECU,South America,Americas,Latin America and the Caribbean,2009,14825954,60094978000.0,4053.36,-2.77
Ecuador,ECU,South America,Americas,Latin America and the Caribbean,2010,15076695,68151329000.0,4520.31,9.01
Ecuador,ECU,South America,Americas,Latin America and the Caribbean,2011,15326227,78986648000.0,5153.69,6.84
Ecuador,ECU,South America,Americas,Latin America and the Caribbean,2012,15572194,87735048000.0,5634.08,5.0
Ecuador,ECU,South America,Americas,Latin America and the Caribbean,2013,15807128,96570334000.0,6109.29,2.67
Ecuador,ECU,South America,Americas,Latin America and the Caribbean,2014,16035124,102717794000.0,6405.8,2.05
Ecuador,ECU,South America,Americas,Latin America and the Caribbean,2015,16266225,97209558000.0,5976.16,-5.48
Ecuador,ECU,South America,Americas,Latin America and the Caribbean,2016,16505139,97671433000.0,5917.64,1.17
Ecuador,ECU,South America,Americas,Latin America and the Caribbean,2017,16759519,104467486000.0,6233.32,0.93
Ecuador,ECU,South America,Americas,Latin America and the Caribbean,2018,17049547,107478962000.0,6303.92,1.82
Ecuador,ECU,South America,Americas,Latin America and the Caribbean,2019,17340021,107595829000.0,6205.06,-0.06
Ecuador,ECU,South America,Americas,Latin America and the Caribbean,2020,17546065,95865472000.0,5463.65,-1.83
Ecuador,ECU,South America,Americas,Latin America and the Caribbean,2021,17682454,107435101000.0,6075.8,2.05
Ecuador,ECU,South America,Americas,Latin America and the Caribbean,2022,17823897,116586079000.0,6541.0,2.2
"Egypt, Arab Rep.",EGY,Africa,Africa,Northern Africa,2000,73083284,99838543960.0,1366.09,3.94
"Egypt, Arab Rep.",EGY,Africa,Africa,Northern Africa,2001,74652029,96684636119.0,1295.14,1.87
"Egypt, Arab Rep.",EGY,Africa,Africa,Northern Africa,2002,76239137,85146067416.0,1116.83,3.17
"Egypt, Arab Rep.",EGY,Africa,Africa,Northern Africa,2003,77853548,80288461538.0,1031.28,6.78
"Egypt, Arab Rep.",EGY,Africa,Africa,Northern Africa,2004,79477443,78782467532.0,991.26,11.67
"Egypt, Arab Rep.",EGY,Africa,Africa,Northern Africa,2005,81101004,89600665557.0,1104.8,6.21
"Egypt, Arab Rep.",EGY,Africa,Africa,Northern Africa,2006,82700403,107426086957.0,1298.98,7.36
"Egypt, Arab Rep.",EGY,Africa,Africa,Northern Africa,2007,84276225,130437828371.0,1547.74,12.6
"Egypt, Arab Rep.",EGY,Africa,Africa,Northern Africa,2008,85864789,162818181818.0,1896.22,12.2
"Egypt, Arab Rep.",EGY,Africa,Africa,Northern Africa,2009,87501636,189147005445.0,2161.64,11.19
"Egypt, Arab Rep.",EGY,Africa,Africa,Northern Africa,2010,89196072,218983666062.0,2455.08,10.11
"Egypt, Arab Rep.",EGY,Africa,Africa,Northern Africa,2011,91093059,235989672978.0,2590.64,11.66
"Egypt, Arab Rep.",EGY,Africa,Africa,Northern Africa,2012,93161001,279116666667.0,2996.07,19.48
"Egypt, Arab Rep.",EGY,Africa,Africa,Northern Africa,2013,95333553,288434108527.0,3025.53,8.71
"Egypt, Arab Rep.",EGY,Africa,Africa,Northern Africa,2014,97528654,305595408895.0,3133.39,11.25
"Egypt, Arab Rep.",EGY,Africa,Africa,Northern Africa,2015,99597342,329366576819.0,3306.98,9.93
"Egypt, Arab Rep.",EGY,Africa,Africa,Northern Africa,2016,101644589,332441717791.0,3270.63,6.25
"Egypt, Arab Rep.",EGY,Africa,Africa,Northern Africa,2017,103696057,248362771739.0,2395.1,29.52
"Egypt, Arab Rep.",EGY,Africa,Africa,Northern Africa,2018,105682094,262588632527.0,2484.7,21.17
"Egypt, Arab Rep.",EGY,Africa,Africa,Northern Africa,2019,107553158,318678815490.0,2962.99,13.62
"Egypt, Arab Rep.",EGY,Africa,Africa,Northern Africa,2020,109315124,383817841547.0,3511.11,6.18
"Egypt, Arab Rep.",EGY,Africa,Africa,Northern Africa,2021,110957008,424671765456.0,3827.35,4.85
"Egypt, Arab Rep.",EGY,Africa,Africa,Northern Africa,2022,112618250,476747720365.0,4233.31,10.43
El Salvador,SLV,North America,Americas,Latin America and the Caribbean,2000,5943366,11784927700.0,1982.87,3.27
El Salvador,SLV,North America,Americas,Latin America and the Caribbean,2001,5968060,12282533600.0,2058.04,3.31
El Salvador,SLV,North America,Americas,Latin America and the Caribbean,2002,5986631,12664190300.0,2115.41,1.51
El Salvador,SLV,North America,Americas,Latin America and the Caribbean,2003,5998599,13243892200.0,2207.83,2.97
El Salvador,SLV,North America,Americas,Latin America and the Caribbean,2004,6004671,13724810900.0,2285.69,2.72
El Salvador,SLV,North America,Americas,Latin America and the Caribbean,2005,6005578,14698000000.0,2447.39,4.29
El Salvador,SLV,North America,Americas,Latin America and the Caribbean,2006,6002319,15999890000.0,2665.62,4.33
El Salvador,SLV,North America,Americas,Latin America and the Caribbean,2007,6009824,17011750000.0,2830.66,4.4
El Salvador,SLV,North America,Americas,Latin America and the Caribbean,2008,6029297,17986890000.0,2983.25,3.5
El Salvador,SLV,North America,Americas,Latin America and the Caribbean,2009,6048279,17601620000.0,2910.19,-0.03
El Salvador,SLV,North America,Americas,Latin America and the Caribbean,2010,6068249,18447920000.0,3040.07,2.6
El Salvador,SLV,North America,Americas,Latin America and the Caribbean,2011,6090127,20283780000.0,3330.6,5.95
El Salvador,SLV,North America,Americas,Latin America and the Caribbean,2012,6113975,21386150000.0,3497.91,2.48
El Salvador,SLV,North America,Americas,Latin America and the Caribbean,2013,6138839,21990960000.0,3582.27,0.63
El Salvador,SLV,North America,Americas,Latin America and the Caribbean,2014,6162955,22593470000.0,3666.01,0.99
El Salvador,SLV,North America,Americas,Latin America and the Caribbean,2015,6183676,23438240000.0,3790.34,1.31
El Salvador,SLV,North America,Americas,Latin America and the Caribbean,2016,6200800,24191430000.0,3901.34,0.66
El Salvador,SLV,North America,Americas,Latin America and the Caribbean,2017,6213533,24979190000.0,4020.13,0.99
El Salvador,SLV,North America,Americas,Latin America and the Caribbean,2018,6219807,26020850000.0,4183.55,1.72
El Salvador,SLV,North America,Americas,Latin America and the Caribbean,2019,6222318,26881140000.0,4320.12,0.85
El Salvador,SLV,North America,Americas,Latin America and the Caribbean,2020,6234673,24921190000.0,3997.19,0.65
El Salvador,SLV,North America,Americas,Latin America and the Caribbean,2021,6255782,29043140000.0,4642.61,4.14
El Salvador,SLV,North America,Americas,Latin America and the Caribbean,2022,6280319,31988920000.0,5093.52,7.14
Equatorial Guinea,GNQ,Africa,Africa,Sub-Saharan Africa,2000,703279,1045998496.0,1487.32,64.74
Equatorial Guinea,GNQ,Africa,Africa,Sub-Saharan Africa,2001,749836,1461139022.0,1948.61,-11.97
Equatorial Guinea,GNQ,Africa,Africa,Sub-Saharan Africa,2002,797957,1806742742.0,2264.21,-1.58
Equatorial Guinea,GNQ,Africa,Africa,Sub-Saharan Africa,2003,847862,2484745935.0,2930.6,0.64
Equatorial Guinea,GNQ,Africa,Africa,Sub-Saharan Africa,2004,899917,4410764339.0,4901.3,16.92
Equatorial Guinea,GNQ,Africa,Africa,Sub-Saharan Africa,2005,947367,8217369093.0,8673.9,59.33
Equatorial Guinea,GNQ,Africa,Africa,Sub-Saharan Africa,2006,990343,10086528699.0,10184.88,12.98
Equatorial Guinea,GNQ,Africa,Africa,Sub-Saharan Africa,2007,1036044,13071718759.0,12616.95,3.04
Equatorial Guinea,GNQ,Africa,Africa,Sub-Saharan Africa,2008,1084530,19749893536.0,18210.56,19.84
Equatorial Guinea,GNQ,Africa,Africa,Sub-Saharan Africa,2009,1135673,15027795173.0,13232.5,-20.83
Equatorial Guinea,GNQ,Africa,Africa,Sub-Saharan Africa,2010,1189085,16314443436.0,13720.17,24.91
Equatorial Guinea,GNQ,Africa,Africa,Sub-Saharan Africa,2011,1241835,21357343669.0,17198.21,17.05
Equatorial Guinea,GNQ,Africa,Africa,Sub-Saharan Africa,2012,1293483,22388344144.0,17308.57,4.85
Equatorial Guinea,GNQ,Africa,Africa,Sub-Saharan Africa,2013,1346218,21948834284.0,16304.07,-1.07
Equatorial Guinea,GNQ,Africa,Africa,Sub-Saharan Africa,2014,1399828,21765453082.0,15548.66,-1.27
Equatorial Guinea,GNQ,Africa,Africa,Sub-Saharan Africa,2015,1453923,13185496881.0,9068.91,-20.19
Equatorial Guinea,GNQ,Africa,Africa,Sub-Saharan Africa,2016,1508186,11240808848.0,7453.2,-6.29
Equatorial Guinea,GNQ,Africa,Africa,Sub-Saharan Africa,2017,1562396,12200913879.0,7809.1,12.74
Equatorial Guinea,GNQ,Africa,Africa,Sub-Saharan Africa,2018,1616422,13097012134.0,8102.47,9.51
Equatorial Guinea,GNQ,Africa,Africa,Sub-Saharan Africa,2019,1670177,11364133550.0,6804.15,-3.16
Equatorial Guinea,GNQ,Africa,Africa,Sub-Saharan Africa,2020,1716468,9893816008.0,5764.06,-10.17
Equatorial Guinea,GNQ,Africa,Africa,Sub-Saharan Africa,2021,1758786,12215878033.0,6945.63,17.94
Equatorial Guinea,GNQ,Africa,Africa,Sub-Saharan Africa,2022,1803545,13486788879.0,7477.93,22.1
Eritrea,ERI,Africa,Africa,Sub-Saharan Africa,2000,2247031,706370816.0,314.36,24.98
Eritrea,ERI,Africa,Africa,Sub-Saharan Africa,2001,2312079,752371689.0,325.41,15.08
Eritrea,ERI,Africa,Africa,Sub-Saharan Africa,2002,2392978,729321680.0,304.78,16.15
Eritrea,ERI,Africa,Africa,Sub-Saharan Africa,2003,2493903,870248268.0,348.95,21.87
Eritrea,ERI,Africa,Africa,Sub-Saharan Africa,2004,2598284,1109054005.0,426.84,24.8
Eritrea,ERI,Africa,Africa,Sub-Saharan Africa,2005,2661215,1098424686.0,412.75,7.62
Eritrea,ERI,Africa,Africa,Sub-Saharan Africa,2006,2703502,1211161880.0,448.0,11.39
Eritrea,ERI,Africa,Africa,Sub-Saharan Africa,2007,2743222,1317974491.0,480.45,7.29
Eritrea,ERI,Africa,Africa,Sub-Saharan Africa,2008,2816327,1380188800.0,490.07,16.08
Eritrea,ERI,Africa,Africa,Sub-Saharan Africa,2009,2887885,1856695551.0,642.93,29.5
Eritrea,ERI,Africa,Africa,Sub-Saharan Africa,2010,2945186,1589515447.0,539.7,-16.23
Eritrea,ERI,Africa,Africa,Sub-Saharan Africa,2011,2998485,2065001626.0,688.68,19.54
Estonia,EST,Europe,Europe,Northern Europe,2000,1396985,5686579748.0,4070.61,3.68
Estonia,EST,Europe,Europe,Northern Europe,2001,1388115,6254649539.0,4505.86,6.85
Estonia,EST,Europe,Europe,Northern Europe,2002,1379350,7367975888.0,5341.63,4.8
Estonia,EST,Europe,Europe,Northern Europe,2003,1370720,9874013098.0,7203.52,3.89
Estonia,EST,Europe,Europe,Northern Europe,2004,1362550,12145911801.0,8914.1,4.69
Estonia,EST,Europe,Europe,Northern Europe,2005,1354775,14106790200.0,10412.64,5.92
Estonia,EST,Europe,Europe,Northern Europe,2006,1346810,17022870405.0,12639.4,8.98
Estonia,EST,Europe,Europe,Northern Europe,2007,1340680,22449129483.0,16744.58,12.35
Estonia,EST,Europe,Europe,Northern Europe,2008,1337090,24341678629.0,18204.97,6.8
Estonia,EST,Europe,Europe,Northern Europe,2009,1334515,19633031398.0,14711.74,-0.39
Estonia,EST,Europe,Europe,Northern Europe,2010,1331475,19523477326.0,14663.04,1.82
Estonia,EST,Europe,Europe,Northern Europe,2011,1327439,23213994093.0,17487.8,5.54
Estonia,EST,Europe,Europe,Northern Europe,2012,1322696,23019150071.0,17403.21,4.21
Estonia,EST,Europe,Europe,Northern Europe,2013,1317997,25115753366.0,19056.0,4.12
Estonia,EST,Europe,Europe,Northern Europe,2014,1314545,26634083965.0,20261.07,2.86
Estonia,EST,Europe,Europe,Northern Europe,2015,1315407,22890762090.0,17402.04,1.31
Estonia,EST,Europe,Europe,Northern Europe,2016,1315790,24072829277.0,18295.34,2.44
Estonia,EST,Europe,Europe,Northern Europe,2017,1317384,26924385103.0,20437.77,3.74
Estonia,EST,Europe,Europe,Northern Europe,2018,1321977,30624720196.0,23165.85,4.85
Estonia,EST,Europe,Europe,Northern Europe,2019,1326898,31290453294.0,23581.66,3.82
Estonia,EST,Europe,Europe,Northern Europe,2020,1329522,31330419851.0,23565.18,0.75
Estonia,EST,Europe,Europe,Northern Europe,2021,1330932,36864792512.0,27698.48,5.37
Estonia,EST,Europe,Europe,Northern Europe,2022,1348840,37921480882.0,28114.14,15.78
Eswatini,SWZ,Africa,Africa,Sub-Saharan Africa,2000,1041414,1738093840.0,1668.97,25.34
Eswatini,SWZ,Africa,Africa,Sub-Saharan Africa,2001,1051064,1542477309.0,1467.54,8.94
Eswatini,SWZ,Africa,Africa,Sub-Saharan Africa,2002,1059441,1432221739.0,1351.87,8.91
Eswatini,SWZ,Africa,Africa,Sub-Saharan Africa,2003,1066700,2197598466.0,2060.18,6.01
Eswatini,SWZ,Africa,Africa,Sub-Saharan Africa,2004,1073159,2770082792.0,2581.24,3.87
Eswatini,SWZ,Africa,Africa,Sub-Saharan Africa,2005,1079022,3178112499.0,2945.36,6.56
Eswatini,SWZ,Africa,Africa,Sub-Saharan Africa,2006,1084436,3291330019.0,3035.06,4.04
Eswatini,SWZ,Africa,Africa,Sub-Saharan Africa,2007,1090705,3469381231.0,3180.86,5.01
Eswatini,SWZ,Africa,Africa,Sub-Saharan Africa,2008,1098091,3294084314.0,2999.83,10.43
Eswatini,SWZ,Africa,Africa,Sub-Saharan Africa,2009,1105153,3580428053.0,3239.76,9.77
Eswatini,SWZ,Africa,Africa,Sub-Saharan Africa,2010,1111650,4438765086.0,3992.95,3.2
Eswatini,SWZ,Africa,Africa,Sub-Saharan Africa,2011,1117833,4820478680.0,4312.34,5.34
Eswatini,SWZ,Africa,Africa,Sub-Saharan Africa,2012,1123863,4886551484.0,4348.0,8.75
Eswatini,SWZ,Africa,Africa,Sub-Saharan Africa,2013,1129990,4597552982.0,4068.67,2.38
Eswatini,SWZ,Africa,Africa,Sub-Saharan Africa,2014,1136299,4422986272.0,3892.45,6.31
Eswatini,SWZ,Africa,Africa,Sub-Saharan Africa,2015,1142813,4063245671.0,3555.48,5.73
Eswatini,SWZ,Africa,Africa,Sub-Saharan Africa,2016,1149507,3816019193.0,3319.7,6.52
Eswatini,SWZ,Africa,Africa,Sub-Saharan Africa,2017,1158195,4402969226.0,3801.58,5.9
Eswatini,SWZ,Africa,Africa,Sub-Saharan Africa,2018,1168929,4666598024.0,3992.2,3.5
Eswatini,SWZ,Africa,Africa,Sub-Saharan Africa,2019,1179874,4495267266.0,3809.96,2.55
Eswatini,SWZ,Africa,Africa,Sub-Saharan Africa,2020,1192729,3982236694.0,3338.76,4.86
Eswatini,SWZ,Africa,Africa,Sub-Saharan Africa,2021,1206593,4850842541.0,4020.28,0.17
Eswatini,SWZ,Africa,Africa,Sub-Saharan Africa,2022,1218917,4790922789.0,3930.47,9.77
Ethiopia,ETH,Africa,Africa,Sub-Saharan Africa,2000,67411494,8242349618.0,122.27,6.8
Ethiopia,ETH,Africa,Africa,Sub-Saharan Africa,2001,69487762,8231326016.0,118.46,-5.76
Ethiopia,ETH,Africa,Africa,Sub-Saharan Africa,2002,71635517,7850809498.0,109.59,-3.62
Ethiopia,ETH,Africa,Africa,Sub-Saharan Africa,2003,73832663,8623691300.0,116.8,12.77
Ethiopia,ETH,Africa,Africa,Sub-Saharan Africa,2004,76077206,10131187261.0,133.17,3.91
Ethiopia,ETH,Africa,Africa,Sub-Saharan Africa,2005,78367470,12401139454.0,158.24,9.88
Ethiopia,ETH,Africa,Africa,Sub-Saharan Africa,2006,80703490,15280861835.0,189.35,11.55
Ethiopia,ETH,Africa,Africa,Sub-Saharan Africa,2007,83103217,19707616773.0,237.15,17.22
Ethiopia,ETH,Africa,Africa,Sub-Saharan Africa,2008,85543668,27066912635.0,316.41,30.31
Ethiopia,ETH,Africa,Africa,Sub-Saharan Africa,2009,88007636,32437389116.0,368.57,24.15
Ethiopia,ETH,Africa,Africa,Sub-Saharan Africa,2010,90538514,29933790334.0,330.62,1.44
Ethiopia,ETH,Africa,Africa,Sub-Saharan Africa,2011,93149970,31952763089.0,343.02,20.06
Ethiopia,ETH,Africa,Africa,Sub-Saharan Africa,2012,95798767,43310721414.0,452.1,33.54
Ethiopia,ETH,Africa,Africa,Sub-Saharan Africa,2013,98438751,47648276605.0,484.04,4.9
Ethiopia,ETH,Africa,Africa,Sub-Saharan Africa,2014,101115610,55612228234.0,549.99,10.98
Ethiopia,ETH,Africa,Africa,Sub-Saharan Africa,2015,103867135,64589328551.0,621.85,10.84
Ethiopia,ETH,Africa,Africa,Sub-Saharan Africa,2016,106718162,74296745208.0,696.2,10.4
Ethiopia,ETH,Africa,Africa,Sub-Saharan Africa,2017,109666481,81770886826.0,745.63,6.68
Ethiopia,ETH,Africa,Africa,Sub-Saharan Africa,2018,112664152,84269196626.0,747.97,12.38
Ethiopia,ETH,Africa,Africa,Sub-Saharan Africa,2019,115737383,95912607722.0,828.71,12.86
Ethiopia,ETH,Africa,Africa,Sub-Saharan Africa,2020,118917671,107657734392.0,905.31,18.25
Ethiopia,ETH,Africa,Africa,Sub-Saharan Africa,2021,122138588,111261882958.0,910.95,21.76
Ethiopia,ETH,Africa,Africa,Sub-Saharan Africa,2022,125384287,126772703048.0,1011.07,34.67
Faroe Islands,FRO,Europe,Europe,Northern Europe,2000,45754,1067109531.0,23322.76,
Faroe Islands,FRO,Europe,Europe,Northern Europe,2001,46635,1160268212.0,24879.77,
Faroe Islands,FRO,Europe,Europe,Northern Europe,2002,47335,1275093689.0,26937.65,
Faroe Islands,FRO,Europe,Europe,Northern Europe,2003,48032,1501941581.0,31269.6,
Faroe Islands,FRO,Europe,Europe,Northern Europe,2004,48384,1724770771.0,35647.54,
Faroe Islands,FRO,Europe,Europe,Northern Europe,2005,48359,1759739599.0,36389.08,
Faroe Islands,FRO,Europe,Europe,Northern Europe,2006,48335,2017680835.0,41743.68,
Faroe Islands,FRO,Europe,Europe,Northern Europe,2007,48378,2339015313.0,48348.74,
Faroe Islands,FRO,Europe,Europe,Northern Europe,2008,48547,2489873250.0,51287.89,
Faroe Islands,FRO,Europe,Europe,Northern Europe,2009,48791,2296065170.0,47059.19,1.59
Faroe Islands,FRO,Europe,Europe,Northern Europe,2010,48657,2331796784.0,47923.15,6.95
Faroe Islands,FRO,Europe,Europe,Northern Europe,2011,48543,2505740669.0,51618.99,-0.95
Faroe Islands,FRO,Europe,Europe,Northern Europe,2012,48291,2427200389.0,50261.96,-2.4
Faroe Islands,FRO,Europe,Europe,Northern Europe,2013,48246,2690110521.0,55758.21,1.52
Faroe Islands,FRO,Europe,Europe,Northern Europe,2014,48428,2914012679.0,60172.06,2.67
Faroe Islands,FRO,Europe,Europe,Northern Europe,2015,48899,2573905971.0,52637.19,4.88
Faroe Islands,FRO,Europe,Europe,Northern Europe,2016,49464,2813278869.0,56875.28,7.87
Faroe Islands,FRO,Europe,Europe,Northern Europe,2017,50180,2980057378.0,59387.35,0.38
Faroe Islands,FRO,Europe,Europe,Northern Europe,2018,50996,3188600927.0,62526.49,-0.43
Faroe Islands,FRO,Europe,Europe,Northern Europe,2019,51792,3266432734.0,63068.29,3.5
Faroe Islands,FRO,Europe,Europe,Northern Europe,2020,52565,3262045883.0,62057.37,-0.11
Faroe Islands,FRO,Europe,Europe,Northern Europe,2021,53296,3655063938.0,68580.46,2.03
Faroe Islands,FRO,Europe,Europe,Northern Europe,2022,53912,3555929833.0,65958.04,5.78
Fiji,FJI,Oceania,Oceania,Melanesia,2000,840909,1678219508.0,1995.72,-4.72
Fiji,FJI,Oceania,Oceania,Melanesia,2001,849596,1652462023.0,1945.0,3.25
Fiji,FJI,Oceania,Oceania,Melanesia,2002,858049,1833279985.0,2136.57,3.27
Fiji,FJI,Oceania,Oceania,Melanesia,2003,866286,2300492465.0,2655.58,7.7
Fiji,FJI,Oceania,Oceania,Melanesia,2004,874366,2708078477.0,3097.19,2.19
Fiji,FJI,Oceania,Oceania,Melanesia,2005,882379,2980403845.0,3377.69,6.65
Fiji,FJI,Oceania,Oceania,Melanesia,2006,890365,3076305453.0,3455.11,3.75
Fiji,FJI,Oceania,Oceania,Melanesia,2007,897832,3378314600.0,3762.75,3.02
Fiji,FJI,Oceania,Oceania,Melanesia,2008,903399,3523185920.0,3899.92,2.16
Fiji,FJI,Oceania,Oceania,Melanesia,2009,907239,2870624636.0,3164.13,1.39
Fiji,FJI,Oceania,Oceania,Melanesia,2010,910419,3140166713.0,3449.14,4.23
Fiji,FJI,Oceania,Oceania,Melanesia,2011,912989,3779411899.0,4139.6,9.39
Fiji,FJI,Oceania,Oceania,Melanesia,2012,914918,3972028104.0,4341.4,3.58
Fiji,FJI,Oceania,Oceania,Melanesia,2013,916352,4189967999.0,4572.44,3.62
Fiji,FJI,Oceania,Oceania,Melanesia,2014,917585,4857104769.0,5293.36,12.51
Fiji,FJI,Oceania,Oceania,Melanesia,2015,918578,4682479894.0,5097.53,2.53
Fiji,FJI,Oceania,Oceania,Melanesia,2016,919166,4930213644.0,5363.79,2.63
Fiji,FJI,Oceania,Oceania,Melanesia,2017,918759,5353469174.0,5826.85,1.7
Fiji,FJI,Oceania,Oceania,Melanesia,2018,917180,5581425327.0,6085.42,1.43
Fiji,FJI,Oceania,Oceania,Melanesia,2019,914899,5444407198.0,5950.83,1.55
Fiji,FJI,Oceania,Oceania,Melanesia,2020,914963,4432466220.0,4844.42,-1.48
Fiji,FJI,Oceania,Oceania,Melanesia,2021,916711,4305031650.0,4696.17,-2.51
Fiji,FJI,Oceania,Oceania,Melanesia,2022,919422,4979979531.0,5416.42,2.45
Finland,FIN,Europe,Europe,Northern Europe,2000,5176209,126019543413.0,24345.91,1.64
Finland,FIN,Europe,Europe,Northern Europe,2001,5188008,129533107312.0,24967.79,3.3
Finland,FIN,Europe,Europe,Northern Europe,2002,5200598,140404460203.0,26997.75,0.94
Finland,FIN,Europe,Europe,Northern Europe,2003,5213014,171652458349.0,32927.68,0.19
Finland,FIN,Europe,Europe,Northern Europe,2004,5228172,197479443979.0,37772.18,0.6
Finland,FIN,Europe,Europe,Northern Europe,2005,5246096,204885494686.0,39054.85,0.93
Finland,FIN,Europe,Europe,Northern Europe,2006,5266268,217089269792.0,41222.6,0.92
Finland,FIN,Europe,Europe,Northern Europe,2007,5288720,256378067752.0,48476.39,2.75
Finland,FIN,Europe,Europe,Northern Europe,2008,5313399,285716311137.0,53772.79,3.04
Finland,FIN,Europe,Europe,Northern Europe,2009,5338871,253497520829.0,47481.48,1.78
Finland,FIN,Europe,Europe,Northern Europe,2010,5363352,249424310817.0,46505.3,0.35
Finland,FIN,Europe,Europe,Northern Europe,2011,5388272,275604356167.0,51148.93,2.6
Finland,FIN,Europe,Europe,Northern Europe,2012,5413971,258290060228.0,47708.06,2.95
Finland,FIN,Europe,Europe,Northern Europe,2013,5438972,271362405891.0,49892.22,2.56
Finland,FIN,Europe,Europe,Northern Europe,2014,5461512,274862826772.0,50327.24,1.64
Finland,FIN,Europe,Europe,Northern Europe,2015,5479531,234534382385.0,42801.91,1.63
Finland,FIN,Europe,Europe,Northern Europe,2016,5495303,240771351299.0,43814.03,0.06
Finland,FIN,Europe,Europe,Northern Europe,2017,5508214,255647979916.0,46412.14,0.84
Finland,FIN,Europe,Europe,Northern Europe,2018,5515525,275708001768.0,49987.63,1.99
Finland,FIN,Europe,Europe,Northern Europe,2019,5521606,268514916973.0,48629.86,1.48
Finland,FIN,Europe,Europe,Northern Europe,2020,5529543,271886077382.0,49169.72,1.64
Finland,FIN,Europe,Europe,Northern Europe,2021,5541017,296470417085.0,53504.69,2.43
Finland,FIN,Europe,Europe,Northern Europe,2022,5556106,281887430796.0,50734.71,5.45
France,FRA,Europe,Europe,Western Europe,2000,60918661,1365639660792.0,22417.43,1.42
France,FRA,Europe,Europe,Western Europe,2001,61364377,1377657339291.0,22450.44,1.9
France,FRA,Europe,Europe,Western Europe,2002,61812142,1501409382971.0,24289.88,2.06
France,FRA,Europe,Europe,Western Europe,2003,62249855,1844544792037.0,29631.31,1.8
France,FRA,Europe,Europe,Western Europe,2004,62707588,2119633181634.0,33801.86,1.63
France,FRA,Europe,Europe,Western Europe,2005,63180854,2196945232436.0,34772.33,1.96
France,FRA,Europe,Europe,Western Europe,2006,63622342,2320536221305.0,36473.61,2.0
France,FRA,Europe,Europe,Western Europe,2007,64016890,2660591246212.0,41560.77,2.39
France,FRA,Europe,Europe,Western Europe,2008,64375116,2930303780828.0,45519.2,2.3
France,FRA,Europe,Europe,Western Europe,2009,64706436,2700887366932.0,41740.63,0.11
France,FRA,Europe,Europe,Western Europe,2010,65026211,2645187882117.0,40678.79,1.09
France,FRA,Europe,Europe,Western Europe,2011,65340830,2865157541994.0,43849.42,0.85
France,FRA,Europe,Europe,Western Europe,2012,65657659,2683671716967.0,40873.7,1.08
France,FRA,Europe,Europe,Western Europe,2013,65997932,2811876903329.0,42605.53,0.75
France,FRA,Europe,Europe,Western Europe,2014,66312067,2855964488590.0,43068.55,0.57
France,FRA,Europe,Europe,Western Europe,2015,66548272,2439188643162.0,36652.92,1.13
France,FRA,Europe,Europe,Western Europe,2016,66724104,2472964344587.0,37062.53,0.52
France,FRA,Europe,Europe,Western Europe,2017,66918020,2595151045198.0,38781.05,0.59
France,FRA,Europe,Europe,Western Europe,2018,67158348,2790956878747.0,41557.85,1.11
France,FRA,Europe,Europe,Western Europe,2019,67382061,2728870246706.0,40498.47,1.21
France,FRA,Europe,Europe,Western Europe,2020,67601110,2647418691598.0,39162.36,2.98
France,FRA,Europe,Europe,Western Europe,2021,67842811,2959355819170.0,43620.77,1.22
France,FRA,Europe,Europe,Western Europe,2022,68184457,2779092236506.0,40758.44,3.22
French Polynesia,PYF,Oceania,Oceania,Polynesia,2000,240337,3599845480.0,14978.32,2.86
French Polynesia,PYF,Oceania,Oceania,Polynesia,2001,244097,3573808556.0,14640.94,2.73
French Polynesia,PYF,Oceania,Oceania,Polynesia,2002,247775,3965405553.0,16004.06,4.21
French Polynesia,PYF,Oceania,Oceania,Polynesia,2003,251637,4927780607.0,19582.89,1.72
French Polynesia,PYF,Oceania,Oceania,Polynesia,2004,255654,5564109982.0,21764.22,1.69
French Polynesia,PYF,Oceania,Oceania,Polynesia,2005,259507,5705052135.0,21984.19,2.2
French Polynesia,PYF,Oceania,Oceania,Polynesia,2006,263223,5877997980.0,22330.87,1.19
French Polynesia,PYF,Oceania,Oceania,Polynesia,2007,266438,6631156406.0,24888.18,1.62
French Polynesia,PYF,Oceania,Oceania,Polynesia,2008,268379,7136741422.0,26592.03,0.28
French Polynesia,PYF,Oceania,Oceania,Polynesia,2009,269481,6584557974.0,24434.22,1.59
French Polynesia,PYF,Oceania,Oceania,Polynesia,2010,270580,6086644799.0,22494.81,-0.29
French Polynesia,PYF,Oceania,Oceania,Polynesia,2011,271727,6203940037.0,22831.52,0.04
French Polynesia,PYF,Oceania,Oceania,Polynesia,2012,273084,5692858099.0,20846.55,0.35
French Polynesia,PYF,Oceania,Oceania,Polynesia,2013,274728,6031827123.0,21955.63,2.09
French Polynesia,PYF,Oceania,Oceania,Polynesia,2014,276387,6151996561.0,22258.63,1.36
French Polynesia,PYF,Oceania,Oceania,Polynesia,2015,277866,5325846362.0,19166.96,1.96
French Polynesia,PYF,Oceania,Oceania,Polynesia,2016,279178,5497036477.0,19690.08,1.06
French Polynesia,PYF,Oceania,Oceania,Polynesia,2017,280087,5833352693.0,20826.93,-0.38
French Polynesia,PYF,Oceania,Oceania,Polynesia,2018,279815,6135116253.0,21925.62,-1.2
French Polynesia,PYF,Oceania,Oceania,Polynesia,2019,279034,6022276196.0,21582.59,0.82
French Polynesia,PYF,Oceania,Oceania,Polynesia,2020,279209,5792545871.0,20746.27,1.66
French Polynesia,PYF,Oceania,Oceania,Polynesia,2021,279792,6150640646.0,21982.9,0.2
French Polynesia,PYF,Oceania,Oceania,Polynesia,2022,280378,5814661209.0,20738.65,1.79
Gabon,GAB,Africa,Africa,Sub-Saharan Africa,2000,1275572,5080483629.0,3982.91,28.09
Gabon,GAB,Africa,Africa,Sub-Saharan Africa,2001,1309589,5023265413.0,3835.76,-0.17
Gabon,GAB,Africa,Africa,Sub-Saharan Africa,2002,1345135,5335451100.0,3966.48,0.86
Gabon,GAB,Africa,Africa,Sub-Saharan Africa,2003,1382350,6511903365.0,4710.75,-0.22
Gabon,GAB,Africa,Africa,Sub-Saharan Africa,2004,1421609,7770219008.0,5465.79,7.77
Gabon,GAB,Africa,Africa,Sub-Saharan Africa,2005,1463495,9582783991.0,6547.88,20.09
Gabon,GAB,Africa,Africa,Sub-Saharan Africa,2006,1508337,10327598306.0,6847.01,9.87
Gabon,GAB,Africa,Africa,Sub-Saharan Africa,2007,1556237,12455409587.0,8003.54,4.23
Gabon,GAB,Africa,Africa,Sub-Saharan Africa,2008,1607175,15571348344.0,9688.65,20.48
Gabon,GAB,Africa,Africa,Sub-Saharan Africa,2009,1661556,12113699068.0,7290.58,-18.07
Gabon,GAB,Africa,Africa,Sub-Saharan Africa,2010,1719879,14372593020.0,8356.75,16.56
Gabon,GAB,Africa,Africa,Sub-Saharan Africa,2011,1781985,18210307744.0,10219.11,12.68
Gabon,GAB,Africa,Africa,Sub-Saharan Africa,2012,1846889,17170464016.0,9296.97,-2.94
Gabon,GAB,Africa,Africa,Sub-Saharan Africa,2013,1913059,17595744798.0,9197.7,-6.16
Gabon,GAB,Africa,Africa,Sub-Saharan Africa,2014,1978399,18203966896.0,9201.36,-0.85
Gabon,GAB,Africa,Africa,Sub-Saharan Africa,2015,2040989,14383107763.0,7047.13,-8.93
Gabon,GAB,Africa,Africa,Sub-Saharan Africa,2016,2100306,14023890265.0,6677.07,-4.27
Gabon,GAB,Africa,Africa,Sub-Saharan Africa,2017,2156900,14929487485.0,6921.73,3.82
Gabon,GAB,Africa,Africa,Sub-Saharan Africa,2018,2212318,16867326390.0,7624.28,7.18
Gabon,GAB,Africa,Africa,Sub-Saharan Africa,2019,2267706,16874405460.0,7441.18,1.55
Gabon,GAB,Africa,Africa,Sub-Saharan Africa,2020,2322539,15314577168.0,6593.89,-9.01
Gabon,GAB,Africa,Africa,Sub-Saharan Africa,2021,2376722,20217946921.0,8506.65,20.34
Gabon,GAB,Africa,Africa,Sub-Saharan Africa,2022,2430747,21071739228.0,8668.83,14.76
"Gambia, The",GMB,Africa,Africa,Sub-Saharan Africa,2000,1455084,782913872.0,538.05,2.22
"Gambia, The",GMB,Africa,Africa,Sub-Saharan Africa,2001,1495011,687410645.0,459.8,1.81
"Gambia, The",GMB,Africa,Africa,Sub-Saharan Africa,2002,1535691,578235309.0,376.53,10.39
"Gambia, The",GMB,Africa,Africa,Sub-Saharan Africa,2003,1577611,487038685.0,308.72,12.89
"Gambia, The",GMB,Africa,Africa,Sub-Saharan Africa,2004,1621312,961900651.0,593.29,94.19
"Gambia, The",GMB,Africa,Africa,Sub-Saharan Africa,2005,1667037,1027701068.0,616.48,4.11
"Gambia, The",GMB,Africa,Africa,Sub-Saharan Africa,2006,1715275,1054112488.0,614.54,1.3
"Gambia, The",GMB,Africa,Africa,Sub-Saharan Africa,2007,1765774,1279703047.0,724.73,4.41
"Gambia, The",GMB,Africa,Africa,Sub-Saharan Africa,2008,1817852,1561766956.0,859.13,2.48
"Gambia, The",GMB,Africa,Africa,Sub-Saharan Africa,2009,1871422,1450142509.0,774.89,4.51
"Gambia, The",GMB,Africa,Africa,Sub-Saharan Africa,2010,1926630,1543294927.0,801.03,5.64
"Gambia, The",GMB,Africa,Africa,Sub-Saharan Africa,2011,1983784,1409693597.0,710.61,4.57
"Gambia, The",GMB,Africa,Africa,Sub-Saharan Africa,2012,2043094,1415004738.0,692.58,3.85
"Gambia, The",GMB,Africa,Africa,Sub-Saharan Africa,2013,2103820,1375609453.0,653.86,5.93
"Gambia, The",GMB,Africa,Africa,Sub-Saharan Africa,2014,2164528,1229461721.0,568.0,5.21
"Gambia, The",GMB,Africa,Africa,Sub-Saharan Africa,2015,2224529,1378176609.0,619.54,9.72
"Gambia, The",GMB,Africa,Africa,Sub-Saharan Africa,2016,2283769,1484578886.0,650.06,7.82
"Gambia, The",GMB,Africa,Africa,Sub-Saharan Africa,2017,2342189,1504909463.0,642.52,3.92
"Gambia, The",GMB,Africa,Africa,Sub-Saharan Africa,2018,2399632,1670671328.0,696.22,6.95
"Gambia, The",GMB,Africa,Africa,Sub-Saharan Africa,2019,2456844,1813609692.0,738.19,6.25
"Gambia, The",GMB,Africa,Africa,Sub-Saharan Africa,2020,2515733,1812170891.0,720.34,2.19
"Gambia, The",GMB,Africa,Africa,Sub-Saharan Africa,2021,2576010,2014158843.0,781.89,7.38
"Gambia, The",GMB,Africa,Africa,Sub-Saharan Africa,2022,2636470,2175099790.0,825.0,8.82
Georgia,GEO,Asia,Asia,Western Asia,2000,4077131,3057475335.0,749.91,4.68
Georgia,GEO,Asia,Asia,Western Asia,2001,4014373,3219462262.0,801.98,5.37
Georgia,GEO,Asia,Asia,Western Asia,2002,3978515,3395766678.0,853.53,5.92
Georgia,GEO,Asia,Asia,Western Asia,2003,3951736,3991377904.0,1010.03,3.43
Georgia,GEO,Asia,Asia,Western Asia,2004,3927340,5125365192.0,1305.05,8.43
Georgia,GEO,Asia,Asia,Western Asia,2005,3902469,6410912050.0,1642.78,7.94
Georgia,GEO,Asia,Asia,Western Asia,2006,3880347,7745250734.0,1996.02,8.45
Georgia,GEO,Asia,Asia,Western Asia,2007,3860158,10172931089.0,2635.37,9.47
Georgia,GEO,Asia,Asia,Western Asia,2008,3848449,12795145131.0,3324.75,9.59
Georgia,GEO,Asia,Asia,Western Asia,2009,3814419,10766920066.0,2822.69,-2.14
Georgia,GEO,Asia,Asia,Western Asia,2010,3786695,12426907967.0,3281.73,15.91
Georgia,GEO,Asia,Asia,Western Asia,2011,3756441,15475290469.0,4119.67,9.17
Georgia,GEO,Asia,Asia,Western Asia,2012,3728874,16894392033.0,4530.7,0.29
Georgia,GEO,Asia,Asia,Western Asia,2013,3717668,17517660144.0,4712.0,-0.65
Georgia,GEO,Asia,Asia,Western Asia,2014,3719414,17966015109.0,4830.33,4.59
Georgia,GEO,Asia,Asia,Western Asia,2015,3725276,15223796149.0,4086.62,5.38
Georgia,GEO,Asia,Asia,Western Asia,2016,3727505,15444548902.0,4143.4,2.27
Georgia,GEO,Asia,Asia,Western Asia,2017,3728004,16473125375.0,4418.75,7.55
Georgia,GEO,Asia,Asia,Western Asia,2018,3726549,17902544881.0,4804.05,3.48
Georgia,GEO,Asia,Asia,Western Asia,2019,3720161,17638337117.0,4741.28,4.0
Georgia,GEO,Asia,Asia,Western Asia,2020,3722716,16010869216.0,4300.86,6.85
Georgia,GEO,Asia,Asia,Western Asia,2021,3708610,18853115589.0,5083.61,10.23
Georgia,GEO,Asia,Asia,Western Asia,2022,3712502,24984568960.0,6729.85,8.14
Germany,DEU,Europe,Europe,Western Europe,2000,82211508,1947981991012.0,23694.76,-0.34
Germany,DEU,Europe,Europe,Western Europe,2001,82349925,1945790973803.0,23628.33,1.43
Germany,DEU,Europe,Europe,Western Europe,2002,82488495,2078484517475.0,25197.27,1.5
Germany,DEU,Europe,Europe,Western Europe,2003,82534176,2501640388482.0,30310.36,1.32
Germany,DEU,Europe,Europe,Western Europe,2004,82516260,2814353869359.0,34106.66,1.16
Germany,DEU,Europe,Europe,Western Europe,2005,82469422,2846864211175.0,34520.24,0.53
Germany,DEU,Europe,Europe,Western Europe,2006,82376451,2994703642024.0,36353.88,0.45
Germany,DEU,Europe,Europe,Western Europe,2007,82266372,3425578382922.0,41640.08,1.84
Germany,DEU,Europe,Europe,Western Europe,2008,82110097,3745264093617.0,45612.71,0.95
Germany,DEU,Europe,Europe,Western Europe,2009,81902307,3411261212652.0,41650.37,1.99
Germany,DEU,Europe,Europe,Western Europe,2010,81776930,3399667820000.0,41572.46,0.68
Germany,DEU,Europe,Europe,Western Europe,2011,80274983,3749314991051.0,46705.9,1.23
Germany,DEU,Europe,Europe,Western Europe,2012,80425823,3527143188785.0,43855.85,1.43
Germany,DEU,Europe,Europe,Western Europe,2013,80645605,3733804649549.0,46298.92,2.0
Germany,DEU,Europe,Europe,Western Europe,2014,80982500,3889093051024.0,48023.87,1.9
Germany,DEU,Europe,Europe,Western Europe,2015,81686611,3357585719352.0,41103.26,1.69
Germany,DEU,Europe,Europe,Western Europe,2016,82348669,3469853463946.0,42136.12,1.26
Germany,DEU,Europe,Europe,Western Europe,2017,82657002,3690849152518.0,44652.59,1.47
Germany,DEU,Europe,Europe,Western Europe,2018,82905782,3974443355020.0,47939.28,1.87
Germany,DEU,Europe,Europe,Western Europe,2019,83092962,3889177589255.0,46805.14,2.02
Germany,DEU,Europe,Europe,Western Europe,2020,83160871,3887727161914.0,46749.48,1.76
Germany,DEU,Europe,Europe,Western Europe,2021,83196078,4278503934690.0,51426.75,2.8
Germany,DEU,Europe,Europe,Western Europe,2022,83177813,4082469490798.0,49081.23,6.09
Ghana,GHA,Africa,Africa,Sub-Saharan Africa,2000,19637087,4982850662.0,253.75,27.23
Ghana,GHA,Africa,Africa,Sub-Saharan Africa,2001,20167069,5314872854.0,263.54,34.82
Ghana,GHA,Africa,Africa,Sub-Saharan Africa,2002,20729388,6166197848.0,297.46,22.82
Ghana,GHA,Africa,Africa,Sub-Saharan Africa,2003,21296705,7632723556.0,358.4,28.7
Ghana,GHA,Africa,Africa,Sub-Saharan Africa,2004,21868298,8881417907.0,406.13,14.35
Ghana,GHA,Africa,Africa,Sub-Saharan Africa,2005,22449438,10744568381.0,478.61,14.96
Ghana,GHA,Africa,Africa,Sub-Saharan Africa,2006,23040702,20885037597.0,906.44,84.68
Ghana,GHA,Africa,Africa,Sub-Saharan Africa,2007,23642279,24827339138.0,1050.12,16.1
Ghana,GHA,Africa,Africa,Sub-Saharan Africa,2008,24249946,28679383241.0,1182.66,19.41
Ghana,GHA,Africa,Africa,Sub-Saharan Africa,2009,24862664,26048720006.0,1047.7,15.67
Ghana,GHA,Africa,Africa,Sub-Saharan Africa,2010,25474995,32197655567.0,1263.89,16.6
Ghana,GHA,Africa,Africa,Sub-Saharan Africa,2011,26095088,39336668081.0,1507.44,13.91
Ghana,GHA,Africa,Africa,Sub-Saharan Africa,2012,26734268,41271701061.0,1543.78,15.21
Ghana,GHA,Africa,Africa,Sub-Saharan Africa,2013,27386193,62824629066.0,2294.03,54.01
Ghana,GHA,Africa,Africa,Sub-Saharan Africa,2014,28041592,54783319817.0,1953.65,23.94
Ghana,GHA,Africa,Africa,Sub-Saharan Africa,2015,28696068,49406010054.0,1721.7,13.25
Ghana,GHA,Africa,Africa,Sub-Saharan Africa,2016,29356742,56164929305.0,1913.19,15.75
Ghana,GHA,Africa,Africa,Sub-Saharan Africa,2017,30008354,60405924079.0,2012.97,10.68
Ghana,GHA,Africa,Africa,Sub-Saharan Africa,2018,30637585,67298914624.0,2196.61,10.57
Ghana,GHA,Africa,Africa,Sub-Saharan Africa,2019,31258945,68337969248.0,2186.19,8.48
Ghana,GHA,Africa,Africa,Sub-Saharan Africa,2020,31887809,70043095504.0,2196.55,9.37
Ghana,GHA,Africa,Africa,Sub-Saharan Africa,2021,32518665,79524421861.0,2445.5,12.11
Ghana,GHA,Africa,Africa,Sub-Saharan Africa,2022,33149152,74263364042.0,2240.28,28.17
Greece,GRC,Europe,Europe,Southern Europe,2000,10805808,130457756628.0,12072.93,1.62
Greece,GRC,Europe,Europe,Southern Europe,2001,10862132,136309295225.0,12549.04,3.47
Greece,GRC,Europe,Europe,Southern Europe,2002,10902022,154564203587.0,14177.57,2.95
Greece,GRC,Europe,Europe,Southern Europe,2003,10928070,202370140236.0,18518.38,3.56
Greece,GRC,Europe,Europe,Southern Europe,2004,10955141,240963562236.0,21995.48,2.97
Greece,GRC,Europe,Europe,Southern Europe,2005,10987314,247875422204.0,22560.15,1.9
Greece,GRC,Europe,Europe,Southern Europe,2006,11020362,273546728473.0,24821.94,3.36
Greece,GRC,Europe,Europe,Southern Europe,2007,11048473,318902829551.0,28863.97,3.37
Greece,GRC,Europe,Europe,Southern Europe,2008,11077841,355908689477.0,32127.98,4.06
Greece,GRC,Europe,Europe,Southern Europe,2009,11107017,331308500253.0,29828.76,2.37
Greece,GRC,Europe,Europe,Southern Europe,2010,11121341,297124961972.0,26716.65,1.18
Greece,GRC,Europe,Europe,Southern Europe,2011,11104899,282995942007.0,25483.88,0.98
Greece,GRC,Europe,Europe,Southern Europe,2012,11045011,242029307133.0,21913.0,-0.33
Greece,GRC,Europe,Europe,Southern Europe,2013,10965211,238907690051.0,21787.79,-1.96
Greece,GRC,Europe,Europe,Southern Europe,2014,10892413,235458133125.0,21616.71,-1.92
Greece,GRC,Europe,Europe,Southern Europe,2015,10820883,195683527003.0,18083.88,-0.17
Greece,GRC,Europe,Europe,Southern Europe,2016,10775971,193148146587.0,17923.97,-0.49
Greece,GRC,Europe,Europe,Southern Europe,2017,10754679,199844406014.0,18582.09,0.2
Greece,GRC,Europe,Europe,Southern Europe,2018,10732882,212049447242.0,19756.99,-0.23
Greece,GRC,Europe,Europe,Southern Europe,2019,10721582,205252760889.0,19143.89,0.25
Greece,GRC,Europe,Europe,Southern Europe,2020,10698599,188480337286.0,17617.29,-0.36
Greece,GRC,Europe,Europe,Southern Europe,2021,10569207,214667807441.0,20310.68,1.39
Greece,GRC,Europe,Europe,Southern Europe,2022,10436882,217581324512.0,20847.35,6.5
Greenland,GRL,North America,Americas,Northern America,2000,56185,1068025016.0,19009.08,2.11
Greenland,GRL,North America,Americas,Northern America,2001,56379,1086170704.0,19265.52,3.4
Greenland,GRL,North America,Americas,Northern America,2002,56595,1169136716.0,20657.95,3.1
Greenland,GRL,North America,Americas,Northern America,2003,56751,1558759823.0,27466.65,6.53
Greenland,GRL,North America,Americas,Northern America,2004,56898,1822499769.0,32031.0,-0.54
Greenland,GRL,North America,Americas,Northern America,2005,56935,1849802648.0,32489.73,-3.23
Greenland,GRL,North America,Americas,Northern America,2006,56775,2013106930.0,35457.63,2.24
Greenland,GRL,North America,Americas,Northern America,2007,56555,2249811296.0,39780.94,-0.05
Greenland,GRL,North America,Americas,Northern America,2008,56328,2499092314.0,44366.79,-2.01
Greenland,GRL,North America,Americas,Northern America,2009,56323,2529963903.0,44918.84,5.54
Greenland,GRL,North America,Americas,Northern America,2010,56534,2503167187.0,44277.2,2.03
Greenland,GRL,North America,Americas,Northern America,2011,56890,2684461375.0,47186.88,2.88
Greenland,GRL,North America,Americas,Northern America,2012,56810,2609678486.0,45936.96,3.45
Greenland,GRL,North America,Americas,Northern America,2013,56483,2684946990.0,47535.49,1.07
Greenland,GRL,North America,Americas,Northern America,2014,56295,2842065708.0,50485.22,0.99
Greenland,GRL,North America,Americas,Northern America,2015,56114,2499113023.0,44536.35,8.14
Greenland,GRL,North America,Americas,Northern America,2016,56186,2707139544.0,48181.75,3.54
Greenland,GRL,North America,Americas,Northern America,2017,56172,2851613679.0,50765.75,3.27
Greenland,GRL,North America,Americas,Northern America,2018,56023,3055782146.0,54545.14,1.85
Greenland,GRL,North America,Americas,Northern America,2019,56225,2997309972.0,53309.2,0.74
Greenland,GRL,North America,Americas,Northern America,2020,56367,3082884653.0,54693.08,0.7
Greenland,GRL,North America,Americas,Northern America,2021,56653,3235809504.0,57116.3,-0.42
Grenada,GRD,North America,Americas,Latin America and the Caribbean,2000,107451,520044370.0,4839.83,2.86
Grenada,GRD,North America,Americas,Latin America and the Caribbean,2001,107987,520444185.0,4819.51,2.14
Grenada,GRD,North America,Americas,Latin America and the Caribbean,2002,108404,540336926.0,4984.47,0.37
Grenada,GRD,North America,Americas,Latin America and the Caribbean,2003,108884,591018407.0,5427.96,-0.08
Grenada,GRD,North America,Americas,Latin America and the Caribbean,2004,109323,599118593.0,5480.26,2.03
Grenada,GRD,North America,Americas,Latin America and the Caribbean,2005,109734,695555556.0,6338.56,2.49
Grenada,GRD,North America,Americas,Latin America and the Caribbean,2006,110135,698700667.0,6344.04,4.63
Grenada,GRD,North America,Americas,Latin America and the Caribbean,2007,110522,758683593.0,6864.55,2.32
Grenada,GRD,North America,Americas,Latin America and the Caribbean,2008,110896,825976037.0,7448.2,7.85
Grenada,GRD,North America,Americas,Latin America and the Caribbean,2009,111254,771275556.0,6932.56,-0.01
Grenada,GRD,North America,Americas,Latin America and the Caribbean,2010,111586,771014815.0,6909.6,0.48
Grenada,GRD,North America,Americas,Latin America and the Caribbean,2011,112079,778655556.0,6947.38,0.22
Grenada,GRD,North America,Americas,Latin America and the Caribbean,2012,112775,799881481.0,7092.72,3.93
Grenada,GRD,North America,Americas,Latin America and the Caribbean,2013,113487,842618519.0,7424.8,2.92
Grenada,GRD,North America,Americas,Latin America and the Caribbean,2014,114132,911496296.0,7986.33,0.78
Grenada,GRD,North America,Americas,Latin America and the Caribbean,2015,114676,997007407.0,8694.12,2.76
Grenada,GRD,North America,Americas,Latin America and the Caribbean,2016,115130,1061640741.0,9221.23,2.64
Grenada,GRD,North America,Americas,Latin America and the Caribbean,2017,115438,1125685185.0,9751.43,1.53
Grenada,GRD,North America,Americas,Latin America and the Caribbean,2018,115691,1166514815.0,10083.02,-0.7
Grenada,GRD,North America,Americas,Latin America and the Caribbean,2019,115981,1213485185.0,10462.79,3.33
Grenada,GRD,North America,Americas,Latin America and the Caribbean,2020,116341,1043411111.0,8968.56,-0.3
Grenada,GRD,North America,Americas,Latin America and the Caribbean,2021,116688,1122800000.0,9622.24,2.79
Grenada,GRD,North America,Americas,Latin America and the Caribbean,2022,116913,1224577778.0,10474.27,1.62
Guam,GUM,Oceania,Oceania,Micronesia,2002,162315,3394000000.0,20909.96,
Guam,GUM,Oceania,Oceania,Micronesia,2003,163137,3569000000.0,21877.32,4.24
Guam,GUM,Oceania,Oceania,Micronesia,2004,163810,3869000000.0,23618.83,1.8
Guam,GUM,Oceania,Oceania,Micronesia,2005,164365,4213000000.0,25631.98,5.06
Guam,GUM,Oceania,Oceania,Micronesia,2006,164839,4238000000.0,25709.94,4.41
Guam,GUM,Oceania,Oceania,Micronesia,2007,165267,4397000000.0,26605.43,3.01
Guam,GUM,Oceania,Oceania,Micronesia,2008,165693,4658000000.0,28112.23,3.82
Guam,GUM,Oceania,Oceania,Micronesia,2009,166173,4828000000.0,29054.06,3.2
Guam,GUM,Oceania,Oceania,Micronesia,2010,166522,4949000000.0,29719.8,0.24
Guam,GUM,Oceania,Oceania,Micronesia,2011,166543,4984000000.0,29926.21,0.63
Guam,GUM,Oceania,Oceania,Micronesia,2012,166331,5265000000.0,31653.75,3.43
Guam,GUM,Oceania,Oceania,Micronesia,2013,165966,5399000000.0,32530.76,0.84
Guam,GUM,Oceania,Oceania,Micronesia,2014,165486,5610000000.0,33900.15,2.08
Guam,GUM,Oceania,Oceania,Micronesia,2015,164905,5799000000.0,35165.7,2.52
Guam,GUM,Oceania,Oceania,Micronesia,2016,164233,5901000000.0,35930.66,1.57
Guam,GUM,Oceania,Oceania,Micronesia,2017,163490,6013000000.0,36779.01,1.0
Guam,GUM,Oceania,Oceania,Micronesia,2018,162679,6051000000.0,37195.95,1.47
Guam,GUM,Oceania,Oceania,Micronesia,2019,161808,6355000000.0,39274.94,2.44
Guam,GUM,Oceania,Oceania,Micronesia,2020,162158,5916000000.0,36482.94,4.04
Guam,GUM,Oceania,Oceania,Micronesia,2021,163730,6234000000.0,38074.88,3.25
Guam,GUM,Oceania,Oceania,Micronesia,2022,165180,6910000000.0,41833.15,5.47
Guatemala,GTM,North America,Americas,Latin America and the Caribbean,2000,11697592,19288929030.0,1648.97,6.83
Guatemala,GTM,North America,Americas,Latin America and the Caribbean,2001,11969422,18405220247.0,1537.69,-5.61
Guatemala,GTM,North America,Americas,Latin America and the Caribbean,2002,12246915,20444205991.0,1669.34,6.47
Guatemala,GTM,North America,Americas,Latin America and the Caribbean,2003,12525842,21576351799.0,1722.55,4.47
Guatemala,GTM,North America,Americas,Latin America and the Caribbean,2004,12807402,23577298095.0,1840.91,6.02
Guatemala,GTM,North America,Americas,Latin America and the Caribbean,2005,13087629,26783389294.0,2046.47,5.67
Guatemala,GTM,North America,Americas,Latin America and the Caribbean,2006,13367459,29744246827.0,2225.12,4.98
Guatemala,GTM,North America,Americas,Latin America and the Caribbean,2007,13652040,33567850824.0,2458.82,7.12
Guatemala,GTM,North America,Americas,Latin America and the Caribbean,2008,13935174,38503720224.0,2763.06,9.41
Guatemala,GTM,North America,Americas,Latin America and the Caribbean,2009,14215611,37126148265.0,2611.65,3.6
Guatemala,GTM,North America,Americas,Latin America and the Caribbean,2010,14500112,40676578423.0,2805.26,5.14
Guatemala,GTM,North America,Americas,Latin America and the Caribbean,2011,14792126,46876006272.0,3168.98,6.89
Guatemala,GTM,North America,Americas,Latin America and the Caribbean,2012,15089647,49593929487.0,3286.62,3.38
Guatemala,GTM,North America,Americas,Latin America and the Caribbean,2013,15387337,52996446269.0,3444.16,3.36
Guatemala,GTM,North America,Americas,Latin America and the Caribbean,2014,15681725,57852153059.0,3689.14,2.86
Guatemala,GTM,North America,Americas,Latin America and the Caribbean,2015,15971743,62186064719.0,3893.51,2.23
Guatemala,GTM,North America,Americas,Latin America and the Caribbean,2016,16268760,66053403469.0,4060.14,2.71
Guatemala,GTM,North America,Americas,Latin America and the Caribbean,2017,16567357,71653754066.0,4325.0,1.75
Guatemala,GTM,North America,Americas,Latin America and the Caribbean,2018,16845685,73328365862.0,4352.95,1.27
Guatemala,GTM,North America,Americas,Latin America and the Caribbean,2019,17103803,77172317259.0,4512.0,3.57
Guatemala,GTM,North America,Americas,Latin America and the Caribbean,2020,17357325,77715183063.0,4477.37,2.87
Guatemala,GTM,North America,Americas,Latin America and the Caribbean,2021,17598650,86053083476.0,4889.75,3.17
Guatemala,GTM,North America,Americas,Latin America and the Caribbean,2022,17847877,95003330316.0,5322.95,6.32
Guinea,GIN,Africa,Africa,Sub-Saharan Africa,2000,8428832,4367458867.0,518.16,6.3
Guinea,GIN,Africa,Africa,Sub-Saharan Africa,2001,8539960,4125527603.0,483.09,1.75
Guinea,GIN,Africa,Africa,Sub-Saharan Africa,2002,8674066,4301608753.0,495.92,0.43
Guinea,GIN,Africa,Africa,Sub-Saharan Africa,2003,8870781,5025167975.0,566.49,15.91
Guinea,GIN,Africa,Africa,Sub-Saharan Africa,2004,9062726,5300767961.0,584.9,16.52
Guinea,GIN,Africa,Africa,Sub-Saharan Africa,2005,9245844,4282468637.0,463.18,27.39
Guinea,GIN,Africa,Africa,Sub-Saharan Africa,2006,9441171,4220019243.0,446.98,37.58
Guinea,GIN,Africa,Africa,Sub-Saharan Africa,2007,9662281,6281917650.0,650.15,13.62
Guinea,GIN,Africa,Africa,Sub-Saharan Africa,2008,9898870,6964179188.0,703.53,16.71
Guinea,GIN,Africa,Africa,Sub-Saharan Africa,2009,10143534,6716904517.0,662.19,1.77
Guinea,GIN,Africa,Africa,Sub-Saharan Africa,2010,10396086,6853467832.0,659.24,16.1
Guinea,GIN,Africa,Africa,Sub-Saharan Africa,2011,10656810,6785137216.0,636.69,9.0
Guinea,GIN,Africa,Africa,Sub-Saharan Africa,2012,10921581,7638045226.0,699.35,11.52
Guinea,GIN,Africa,Africa,Sub-Saharan Africa,2013,11191873,8376613881.0,748.46,4.33
Guinea,GIN,Africa,Africa,Sub-Saharan Africa,2014,11472924,8778473643.0,765.15,2.62
Guinea,GIN,Africa,Africa,Sub-Saharan Africa,2015,11767070,8794202394.0,747.36,2.97
Guinea,GIN,Africa,Africa,Sub-Saharan Africa,2016,12073030,8595955600.0,712.0,5.67
Guinea,GIN,Africa,Africa,Sub-Saharan Africa,2017,12385659,10324668271.0,833.6,10.36
Guinea,GIN,Africa,Africa,Sub-Saharan Africa,2018,12704774,11857030367.0,933.27,7.06
Guinea,GIN,Africa,Africa,Sub-Saharan Africa,2019,13034346,13442861496.0,1031.34,9.4
Guinea,GIN,Africa,Africa,Sub-Saharan Africa,2020,13371183,14177835841.0,1060.33,4.25
Guinea,GIN,Africa,Africa,Sub-Saharan Africa,2021,13710513,16091817842.0,1173.68,11.99
Guinea,GIN,Africa,Africa,Sub-Saharan Africa,2022,14055137,20999229260.0,1494.06,2.81
Guinea-Bissau,GNB,Africa,Africa,Sub-Saharan Africa,2000,1234741,391345597.0,316.95,-22.93
Guinea-Bissau,GNB,Africa,Africa,Sub-Saharan Africa,2001,1261273,412610871.0,327.14,3.76
Guinea-Bissau,GNB,Africa,Africa,Sub-Saharan Africa,2002,1289307,466773711.0,362.03,3.37
Guinea-Bissau,GNB,Africa,Africa,Sub-Saharan Africa,2003,1318806,553614800.0,419.78,-0.57
Guinea-Bissau,GNB,Africa,Africa,Sub-Saharan Africa,2004,1349563,582169841.0,431.38,-5.48
Guinea-Bissau,GNB,Africa,Africa,Sub-Saharan Africa,2005,1381585,639776041.0,463.07,3.11
Guinea-Bissau,GNB,Africa,Africa,Sub-Saharan Africa,2006,1415303,634781901.0,448.51,-4.24
Guinea-Bissau,GNB,Africa,Africa,Sub-Saharan Africa,2007,1450986,753162998.0,519.07,5.99
Guinea-Bissau,GNB,Africa,Africa,Sub-Saharan Africa,2008,1488054,952667544.0,640.21,12.76
Guinea-Bissau,GNB,Africa,Africa,Sub-Saharan Africa,2009,1526377,890167833.0,583.19,-3.83
Guinea-Bissau,GNB,Africa,Africa,Sub-Saharan Africa,2010,1566347,940112539.0,600.19,5.22
Guinea-Bissau,GNB,Africa,Africa,Sub-Saharan Africa,2011,1608076,1157074319.0,719.54,8.45
Guinea-Bissau,GNB,Africa,Africa,Sub-Saharan Africa,2012,1651417,1049412177.0,635.46,-0.03
Guinea-Bissau,GNB,Africa,Africa,Sub-Saharan Africa,2013,1695973,1109682824.0,654.3,-0.93
Guinea-Bissau,GNB,Africa,Africa,Sub-Saharan Africa,2014,1741122,1135250721.0,652.02,1.3
Guinea-Bissau,GNB,Africa,Africa,Sub-Saharan Africa,2015,1786457,1152384167.0,645.07,14.52
Guinea-Bissau,GNB,Africa,Africa,Sub-Saharan Africa,2016,1831893,1245074264.0,679.67,2.84
Guinea-Bissau,GNB,Africa,Africa,Sub-Saharan Africa,2017,1877072,1469978606.0,783.12,10.4
Guinea-Bissau,GNB,Africa,Africa,Sub-Saharan Africa,2018,1922168,1554133594.0,808.53,-2.53
Guinea-Bissau,GNB,Africa,Africa,Sub-Saharan Africa,2019,1967696,1486476582.0,755.44,2.16
Guinea-Bissau,GNB,Africa,Africa,Sub-Saharan Africa,2020,2013255,1520479985.0,755.23,0.31
Guinea-Bissau,GNB,Africa,Africa,Sub-Saharan Africa,2021,2058841,1724555634.0,837.63,2.16
Guinea-Bissau,GNB,Africa,Africa,Sub-Saharan Africa,2022,2105529,1714166526.0,814.13,4.21
Guyana,GUY,South America,Americas,Latin America and the Caribbean,2000,764832,712667897.0,931.8,6.59
Guyana,GUY,South America,Americas,Latin America and the Caribbean,2001,764477,712167450.0,931.57,0.32
Guyana,GUY,South America,Americas,Latin America and the Caribbean,2002,763652,726131435.0,950.87,2.62
Guyana,GUY,South America,Americas,Latin America and the Caribbean,2003,763101,743063950.0,973.74,4.72
Guyana,GUY,South America,Americas,Latin America and the Caribbean,2004,762418,787814379.0,1033.31,6.78
Guyana,GUY,South America,Americas,Latin America and the Caribbean,2005,760914,824880550.0,1084.07,7.63
Guyana,GUY,South America,Americas,Latin America and the Caribbean,2006,758966,2379817991.0,3135.61,174.86
Guyana,GUY,South America,Americas,Latin America and the Caribbean,2007,756861,2730971595.0,3608.29,8.21
Guyana,GUY,South America,Americas,Latin America and the Caribbean,2008,754606,3025187433.0,4008.96,9.55
Guyana,GUY,South America,Americas,Latin America and the Caribbean,2009,752094,3165663153.0,4209.13,1.15
Guyana,GUY,South America,Americas,Latin America and the Caribbean,2010,749256,3432912517.0,4581.76,3.97
Guyana,GUY,South America,Americas,Latin America and the Caribbean,2011,746153,3691384318.0,4947.22,2.41
Guyana,GUY,South America,Americas,Latin America and the Caribbean,2012,746288,4063088536.0,5444.4,4.73
Guyana,GUY,South America,Americas,Latin America and the Caribbean,2013,750021,4167800929.0,5556.91,-0.54
Guyana,GUY,South America,Americas,Latin America and the Caribbean,2014,754229,4127660152.0,5472.69,-2.11
Guyana,GUY,South America,Americas,Latin America and the Caribbean,2015,758781,4279840194.0,5640.42,3.0
Guyana,GUY,South America,Americas,Latin America and the Caribbean,2016,763548,4482697337.0,5870.88,0.9
Guyana,GUY,South America,Americas,Latin America and the Caribbean,2017,768479,4748174334.0,6178.67,2.11
Guyana,GUY,South America,Americas,Latin America and the Caribbean,2018,791556,4787636998.0,6048.39,-2.89
Guyana,GUY,South America,Americas,Latin America and the Caribbean,2019,807665,5173760192.0,6405.82,2.96
Guyana,GUY,South America,Americas,Latin America and the Caribbean,2020,807481,5471256595.0,6775.71,-26.3
Guyana,GUY,South America,Americas,Latin America and the Caribbean,2021,815482,8041362110.0,9860.87,22.42
Guyana,GUY,South America,Americas,Latin America and the Caribbean,2022,821637,14718388489.0,17913.49,12.06
Haiti,HTI,North America,Americas,Latin America and the Caribbean,2000,8303151,6813566099.0,820.6,91.38
Haiti,HTI,North America,Americas,Latin America and the Caribbean,2001,8455918,6331970324.0,748.82,13.25
Haiti,HTI,North America,Americas,Latin America and the Caribbean,2002,8607641,6205847214.0,720.97,10.22
Haiti,HTI,North America,Americas,Latin America and the Caribbean,2003,8759912,5071947798.0,579.0,17.99
Haiti,HTI,North America,Americas,Latin America and the Caribbean,2004,8910263,6087360684.0,683.19,19.3
Haiti,HTI,North America,Americas,Latin America and the Caribbean,2005,9061273,7030149730.0,775.85,10.07
Haiti,HTI,North America,Americas,Latin America and the Caribbean,2006,9216562,7638739123.0,828.81,13.52
Haiti,HTI,North America,Americas,Latin America and the Caribbean,2007,9373296,9228637768.0,984.57,4.11
Haiti,HTI,North America,Americas,Latin America and the Caribbean,2008,9530774,10432962635.0,1094.66,12.67
Haiti,HTI,North America,Americas,Latin America and the Caribbean,2009,9689581,11597002835.0,1196.85,11.6
Haiti,HTI,North America,Americas,Latin America and the Caribbean,2010,9803294,11859312725.0,1209.73,7.39
Haiti,HTI,North America,Americas,Latin America and the Caribbean,2011,9914904,13008746039.0,1312.04,4.32
Haiti,HTI,North America,Americas,Latin America and the Caribbean,2012,10069771,13708925477.0,1361.39,8.21
Haiti,HTI,North America,Americas,Latin America and the Caribbean,2013,10222362,14902488604.0,1457.83,8.08
Haiti,HTI,North America,Americas,Latin America and the Caribbean,2014,10373235,15146883498.0,1460.19,2.22
Haiti,HTI,North America,Americas,Latin America and the Caribbean,2015,10523242,14849629309.0,1411.13,5.21
Haiti,HTI,North America,Americas,Latin America and the Caribbean,2016,10671457,14069277526.0,1318.4,15.7
Haiti,HTI,North America,Americas,Latin America and the Caribbean,2017,10817754,15093357161.0,1395.24,13.78
Haiti,HTI,North America,Americas,Latin America and the Caribbean,2018,10962362,16403864618.0,1496.38,6.54
Haiti,HTI,North America,Americas,Latin America and the Caribbean,2019,11105163,15016090930.0,1352.17,19.8
Haiti,HTI,North America,Americas,Latin America and the Caribbean,2020,11243848,14508222518.0,1290.33,18.69
Haiti,HTI,North America,Americas,Latin America and the Caribbean,2021,11374586,20877414953.0,1835.44,18.96
Haiti,HTI,North America,Americas,Latin America and the Caribbean,2022,11503606,20253551921.0,1760.63,30.2
Honduras,HND,North America,Americas,Latin America and the Caribbean,2000,6577773,7186638029.0,1092.56,7.99
Honduras,HND,North America,Americas,Latin America and the Caribbean,2001,6757993,7651162302.0,1132.16,8.08
Honduras,HND,North America,Americas,Latin America and the Caribbean,2002,6938859,7858255413.0,1132.5,5.13
Honduras,HND,North America,Americas,Latin America and the Caribbean,2003,7119213,8230391347.0,1156.08,5.76
Honduras,HND,North America,Americas,Latin America and the Caribbean,2004,7298994,8869299234.0,1215.14,6.45
Honduras,HND,North America,Americas,Latin America and the Caribbean,2005,7478355,9757012697.0,1304.7,7.28
Honduras,HND,North America,Americas,Latin America and the Caribbean,2006,7656832,10917477066.0,1425.85,5.35
Honduras,HND,North America,Americas,Latin America and the Caribbean,2007,7834798,12361257681.0,1577.74,6.63
Honduras,HND,North America,Americas,Latin America and the Caribbean,2008,8012587,13881731876.0,1732.49,7.79
Honduras,HND,North America,Americas,Latin America and the Caribbean,2009,8189899,14587496229.0,1781.16,7.65
Honduras,HND,North America,Americas,Latin America and the Caribbean,2010,8365878,15839344592.0,1893.33,4.68
Honduras,HND,North America,Americas,Latin America and the Caribbean,2011,8540583,17710275685.0,2073.66,7.81
Honduras,HND,North America,Americas,Latin America and the Caribbean,2012,8715076,18528554398.0,2126.03,3.58
Honduras,HND,North America,Americas,Latin America and the Caribbean,2013,8889278,18499729215.0,2081.13,1.37
Honduras,HND,North America,Americas,Latin America and the Caribbean,2014,9063122,19756533972.0,2179.88,6.85
Honduras,HND,North America,Americas,Latin America and the Caribbean,2015,9237305,20979791685.0,2271.2,6.93
Honduras,HND,North America,Americas,Latin America and the Caribbean,2016,9412380,21717604952.0,2307.34,3.68
Honduras,HND,North America,Americas,Latin America and the Caribbean,2017,9588137,23136247991.0,2413.01,4.51
Honduras,HND,North America,Americas,Latin America and the Caribbean,2018,9765210,24067750760.0,2464.64,1.95
Honduras,HND,North America,Americas,Latin America and the Caribbean,2019,9943633,24882225742.0,2502.33,3.36
Honduras,HND,North America,Americas,Latin America and the Caribbean,2020,10119640,23352232484.0,2307.61,3.4
Honduras,HND,North America,Americas,Latin America and the Caribbean,2021,10289877,28144331507.0,2735.15,4.61
Honduras,HND,North America,Americas,Latin America and the Caribbean,2022,10463872,31426041807.0,3003.29,9.31
"Hong Kong SAR, China",HKG,Asia,Asia,Eastern Asia,2000,6665000,171668891194.0,25756.77,-3.39
"Hong Kong SAR, China",HKG,Asia,Asia,Eastern Asia,2001,6714300,169404327617.0,25230.38,-1.77
"Hong Kong SAR, China",HKG,Asia,Asia,Eastern Asia,2002,6744100,166348866131.0,24665.84,-3.4
"Hong Kong SAR, China",HKG,Asia,Asia,Eastern Asia,2003,6730800,161385558802.0,23977.17,-6.01
"Hong Kong SAR, China",HKG,Asia,Asia,Eastern Asia,2004,6783500,169099768875.0,24928.1,-3.59
"Hong Kong SAR, China",HKG,Asia,Asia,Eastern Asia,2005,6813200,181569311742.0,26649.64,-0.15
"Hong Kong SAR, China",HKG,Asia,Asia,Eastern Asia,2006,6857100,193535442896.0,28224.1,-0.53
"Hong Kong SAR, China",HKG,Asia,Asia,Eastern Asia,2007,6916300,211596944504.0,30593.95,3.14
"Hong Kong SAR, China",HKG,Asia,Asia,Eastern Asia,2008,6957800,219278749140.0,31515.53,1.28
"Hong Kong SAR, China",HKG,Asia,Asia,Eastern Asia,2009,6972800,214047795659.0,30697.54,-0.38
"Hong Kong SAR, China",HKG,Asia,Asia,Eastern Asia,2010,7024200,228638668727.0,32550.14,0.27
"Hong Kong SAR, China",HKG,Asia,Asia,Eastern Asia,2011,7071600,248513617677.0,35142.49,3.9
"Hong Kong SAR, China",HKG,Asia,Asia,Eastern Asia,2012,7150100,262628865880.0,36730.8,3.54
"Hong Kong SAR, China",HKG,Asia,Asia,Eastern Asia,2013,7178900,275696879835.0,38403.78,1.81
"Hong Kong SAR, China",HKG,Asia,Asia,Eastern Asia,2014,7229500,291459995979.0,40315.37,2.85
"Hong Kong SAR, China",HKG,Asia,Asia,Eastern Asia,2015,7291300,309385622601.0,42432.16,3.64
"Hong Kong SAR, China",HKG,Asia,Asia,Eastern Asia,2016,7336600,320860317563.0,43734.2,1.64
"Hong Kong SAR, China",HKG,Asia,Asia,Eastern Asia,2017,7393200,341273289534.0,46160.43,2.88
"Hong Kong SAR, China",HKG,Asia,Asia,Eastern Asia,2018,7452600,361731070996.0,48537.57,3.66
"Hong Kong SAR, China",HKG,Asia,Asia,Eastern Asia,2019,7507900,363074545072.0,48359.0,2.04
"Hong Kong SAR, China",HKG,Asia,Asia,Eastern Asia,2020,7481000,344943149590.0,46109.23,0.64
"Hong Kong SAR, China",HKG,Asia,Asia,Eastern Asia,2021,7413100,368954169749.0,49770.56,0.68
"Hong Kong SAR, China",HKG,Asia,Asia,Eastern Asia,2022,7346100,358696261481.0,48828.12,1.69
Hungary,HUN,Europe,Europe,Eastern Europe,2000,10210971,47218405892.0,4624.28,9.58
Hungary,HUN,Europe,Europe,Eastern Europe,2001,10187576,53749989092.0,5276.03,11.05
Hungary,HUN,Europe,Europe,Eastern Europe,2002,10158608,67608919144.0,6655.33,8.09
Hungary,HUN,Europe,Europe,Eastern Europe,2003,10129552,85285062818.0,8419.43,5.43
Hungary,HUN,Europe,Europe,Eastern Europe,2004,10107146,104120820259.0,10301.7,5.09
Hungary,HUN,Europe,Europe,Eastern Europe,2005,10087065,113211158293.0,11223.4,2.63
Hungary,HUN,Europe,Europe,Eastern Europe,2006,10071370,115715618613.0,11489.56,3.66
Hungary,HUN,Europe,Europe,Eastern Europe,2007,10055780,140186716681.0,13940.91,5.44
Hungary,HUN,Europe,Europe,Eastern Europe,2008,10038188,158325614581.0,15772.33,4.81
Hungary,HUN,Europe,Europe,Eastern Europe,2009,10022650,131069255621.0,13077.31,4.2
Hungary,HUN,Europe,Europe,Eastern Europe,2010,10000023,132175349954.0,13217.5,2.53
Hungary,HUN,Europe,Europe,Eastern Europe,2011,9971727,141942264554.0,14234.47,1.93
Hungary,HUN,Europe,Europe,Eastern Europe,2012,9920362,128814279315.0,12984.84,2.89
Hungary,HUN,Europe,Europe,Eastern Europe,2013,9872734,135684315698.0,13743.34,2.82
Hungary,HUN,Europe,Europe,Eastern Europe,2014,9833038,141033843266.0,14342.86,3.69
Hungary,HUN,Europe,Europe,Eastern Europe,2015,9797755,125174166987.0,12775.8,2.78
Hungary,HUN,Europe,Europe,Eastern Europe,2016,9759755,128609822750.0,13177.57,1.32
Hungary,HUN,Europe,Europe,Eastern Europe,2017,9726756,143112196040.0,14713.25,4.03
Hungary,HUN,Europe,Europe,Eastern Europe,2018,9706964,160565642984.0,16541.28,4.85
Hungary,HUN,Europe,Europe,Eastern Europe,2019,9694824,164020460332.0,16918.35,4.79
Hungary,HUN,Europe,Europe,Eastern Europe,2020,9670419,157288955508.0,16264.96,6.39
Hungary,HUN,Europe,Europe,Eastern Europe,2021,9630932,182109999478.0,18908.87,6.44
Hungary,HUN,Europe,Europe,Eastern Europe,2022,9605074,177006128625.0,18428.4,14.23
Iceland,ISL,Europe,Europe,Northern Europe,2000,281205,9025660362.0,32096.37,4.02
Iceland,ISL,Europe,Europe,Northern Europe,2001,284968,8234846805.0,28897.44,8.7
Iceland,ISL,Europe,Europe,Northern Europe,2002,287523,9318395055.0,32409.22,5.87
Iceland,ISL,Europe,Europe,Northern Europe,2003,289521,11429333038.0,39476.7,0.49
Iceland,ISL,Europe,Europe,Northern Europe,2004,292074,13825302536.0,47334.93,2.68
Iceland,ISL,Europe,Europe,Northern Europe,2005,296734,16852963067.0,56794.85,3.07
Iceland,ISL,Europe,Europe,Northern Europe,2006,303782,17465318552.0,57492.93,8.62
Iceland,ISL,Europe,Europe,Northern Europe,2007,311566,21652505597.0,69495.73,4.33
Iceland,ISL,Europe,Europe,Northern Europe,2008,317414,18074622987.0,56943.37,12.14
Iceland,ISL,Europe,Europe,Northern Europe,2009,318499,13154414219.0,41301.27,10.8
Iceland,ISL,Europe,Europe,Northern Europe,2010,318041,13751161918.0,43237.07,6.37
Iceland,ISL,Europe,Europe,Northern Europe,2011,319014,15221622926.0,47714.59,3.1
Iceland,ISL,Europe,Europe,Northern Europe,2012,320716,14751508134.0,45995.55,3.44
Iceland,ISL,Europe,Europe,Northern Europe,2013,323764,16125060515.0,49804.98,2.12
Iceland,ISL,Europe,Europe,Northern Europe,2014,327386,17867662178.0,54576.74,4.14
Iceland,ISL,Europe,Europe,Northern Europe,2015,330815,17517210519.0,52951.68,6.05
Iceland,ISL,Europe,Europe,Northern Europe,2016,335439,20793168031.0,61987.93,2.26
Iceland,ISL,Europe,Europe,Northern Europe,2017,343400,24728285177.0,72010.15,0.94
Iceland,ISL,Europe,Europe,Northern Europe,2018,352721,26260850582.0,74452.19,2.63
Iceland,ISL,Europe,Europe,Northern Europe,2019,360563,24681343649.0,68452.24,4.46
Iceland,ISL,Europe,Europe,Northern Europe,2020,366463,21629953194.0,59023.57,4.02
Iceland,ISL,Europe,Europe,Northern Europe,2021,372520,25797870984.0,69252.31,6.37
Iceland,ISL,Europe,Europe,Northern Europe,2022,382003,28701830402.0,75135.09,8.89
India,IND,Asia,Asia,Southern Asia,2000,1057922733,468395521654.0,442.75,3.64
India,IND,Asia,Asia,Southern Asia,2001,1077898575,485440139204.0,450.36,3.22
India,IND,Asia,Asia,Southern Asia,2002,1097600380,514939140319.0,469.15,3.72
India,IND,Asia,Asia,Southern Asia,2003,1116803006,607700687237.0,544.14,3.87
India,IND,Asia,Asia,Southern Asia,2004,1135991513,709152728831.0,624.26,5.73
India,IND,Asia,Asia,Southern Asia,2005,1154676322,820383763511.0,710.49,5.62
India,IND,Asia,Asia,Southern Asia,2006,1172878890,940259888788.0,801.67,8.4
India,IND,Asia,Asia,Southern Asia,2007,1190676021,1216736438835.0,1021.89,6.94
India,IND,Asia,Asia,Southern Asia,2008,1207930964,1198895139006.0,992.52,9.19
India,IND,Asia,Asia,Southern Asia,2009,1225524753,1341888016995.0,1094.95,7.04
India,IND,Asia,Asia,Southern Asia,2010,1243481564,1675615519485.0,1347.52,10.53
India,IND,Asia,Asia,Southern Asia,2011,1261224954,1823051829895.0,1445.46,8.73
India,IND,Asia,Asia,Southern Asia,2012,1278674502,1827637590411.0,1429.32,7.93
India,IND,Asia,Asia,Southern Asia,2013,1295829511,1856721507621.0,1432.84,6.19
India,IND,Asia,Asia,Southern Asia,2014,1312277191,2039126479155.0,1553.88,3.33
India,IND,Asia,Asia,Southern Asia,2015,1328024498,2103588360044.0,1584.0,2.28
India,IND,Asia,Asia,Southern Asia,2016,1343944296,2294796885664.0,1707.51,3.24
India,IND,Asia,Asia,Southern Asia,2017,1359657400,2651474262756.0,1950.1,3.97
India,IND,Asia,Asia,Southern Asia,2018,1374659064,2702929641648.0,1966.25,3.88
India,IND,Asia,Asia,Southern Asia,2019,1389030312,2835606256559.0,2041.43,2.41
India,IND,Asia,Asia,Southern Asia,2020,1402617695,2674851578587.0,1907.04,4.81
India,IND,Asia,Asia,Southern Asia,2021,1414203896,3167270623261.0,2239.61,8.35
India,IND,Asia,Asia,Southern Asia,2022,1425423212,3353470496886.0,2352.61,6.75
Indonesia,IDN,Asia,Asia,South-eastern Asia,2000,216077790,165021012078.0,763.71,20.45
Indonesia,IDN,Asia,Asia,South-eastern Asia,2001,219097902,160446947785.0,732.31,14.3
Indonesia,IDN,Asia,Asia,South-eastern Asia,2002,222088495,195660611165.0,881.0,5.9
Indonesia,IDN,Asia,Asia,South-eastern Asia,2003,225048008,234772463824.0,1043.21,5.49
Indonesia,IDN,Asia,Asia,South-eastern Asia,2004,227926649,256836875295.0,1126.84,8.55
Indonesia,IDN,Asia,Asia,South-eastern Asia,2005,230871650,285868619196.0,1238.21,14.33
Indonesia,IDN,Asia,Asia,South-eastern Asia,2006,233951652,364570515618.0,1558.32,14.09
Indonesia,IDN,Asia,Asia,South-eastern Asia,2007,237062337,432216737775.0,1823.22,11.26
Indonesia,IDN,Asia,Asia,South-eastern Asia,2008,240157903,510228634991.0,2124.55,18.15
Indonesia,IDN,Asia,Asia,South-eastern Asia,2009,243220028,539580085616.0,2218.49,8.27
Indonesia,IDN,Asia,Asia,South-eastern Asia,2010,246305322,755094157622.0,3065.68,15.26
Indonesia,IDN,Asia,Asia,South-eastern Asia,2011,249470032,892969104563.0,3579.46,7.47
Indonesia,IDN,Asia,Asia,South-eastern Asia,2012,252698525,917869913333.0,3632.27,3.75
Indonesia,IDN,Asia,Asia,South-eastern Asia,2013,255852467,912524136718.0,3566.6,4.97
Indonesia,IDN,Asia,Asia,South-eastern Asia,2014,258877399,890814755534.0,3441.07,5.44
Indonesia,IDN,Asia,Asia,South-eastern Asia,2015,261799249,860854232686.0,3288.22,3.98
Indonesia,IDN,Asia,Asia,South-eastern Asia,2016,264627418,931877364038.0,3521.47,2.44
Indonesia,IDN,Asia,Asia,South-eastern Asia,2017,267346658,1015618744160.0,3798.88,4.29
Indonesia,IDN,Asia,Asia,South-eastern Asia,2018,269951846,1042271532989.0,3860.95,3.82
Indonesia,IDN,Asia,Asia,South-eastern Asia,2019,272489381,1119099871350.0,4106.95,1.6
Indonesia,IDN,Asia,Asia,South-eastern Asia,2020,274814866,1059054842698.0,3853.7,-0.4
Indonesia,IDN,Asia,Asia,South-eastern Asia,2021,276758053,1186509691087.0,4287.17,6.0
Indonesia,IDN,Asia,Asia,South-eastern Asia,2022,278830529,1319076267310.0,4730.75,9.57
"Iran, Islamic Rep.",IRN,Asia,Asia,Southern Asia,2000,66418659,109591707801.0,1650.01,24.93
"Iran, Islamic Rep.",IRN,Asia,Asia,Southern Asia,2001,67452005,126878750296.0,1881.02,14.81
"Iran, Islamic Rep.",IRN,Asia,Asia,Southern Asia,2002,68011317,128626917504.0,1891.26,28.28
"Iran, Islamic Rep.",IRN,Asia,Asia,Southern Asia,2003,68769340,153544751396.0,2232.75,13.14
"Iran, Islamic Rep.",IRN,Asia,Asia,Southern Asia,2004,70256316,190043433964.0,2705.0,24.71
"Iran, Islamic Rep.",IRN,Asia,Asia,Southern Asia,2005,71828455,226452138296.0,3152.68,20.17
"Iran, Islamic Rep.",IRN,Asia,Asia,Southern Asia,2006,73392747,266298911664.0,3628.41,14.58
"Iran, Islamic Rep.",IRN,Asia,Asia,Southern Asia,2007,74602648,349881601462.0,4689.94,22.94
"Iran, Islamic Rep.",IRN,Asia,Asia,Southern Asia,2008,75514204,412336172444.0,5460.38,19.42
"Iran, Islamic Rep.",IRN,Asia,Asia,Southern Asia,2009,76457825,416397025730.0,5446.1,4.6
"Iran, Islamic Rep.",IRN,Asia,Asia,Southern Asia,2010,77420842,486807616877.0,6287.81,15.88
"Iran, Islamic Rep.",IRN,Asia,Asia,Southern Asia,2011,78383598,626133112196.0,7988.06,33.41
"Iran, Islamic Rep.",IRN,Asia,Asia,Southern Asia,2012,79370580,644035512181.0,8114.29,18.95
"Iran, Islamic Rep.",IRN,Asia,Asia,Southern Asia,2013,80414686,492775566426.0,6127.93,36.78
"Iran, Islamic Rep.",IRN,Asia,Asia,Southern Asia,2014,81502045,460382791480.0,5648.73,9.76
"Iran, Islamic Rep.",IRN,Asia,Asia,Southern Asia,2015,82619362,408212917875.0,4940.89,0.2
"Iran, Islamic Rep.",IRN,Asia,Asia,Southern Asia,2016,83812228,457954614594.0,5464.05,9.4
"Iran, Islamic Rep.",IRN,Asia,Asia,Southern Asia,2017,85026754,486630147094.0,5723.26,13.04
"Iran, Islamic Rep.",IRN,Asia,Asia,Southern Asia,2018,86117998,329691934143.0,3828.37,31.64
"Iran, Islamic Rep.",IRN,Asia,Asia,Southern Asia,2019,87051648,283649531543.0,3258.41,30.53
"Iran, Islamic Rep.",IRN,Asia,Asia,Southern Asia,2020,87723443,239735486745.0,2732.86,44.26
"Iran, Islamic Rep.",IRN,Asia,Asia,Southern Asia,2021,88455488,359096907772.0,4059.63,56.32
"Iran, Islamic Rep.",IRN,Asia,Asia,Southern Asia,2022,89524246,413394567604.0,4617.68,50.59
Iraq,IRQ,Asia,Asia,Western Asia,2000,24424056,48364250944.0,1980.19,24.75
Iraq,IRQ,Asia,Asia,Western Asia,2001,25197840,36176430129.0,1435.7,-19.15
Iraq,IRQ,Asia,Asia,Western Asia,2002,26006559,32928454672.0,1266.16,8.17
Iraq,IRQ,Asia,Asia,Western Asia,2003,26802659,21921569479.0,817.89,13.86
Iraq,IRQ,Asia,Asia,Western Asia,2004,27577878,36633669269.0,1328.37,17.31
Iraq,IRQ,Asia,Asia,Western Asia,2005,28407448,50065104668.0,1762.39,35.85
Iraq,IRQ,Asia,Asia,Western Asia,2006,28616515,65147051918.0,2276.55,23.05
Iraq,IRQ,Asia,Asia,Western Asia,2007,28391607,88837057320.0,3128.99,14.44
Iraq,IRQ,Asia,Asia,Western Asia,2008,28971036,131614434154.0,4542.97,30.18
Iraq,IRQ,Asia,Asia,Western Asia,2009,30058206,111657580326.0,3714.71,-19.52
Iraq,IRQ,Asia,Asia,Western Asia,2010,31045366,138516722650.0,4461.75,16.59
Iraq,IRQ,Asia,Asia,Western Asia,2011,32161424,185749664444.0,5775.54,24.69
Iraq,IRQ,Asia,Asia,Western Asia,2012,33654842,218002476129.0,6477.6,2.67
Iraq,IRQ,Asia,Asia,Western Asia,2013,35281989,234637675129.0,6650.35,-0.01
Iraq,IRQ,Asia,Asia,Western Asia,2014,36550059,228415656175.0,6249.39,-4.81
Iraq,IRQ,Asia,Asia,Western Asia,2015,37560535,166774104959.0,4440.14,-28.76
Iraq,IRQ,Asia,Asia,Western Asia,2016,38469627,166743557748.0,4334.42,-11.1
Iraq,IRQ,Asia,Asia,Western Asia,2017,39337353,187217660051.0,4759.28,14.65
Iraq,IRQ,Asia,Asia,Western Asia,2018,40265624,227367469034.0,5646.69,18.2
Iraq,IRQ,Asia,Asia,Western Asia,2019,41192171,233636097800.0,5671.86,-2.67
Iraq,IRQ,Asia,Asia,Western Asia,2020,42116605,180898797936.0,4295.19,-11.22
Iraq,IRQ,Asia,Asia,Western Asia,2021,43071211,209691945713.0,4868.49,38.9
Iraq,IRQ,Asia,Asia,Western Asia,2022,44070551,286640340966.0,6504.12,26.99
Ireland,IRL,Europe,Europe,Northern Europe,2000,3805174,100207610430.0,26334.57,6.87
Ireland,IRL,Europe,Europe,Northern Europe,2001,3866243,109346669230.0,28282.41,6.86
Ireland,IRL,Europe,Europe,Northern Europe,2002,3931947,128596035288.0,32705.43,5.19
Ireland,IRL,Europe,Europe,Northern Europe,2003,3996521,164670771260.0,41203.53,3.91
Ireland,IRL,Europe,Europe,Northern Europe,2004,4070262,194372115041.0,47754.2,0.52
Ireland,IRL,Europe,Europe,Northern Europe,2005,4159914,211876989656.0,50933.02,3.07
Ireland,IRL,Europe,Europe,Northern Europe,2006,4273591,232180617162.0,54329.16,3.42
Ireland,IRL,Europe,Europe,Northern Europe,2007,4398942,270079279420.0,61396.42,1.2
Ireland,IRL,Europe,Europe,Northern Europe,2008,4489544,275447471451.0,61353.11,-0.5
Ireland,IRL,Europe,Europe,Northern Europe,2009,4535375,236443115854.0,52133.09,-4.62
Ireland,IRL,Europe,Europe,Northern Europe,2010,4560155,221913560882.0,48663.6,-2.86
Ireland,IRL,Europe,Europe,Northern Europe,2011,4580084,239170638711.0,52219.71,1.86
Ireland,IRL,Europe,Europe,Northern Europe,2012,4599533,225118718207.0,48943.82,2.44
Ireland,IRL,Europe,Europe,Northern Europe,2013,4623816,238112475391.0,51496.96,1.34
Ireland,IRL,Europe,Europe,Northern Europe,2014,4657740,259681883576.0,55752.76,0.26
Ireland,IRL,Europe,Europe,Northern Europe,2015,4701957,292364226872.0,62179.26,8.91
Ireland,IRL,Europe,Europe,Northern Europe,2016,4762722,298559265006.0,62686.69,0.12
Ireland,IRL,Europe,Europe,Northern Europe,2017,4827445,337241811321.0,69859.28,1.5
Ireland,IRL,Europe,Europe,Northern Europe,2018,4898022,386693357874.0,78948.88,0.92
Ireland,IRL,Europe,Europe,Northern Europe,2019,4976456,398933010007.0,80164.08,3.39
Ireland,IRL,Europe,Europe,Northern Europe,2020,5039747,428608687830.0,85045.68,-1.92
Ireland,IRL,Europe,Europe,Northern Europe,2021,5110585,513391778883.0,100456.56,1.1
Ireland,IRL,Europe,Europe,Northern Europe,2022,5212836,533140011838.0,102274.46,6.76
Isle of Man,IMN,Europe,Europe,Northern Europe,2000,75659,1563667800.0,20667.31,3.3
Isle of Man,IMN,Europe,Europe,Northern Europe,2001,76476,1659131244.0,21694.8,3.94
Isle of Man,IMN,Europe,Europe,Northern Europe,2002,77275,1947332922.0,25200.04,2.48
Isle of Man,IMN,Europe,Europe,Northern Europe,2003,78049,2328658228.0,29835.85,3.17
Isle of Man,IMN,Europe,Europe,Northern Europe,2004,78792,2822358473.0,35820.37,5.45
Isle of Man,IMN,Europe,Europe,Northern Europe,2005,79516,3032411027.0,38135.86,2.9
Isle of Man,IMN,Europe,Europe,Northern Europe,2006,80294,3422733202.0,42627.51,3.56
Isle of Man,IMN,Europe,Europe,Northern Europe,2007,81147,4466350656.0,55040.24,11.62
Isle of Man,IMN,Europe,Europe,Northern Europe,2008,82029,5928791505.0,72276.77,37.73
Isle of Man,IMN,Europe,Europe,Northern Europe,2009,82939,5486921247.0,66156.11,6.97
Isle of Man,IMN,Europe,Europe,Northern Europe,2010,83873,5920369790.0,70587.31,5.21
Isle of Man,IMN,Europe,Europe,Northern Europe,2011,84382,6565667053.0,77808.86,4.85
Isle of Man,IMN,Europe,Europe,Northern Europe,2012,84335,6690228372.0,79329.2,-3.68
Isle of Man,IMN,Europe,Europe,Northern Europe,2013,84141,7001175623.0,83207.66,1.54
Isle of Man,IMN,Europe,Europe,Northern Europe,2014,83892,7708454412.0,91885.45,-0.52
Isle of Man,IMN,Europe,Europe,Northern Europe,2015,83593,7084800892.0,84753.52,-0.63
Isle of Man,IMN,Europe,Europe,Northern Europe,2016,83466,6846377563.0,82025.95,2.24
Isle of Man,IMN,Europe,Europe,Northern Europe,2017,83609,6979788334.0,83481.3,4.0
Isle of Man,IMN,Europe,Europe,Northern Europe,2018,83805,7491649456.0,89393.82,1.3
Isle of Man,IMN,Europe,Europe,Northern Europe,2019,83957,7314967866.0,87127.55,1.8
Isle of Man,IMN,Europe,Europe,Northern Europe,2020,84064,6684225641.0,79513.53,-0.21
Isle of Man,IMN,Europe,Europe,Northern Europe,2021,84106,7931193222.0,94299.97,6.51
Israel,ISR,Asia,Asia,Western Asia,2000,6289000,136035771712.0,21630.75,1.94
Israel,ISR,Asia,Asia,Western Asia,2001,6439000,134635822099.0,20909.43,1.76
Israel,ISR,Asia,Asia,Western Asia,2002,6570000,125060622863.0,19035.1,4.77
Israel,ISR,Asia,Asia,Western Asia,2003,6689700,131299915900.0,19627.18,-0.52
Israel,ISR,Asia,Asia,Western Asia,2004,6809000,139973148371.0,20557.08,0.16
Israel,ISR,Asia,Asia,Western Asia,2005,6930100,147083996034.0,21223.94,1.02
Israel,ISR,Asia,Asia,Western Asia,2006,7053700,158670456933.0,22494.64,1.47
Israel,ISR,Asia,Asia,Western Asia,2007,7180100,184052121662.0,25633.64,0.85
Israel,ISR,Asia,Asia,Western Asia,2008,7308800,220531065217.0,30173.36,1.32
Israel,ISR,Asia,Asia,Western Asia,2009,7485600,211970040943.0,28317.04,4.41
Israel,ISR,Asia,Asia,Western Asia,2010,7623600,238364092298.0,31266.61,1.22
Israel,ISR,Asia,Asia,Western Asia,2011,7765800,266791854431.0,34354.72,1.47
Israel,ISR,Asia,Asia,Western Asia,2012,7910500,262282344092.0,33156.23,3.33
Israel,ISR,Asia,Asia,Western Asia,2013,8059500,297732778479.0,36941.84,1.7
Israel,ISR,Asia,Asia,Western Asia,2014,8215700,314330061977.0,38259.68,0.66
Israel,ISR,Asia,Asia,Western Asia,2015,8380100,303414276832.0,36206.52,2.33
Israel,ISR,Asia,Asia,Western Asia,2016,8546000,322102790387.0,37690.47,0.38
Israel,ISR,Asia,Asia,Western Asia,2017,8713300,358245427459.0,41114.78,0.04
Israel,ISR,Asia,Asia,Western Asia,2018,8882800,376691526553.0,42406.85,0.65
Israel,ISR,Asia,Asia,Western Asia,2019,9054000,402470513619.0,44452.23,1.9
Israel,ISR,Asia,Asia,Western Asia,2020,9215100,413267669232.0,44846.79,0.97
Israel,ISR,Asia,Asia,Western Asia,2021,9371400,488526545879.0,52129.52,2.07
Israel,ISR,Asia,Asia,Western Asia,2022,9557500,525002447653.0,54930.94,4.73
Italy,ITA,Europe,Europe,Southern Europe,2000,56942108,1146676894210.0,20137.59,1.76
Italy,ITA,Europe,Europe,Southern Europe,2001,56976981,1168023426056.0,20499.92,3.06
Italy,ITA,Europe,Europe,Southern Europe,2002,57089824,1276769338449.0,22364.22,3.31
Italy,ITA,Europe,Europe,Southern Europe,2003,57399184,1577621707051.0,27485.09,3.17
Italy,ITA,Europe,Europe,Southern Europe,2004,57828179,1806542968546.0,31239.84,2.63
Italy,ITA,Europe,Europe,Southern Europe,2005,58166682,1858217147204.0,31946.42,2.08
Italy,ITA,Europe,Europe,Southern Europe,2006,58399861,1949551719390.0,33382.81,2.22
Italy,ITA,Europe,Europe,Southern Europe,2007,58756247,2213102482751.0,37665.82,2.47
Italy,ITA,Europe,Europe,Southern Europe,2008,59211181,2408655348719.0,40679.06,2.4
Italy,ITA,Europe,Europe,Southern Europe,2009,59555454,2199928804119.0,36939.17,1.77
Italy,ITA,Europe,Europe,Southern Europe,2010,59819407,2136099955237.0,35709.15,0.6
Italy,ITA,Europe,Europe,Southern Europe,2011,60026841,2294994296589.0,38232.8,1.73
Italy,ITA,Europe,Europe,Southern Europe,2012,60191247,2086957656822.0,34672.11,1.7
Italy,ITA,Europe,Europe,Southern Europe,2013,60311613,2141924094299.0,35514.29,1.13
Italy,ITA,Europe,Europe,Southern Europe,2014,60320707,2162009615997.0,35841.91,0.9
Italy,ITA,Europe,Europe,Southern Europe,2015,60229605,1836637711061.0,30493.94,0.78
Italy,ITA,Europe,Europe,Southern Europe,2016,60115223,1877071687634.0,31224.56,1.25
Italy,ITA,Europe,Europe,Southern Europe,2017,60002252,1961796197354.0,32695.38,0.71
Italy,ITA,Europe,Europe,Southern Europe,2018,60148658,2091932426267.0,34779.37,1.07
Italy,ITA,Europe,Europe,Southern Europe,2019,59729081,2011302198827.0,33673.75,1.05
Italy,ITA,Europe,Europe,Southern Europe,2020,59438851,1897461635592.0,31922.92,1.58
Italy,ITA,Europe,Europe,Southern Europe,2021,59133173,2154875493745.0,36441.06,1.28
Italy,ITA,Europe,Europe,Southern Europe,2022,59013667,2066972096554.0,35025.31,3.56
Jamaica,JAM,North America,Americas,Latin America and the Caribbean,2000,2607826,9005064475.0,3453.09,10.59
Jamaica,JAM,North America,Americas,Latin America and the Caribbean,2001,2624403,9194727831.0,3503.55,7.81
Jamaica,JAM,North America,Americas,Latin America and the Caribbean,2002,2640572,9719009495.0,3680.65,9.08
Jamaica,JAM,North America,Americas,Latin America and the Caribbean,2003,2656623,9430234811.0,3549.71,11.62
Jamaica,JAM,North America,Americas,Latin America and the Caribbean,2004,2672225,10174664854.0,3807.56,12.86
Jamaica,JAM,North America,Americas,Latin America and the Caribbean,2005,2687066,11243865778.0,4184.44,11.47
Jamaica,JAM,North America,Americas,Latin America and the Caribbean,2006,2700968,11930179090.0,4417.0,8.85
Jamaica,JAM,North America,Americas,Latin America and the Caribbean,2007,2713800,12799600047.0,4716.49,11.32
Jamaica,JAM,North America,Americas,Latin America and the Caribbean,2008,2725635,13709401520.0,5029.8,13.55
Jamaica,JAM,North America,Americas,Latin America and the Caribbean,2009,2736995,12120458115.0,4428.38,11.66
Jamaica,JAM,North America,Americas,Latin America and the Caribbean,2010,2748568,13220549908.0,4809.98,9.81
Jamaica,JAM,North America,Americas,Latin America and the Caribbean,2011,2760494,14444661522.0,5232.64,5.8
Jamaica,JAM,North America,Americas,Latin America and the Caribbean,2012,2772430,14807086556.0,5340.83,6.57
Jamaica,JAM,North America,Americas,Latin America and the Caribbean,2013,2783687,14264205153.0,5124.21,8.42
Jamaica,JAM,North America,Americas,Latin America and the Caribbean,2014,2793749,13899217680.0,4975.11,6.93
Jamaica,JAM,North America,Americas,Latin America and the Caribbean,2015,2802534,14188936918.0,5062.9,6.66
Jamaica,JAM,North America,Americas,Latin America and the Caribbean,2016,2809915,14077096677.0,5009.79,4.66
Jamaica,JAM,North America,Americas,Latin America and the Caribbean,2017,2815764,14808985133.0,5259.31,6.55
Jamaica,JAM,North America,Americas,Latin America and the Caribbean,2018,2820097,15730792876.0,5578.1,4.99
Jamaica,JAM,North America,Americas,Latin America and the Caribbean,2019,2823271,15830766531.0,5607.24,3.18
Jamaica,JAM,North America,Americas,Latin America and the Caribbean,2020,2830739,13812421836.0,4879.44,3.46
Jamaica,JAM,North America,Americas,Latin America and the Caribbean,2021,2837682,14657586159.0,5165.34,7.43
Jamaica,JAM,North America,Americas,Latin America and the Caribbean,2022,2839144,17097760687.0,6022.15,12.8
Japan,JPN,Asia,Asia,Eastern Asia,2000,126843000,4968359075957.0,39169.36,-1.34
Japan,JPN,Asia,Asia,Eastern Asia,2001,127149000,4374711694091.0,34406.18,-1.08
Japan,JPN,Asia,Asia,Eastern Asia,2002,127445000,4182846045874.0,32820.79,-1.39
Japan,JPN,Asia,Asia,Eastern Asia,2003,127718000,4519561645254.0,35387.04,-1.61
Japan,JPN,Asia,Asia,Eastern Asia,2004,127761000,4893116005657.0,38298.98,-1.12
Japan,JPN,Asia,Asia,Eastern Asia,2005,127773000,4831467035390.0,37812.9,-1.19
Japan,JPN,Asia,Asia,Eastern Asia,2006,127854000,4601663122650.0,35991.55,-0.86
Japan,JPN,Asia,Asia,Eastern Asia,2007,128001000,4579750920355.0,35779.02,-0.71
Japan,JPN,Asia,Asia,Eastern Asia,2008,128063000,5106679115127.0,39876.3,-0.91
Japan,JPN,Asia,Asia,Eastern Asia,2009,128047000,5289493117994.0,41309.0,-0.57
Japan,JPN,Asia,Asia,Eastern Asia,2010,128070000,5759071769013.0,44968.16,-1.88
Japan,JPN,Asia,Asia,Eastern Asia,2011,127833000,6233147172341.0,48760.08,-1.62
Japan,JPN,Asia,Asia,Eastern Asia,2012,127629000,6272362996105.0,49145.28,-0.76
Japan,JPN,Asia,Asia,Eastern Asia,2013,127445000,5212328181166.0,40898.65,-0.35
Japan,JPN,Asia,Asia,Eastern Asia,2014,127276000,4896994405353.0,38475.4,1.69
Japan,JPN,Asia,Asia,Eastern Asia,2015,127141000,4444930651964.0,34960.64,2.11
Japan,JPN,Asia,Asia,Eastern Asia,2016,127076000,5003677627544.0,39375.47,0.42
Japan,JPN,Asia,Asia,Eastern Asia,2017,126972000,4930837369151.0,38834.05,-0.07
Japan,JPN,Asia,Asia,Eastern Asia,2018,126811000,5040880939325.0,39751.13,-0.0
Japan,JPN,Asia,Asia,Eastern Asia,2019,126633000,5117993853017.0,40415.96,0.63
Japan,JPN,Asia,Asia,Eastern Asia,2020,126261000,5055587093502.0,40040.77,0.94
Japan,JPN,Asia,Asia,Eastern Asia,2021,125681593,5034620784585.0,40058.54,-0.19
Japan,JPN,Asia,Asia,Eastern Asia,2022,125124989,4256410760724.0,34017.27,0.33
Jordan,JOR,Asia,Asia,Western Asia,2000,5386945,8460789845.0,1570.61,-0.41
Jordan,JOR,Asia,Asia,Western Asia,2001,5498894,8975814653.0,1632.29,0.77
Jordan,JOR,Asia,Asia,Western Asia,2002,5616066,9582510578.0,1706.27,0.92
Jordan,JOR,Asia,Asia,Western Asia,2003,5741828,10195627645.0,1775.68,2.15
Jordan,JOR,Asia,Asia,Western Asia,2004,5882061,11411706629.0,1940.09,3.1
Jordan,JOR,Asia,Asia,Western Asia,2005,6029587,12588998590.0,2087.87,2.01
Jordan,JOR,Asia,Asia,Western Asia,2006,6427371,15056981664.0,2342.63,10.65
Jordan,JOR,Asia,Asia,Western Asia,2007,6827227,17110437236.0,2506.21,5.05
Jordan,JOR,Asia,Asia,Western Asia,2008,6989866,22658715989.0,3241.65,23.62
Jordan,JOR,Asia,Asia,Western Asia,2009,7141753,24537876056.0,3435.83,3.16
Jordan,JOR,Asia,Asia,Western Asia,2010,7297043,27133804225.0,3718.47,8.08
Jordan,JOR,Asia,Asia,Western Asia,2011,7480424,29524149155.0,3946.86,5.91
Jordan,JOR,Asia,Asia,Western Asia,2012,7587127,31634561690.0,4169.5,4.61
Jordan,JOR,Asia,Asia,Western Asia,2013,7991809,34454440141.0,4311.22,6.14
Jordan,JOR,Asia,Asia,Western Asia,2014,8791710,36847643521.0,4191.18,3.45
Jordan,JOR,Asia,Asia,Western Asia,2015,9544729,38587017887.0,4042.76,2.17
Jordan,JOR,Asia,Asia,Western Asia,2016,10006367,39892551127.0,3986.72,1.36
Jordan,JOR,Asia,Asia,Western Asia,2017,10234226,41608435915.0,4065.62,1.78
Jordan,JOR,Asia,Asia,Western Asia,2018,10462306,43370860704.0,4145.44,2.27
Jordan,JOR,Asia,Asia,Western Asia,2019,10671891,44502816901.0,4170.1,0.84
Jordan,JOR,Asia,Asia,Western Asia,2020,10865228,43700383099.0,4022.04,-0.71
Jordan,JOR,Asia,Asia,Western Asia,2021,11066356,46296100141.0,4183.5,2.2
Jordan,JOR,Asia,Asia,Western Asia,2022,11256263,48653381831.0,4322.34,2.62
Kazakhstan,KAZ,Asia,Asia,Central Asia,2000,15501103,18291990662.0,1180.04,17.43
Kazakhstan,KAZ,Asia,Asia,Central Asia,2001,15575550,22152689180.0,1422.27,10.16
Kazakhstan,KAZ,Asia,Asia,Central Asia,2002,15656677,24636598527.0,1573.55,5.8
Kazakhstan,KAZ,Asia,Asia,Central Asia,2003,15747380,30833692900.0,1958.02,11.74
Kazakhstan,KAZ,Asia,Asia,Central Asia,2004,15850159,43151647003.0,2722.47,16.13
Kazakhstan,KAZ,Asia,Asia,Central Asia,2005,15968117,57123671734.0,3577.36,17.87
Kazakhstan,KAZ,Asia,Asia,Central Asia,2006,16103716,81003864630.0,5030.13,21.55
Kazakhstan,KAZ,Asia,Asia,Central Asia,2007,16257214,104849915058.0,6449.44,15.53
Kazakhstan,KAZ,Asia,Asia,Central Asia,2008,16426525,133441648852.0,8123.55,20.94
Kazakhstan,KAZ,Asia,Asia,Central Asia,2009,16619846,115308686941.0,6938.01,4.69
Kazakhstan,KAZ,Asia,Asia,Central Asia,2010,16836810,148047348241.0,8793.08,19.54
Kazakhstan,KAZ,Asia,Asia,Central Asia,2011,17066002,192626464617.0,11287.15,20.54
Kazakhstan,KAZ,Asia,Asia,Central Asia,2012,17306106,207998568866.0,12018.8,4.79
Kazakhstan,KAZ,Asia,Asia,Central Asia,2013,17556502,236634603409.0,13478.46,9.5
Kazakhstan,KAZ,Asia,Asia,Central Asia,2014,17816285,221415613595.0,12427.71,5.77
Kazakhstan,KAZ,Asia,Asia,Central Asia,2015,18084169,184388404706.0,10196.12,1.82
Kazakhstan,KAZ,Asia,Asia,Central Asia,2016,18363600,137278320084.0,7475.57,13.64
Kazakhstan,KAZ,Asia,Asia,Central Asia,2017,18651931,166805788827.0,8943.08,11.21
Kazakhstan,KAZ,Asia,Asia,Central Asia,2018,18932727,179339977690.0,9472.49,9.21
Kazakhstan,KAZ,Asia,Asia,Central Asia,2019,19209555,181667184855.0,9457.13,7.63
Kazakhstan,KAZ,Asia,Asia,Central Asia,2020,19482117,171082365861.0,8781.51,4.21
Kazakhstan,KAZ,Asia,Asia,Central Asia,2021,19743603,197112255361.0,9983.6,13.93
Kazakhstan,KAZ,Asia,Asia,Central Asia,2022,20034609,225496328925.0,11255.34,19.77
Kenya,KEN,Africa,Africa,Sub-Saharan Africa,2000,30642890,12705350098.0,414.63,6.08
Kenya,KEN,Africa,Africa,Sub-Saharan Africa,2001,31619170,12986007426.0,410.7,1.57
Kenya,KEN,Africa,Africa,Sub-Saharan Africa,2002,32629808,13147736899.0,402.94,0.93
Kenya,KEN,Africa,Africa,Sub-Saharan Africa,2003,33652223,14904517650.0,442.9,6.2
Kenya,KEN,Africa,Africa,Sub-Saharan Africa,2004,34713455,16095337094.0,463.66,7.13
Kenya,KEN,Africa,Africa,Sub-Saharan Africa,2005,35796484,18737895513.0,523.46,4.9
Kenya,KEN,Africa,Africa,Sub-Saharan Africa,2006,36904008,25825512284.0,699.8,23.53
Kenya,KEN,Africa,Africa,Sub-Saharan Africa,2007,38036349,31958195182.0,840.2,8.13
Kenya,KEN,Africa,Africa,Sub-Saharan Africa,2008,39206351,35895153328.0,915.54,15.15
Kenya,KEN,Africa,Africa,Sub-Saharan Africa,2009,40408891,42347217913.0,1047.97,27.7
Kenya,KEN,Africa,Africa,Sub-Saharan Africa,2010,41598567,45405615064.0,1091.52,1.64
Kenya,KEN,Africa,Africa,Sub-Saharan Africa,2011,42758461,46869473151.0,1096.14,10.07
Kenya,KEN,Africa,Africa,Sub-Saharan Africa,2012,43888303,56396704672.0,1285.01,9.52
Kenya,KEN,Africa,Africa,Sub-Saharan Africa,2013,44986791,61671440408.0,1370.88,7.34
Kenya,KEN,Africa,Africa,Sub-Saharan Africa,2014,46051440,68285796514.0,1482.82,7.64
Kenya,KEN,Africa,Africa,Sub-Saharan Africa,2015,47088526,70120446897.0,1489.12,9.24
Kenya,KEN,Africa,Africa,Sub-Saharan Africa,2016,48139687,74815144164.0,1554.13,5.85
Kenya,KEN,Africa,Africa,Sub-Saharan Africa,2017,49197766,82036510877.0,1667.48,7.58
Kenya,KEN,Africa,Africa,Sub-Saharan Africa,2018,50207107,92202979985.0,1836.45,4.22
Kenya,KEN,Africa,Africa,Sub-Saharan Africa,2019,51202827,100378436207.0,1960.41,4.28
Kenya,KEN,Africa,Africa,Sub-Saharan Africa,2020,52217334,100657505751.0,1927.66,4.95
Kenya,KEN,Africa,Africa,Sub-Saharan Africa,2021,53219166,109703658905.0,2061.36,4.33
Kenya,KEN,Africa,Africa,Sub-Saharan Africa,2022,54252461,113419826114.0,2090.59,6.96
Kiribati,KIR,Oceania,Oceania,Micronesia,2000,88613,74790109.0,844.01,1.0
Kiribati,KIR,Oceania,Oceania,Micronesia,2001,90335,65168751.0,721.41,0.32
Kiribati,KIR,Oceania,Oceania,Micronesia,2002,92264,74977059.0,812.64,8.01
Kiribati,KIR,Oceania,Oceania,Micronesia,2003,94175,95984601.0,1019.22,9.44
Kiribati,KIR,Oceania,Oceania,Micronesia,2004,96085,104430808.0,1086.86,-3.91
Kiribati,KIR,Oceania,Oceania,Micronesia,2005,98035,113786233.0,1160.67,4.03
Kiribati,KIR,Oceania,Oceania,Micronesia,2006,100017,112201076.0,1121.82,-5.44
Kiribati,KIR,Oceania,Oceania,Micronesia,2007,102068,138066995.0,1352.7,7.31
Kiribati,KIR,Oceania,Oceania,Micronesia,2008,104222,146790161.0,1408.44,9.5
Kiribati,KIR,Oceania,Oceania,Micronesia,2009,106467,140384920.0,1318.58,2.0
Kiribati,KIR,Oceania,Oceania,Micronesia,2010,108704,165113529.0,1518.93,-0.86
Kiribati,KIR,Oceania,Oceania,Micronesia,2011,110647,195984787.0,1771.26,2.0
Kiribati,KIR,Oceania,Oceania,Micronesia,2012,112284,207081997.0,1844.27,-0.54
Kiribati,KIR,Oceania,Oceania,Micronesia,2013,113838,201768029.0,1772.41,-2.98
Kiribati,KIR,Oceania,Oceania,Micronesia,2014,115326,200114841.0,1735.21,5.0
Kiribati,KIR,Oceania,Oceania,Micronesia,2015,116815,191572320.0,1639.96,3.14
Kiribati,KIR,Oceania,Oceania,Micronesia,2016,118478,206658569.0,1744.28,1.72
Kiribati,KIR,Oceania,Oceania,Micronesia,2017,120275,223029865.0,1854.33,0.92
Kiribati,KIR,Oceania,Oceania,Micronesia,2018,122084,233859230.0,1915.56,3.86
Kiribati,KIR,Oceania,Oceania,Micronesia,2019,123921,216891541.0,1750.24,-3.29
Kiribati,KIR,Oceania,Oceania,Micronesia,2020,126099,222973880.0,1768.24,4.46
Kiribati,KIR,Oceania,Oceania,Micronesia,2021,128377,289207526.0,2252.8,9.47
Kiribati,KIR,Oceania,Oceania,Micronesia,2022,130469,270520732.0,2073.45,-2.44
"Korea, Rep.",KOR,Asia,Asia,Eastern Asia,2000,47008111,576179387820.0,12257.02,1.02
"Korea, Rep.",KOR,Asia,Asia,Eastern Asia,2001,47370164,547656279895.0,11561.21,3.48
"Korea, Rep.",KOR,Asia,Asia,Eastern Asia,2002,47644736,627246933730.0,13165.08,3.03
"Korea, Rep.",KOR,Asia,Asia,Eastern Asia,2003,47892330,702714855194.0,14672.81,3.45
"Korea, Rep.",KOR,Asia,Asia,Eastern Asia,2004,48082519,793175561887.0,16496.13,3.13
"Korea, Rep.",KOR,Asia,Asia,Eastern Asia,2005,48184561,934901071333.0,19402.5,1.04
"Korea, Rep.",KOR,Asia,Asia,Eastern Asia,2006,48438292,1053216909888.0,21743.48,-0.22
"Korea, Rep.",KOR,Asia,Asia,Eastern Asia,2007,48683638,1172614086540.0,24086.41,2.42
"Korea, Rep.",KOR,Asia,Asia,Eastern Asia,2008,49054708,1047339010225.0,21350.43,2.83
"Korea, Rep.",KOR,Asia,Asia,Eastern Asia,2009,49307835,943941876219.0,19143.85,3.61
"Korea, Rep.",KOR,Asia,Asia,Eastern Asia,2010,49554112,1143672241150.0,23079.26,2.74
"Korea, Rep.",KOR,Asia,Asia,Eastern Asia,2011,49936638,1253289537501.0,25097.6,1.28
"Korea, Rep.",KOR,Asia,Asia,Eastern Asia,2012,50199853,1278046536287.0,25459.17,1.25
"Korea, Rep.",KOR,Asia,Asia,Eastern Asia,2013,50428893,1370632955321.0,27179.52,1.02
"Korea, Rep.",KOR,Asia,Asia,Eastern Asia,2014,50746659,1484488526272.0,29252.93,0.91
"Korea, Rep.",KOR,Asia,Asia,Eastern Asia,2015,51014947,1466038936206.0,28737.44,3.19
"Korea, Rep.",KOR,Asia,Asia,Eastern Asia,2016,51217803,1499679823910.0,29280.44,1.99
"Korea, Rep.",KOR,Asia,Asia,Eastern Asia,2017,51361911,1623074183502.0,31600.74,2.22
"Korea, Rep.",KOR,Asia,Asia,Eastern Asia,2018,51585058,1725373496825.0,33447.16,0.48
"Korea, Rep.",KOR,Asia,Asia,Eastern Asia,2019,51764822,1651422932448.0,31902.42,-0.84
"Korea, Rep.",KOR,Asia,Asia,Eastern Asia,2020,51836239,1644312831906.0,31721.3,1.56
"Korea, Rep.",KOR,Asia,Asia,Eastern Asia,2021,51769539,1818432106880.0,35125.52,2.76
"Korea, Rep.",KOR,Asia,Asia,Eastern Asia,2022,51672569,1673916511800.0,32394.68,1.28
Kuwait,KWT,Asia,Asia,Western Asia,2000,1954709,37718743480.0,19296.35,20.52
Kuwait,KWT,Asia,Asia,Western Asia,2001,2008121,34889559870.0,17374.23,-7.72
Kuwait,KWT,Asia,Asia,Western Asia,2002,2059974,38135788414.0,18512.75,5.15
Kuwait,KWT,Asia,Asia,Western Asia,2003,2109881,47874582232.0,22690.66,4.92
Kuwait,KWT,Asia,Asia,Western Asia,2004,2157320,59439090601.0,27552.28,11.37
Kuwait,KWT,Asia,Asia,Western Asia,2005,2236788,80798630137.0,36122.61,21.77
Kuwait,KWT,Asia,Asia,Western Asia,2006,2364733,101557330723.0,42946.64,16.18
Kuwait,KWT,Asia,Asia,Western Asia,2007,2507887,114634043362.0,45709.41,4.31
Kuwait,KWT,Asia,Asia,Western Asia,2008,2651421,147379737230.0,55585.19,18.66
Kuwait,KWT,Asia,Asia,Western Asia,2009,2795484,105968691905.0,37907.1,-17.17
Kuwait,KWT,Asia,Asia,Western Asia,2010,2943372,115416245238.0,39212.25,11.1
Kuwait,KWT,Asia,Asia,Western Asia,2011,3132814,154039231299.0,49169.61,17.23
Kuwait,KWT,Asia,Asia,Western Asia,2012,3337109,174047695599.0,52155.23,7.49
Kuwait,KWT,Asia,Asia,Western Asia,2013,3507844,174168116687.0,49651.04,0.22
Kuwait,KWT,Asia,Asia,Western Asia,2014,3665876,162650450785.0,44368.78,-6.76
Kuwait,KWT,Asia,Asia,Western Asia,2015,3834574,114585555831.0,29882.21,-25.96
Kuwait,KWT,Asia,Asia,Western Asia,2016,4004096,109406674088.0,27323.69,-6.84
Kuwait,KWT,Asia,Asia,Western Asia,2017,4154812,120687539676.0,29047.65,16.23
Kuwait,KWT,Asia,Asia,Western Asia,2018,4323515,138202535962.0,31965.32,11.3
Kuwait,KWT,Asia,Asia,Western Asia,2019,4442316,138696321088.0,31221.62,-0.11
Kuwait,KWT,Asia,Asia,Western Asia,2020,4400267,107512998447.0,24433.29,-16.46
Kuwait,KWT,Asia,Asia,Western Asia,2021,4360865,141777271269.0,32511.27,28.78
Kuwait,KWT,Asia,Asia,Western Asia,2022,4589643,182809482401.0,39830.87,18.83
Kyrgyz Republic,KGZ,Asia,Asia,Central Asia,2000,4898362,1369688498.0,279.62,27.16
Kyrgyz Republic,KGZ,Asia,Asia,Central Asia,2001,4945073,1525116370.0,308.41,7.33
Kyrgyz Republic,KGZ,Asia,Asia,Central Asia,2002,4990704,1605643105.0,321.73,2.03
Kyrgyz Republic,KGZ,Asia,Asia,Central Asia,2003,5043308,1919008090.0,380.51,3.97
Kyrgyz Republic,KGZ,Asia,Asia,Central Asia,2004,5104713,2211534585.0,433.23,5.11
Kyrgyz Republic,KGZ,Asia,Asia,Central Asia,2005,5162640,2460246766.0,476.55,7.13
Kyrgyz Republic,KGZ,Asia,Asia,Central Asia,2006,5218373,2834168889.0,543.11,9.39
Kyrgyz Republic,KGZ,Asia,Asia,Central Asia,2007,5268385,3802570553.0,721.77,14.88
Kyrgyz Republic,KGZ,Asia,Asia,Central Asia,2008,5318729,5139958909.0,966.39,22.22
Kyrgyz Republic,KGZ,Asia,Asia,Central Asia,2009,5389643,4690061381.0,870.2,4.04
Kyrgyz Republic,KGZ,Asia,Asia,Central Asia,2010,5467059,4794361863.0,876.95,10.03
Kyrgyz Republic,KGZ,Asia,Asia,Central Asia,2011,5546587,6197765984.0,1117.4,22.48
Kyrgyz Republic,KGZ,Asia,Asia,Central Asia,2012,5652076,6605142884.0,1168.62,8.66
Kyrgyz Republic,KGZ,Asia,Asia,Central Asia,2013,5777150,7335033801.0,1269.66,3.18
Kyrgyz Republic,KGZ,Asia,Asia,Central Asia,2014,5905848,7468102413.0,1264.53,8.42
Kyrgyz Republic,KGZ,Asia,Asia,Central Asia,2015,6040036,6678177512.0,1105.65,3.43
Kyrgyz Republic,KGZ,Asia,Asia,Central Asia,2016,6175338,6813095379.0,1103.27,6.05
Kyrgyz Republic,KGZ,Asia,Asia,Central Asia,2017,6306696,7702938379.0,1221.39,6.33
Kyrgyz Republic,KGZ,Asia,Asia,Central Asia,2018,6444079,8271106235.0,1283.52,3.45
Kyrgyz Republic,KGZ,Asia,Asia,Central Asia,2019,6590211,9371275264.0,1422.0,9.81
Kyrgyz Republic,KGZ,Asia,Asia,Central Asia,2020,6726596,8270468614.0,1229.52,5.34
Kyrgyz Republic,KGZ,Asia,Asia,Central Asia,2021,6851224,9249133946.0,1350.0,15.99
Kyrgyz Republic,KGZ,Asia,Asia,Central Asia,2022,6975220,12134931018.0,1739.72,19.66
Lao PDR,LAO,Asia,Asia,South-eastern Asia,2000,5431212,1731198022.0,318.75,24.8
Lao PDR,LAO,Asia,Asia,South-eastern Asia,2001,5521482,1768619058.0,320.32,8.87
Lao PDR,LAO,Asia,Asia,South-eastern Asia,2002,5610889,1758176653.0,313.35,6.32
Lao PDR,LAO,Asia,Asia,South-eastern Asia,2003,5697945,2023324407.0,355.1,13.45
Lao PDR,LAO,Asia,Asia,South-eastern Asia,2004,5781626,2366398120.0,409.3,10.69
Lao PDR,LAO,Asia,Asia,South-eastern Asia,2005,5869523,2735558735.0,466.06,8.64
Lao PDR,LAO,Asia,Asia,South-eastern Asia,2006,5963200,3455030061.0,579.39,10.81
Lao PDR,LAO,Asia,Asia,South-eastern Asia,2007,6056236,4223152739.0,697.32,7.44
Lao PDR,LAO,Asia,Asia,South-eastern Asia,2008,6148969,5446433157.0,885.75,8.86
Lao PDR,LAO,Asia,Asia,South-eastern Asia,2009,6241642,5836137330.0,935.03,-2.93
Lao PDR,LAO,Asia,Asia,South-eastern Asia,2010,6334194,7131771015.0,1125.92,9.2
Lao PDR,LAO,Asia,Asia,South-eastern Asia,2011,6426590,8750104617.0,1361.55,10.47
Lao PDR,LAO,Asia,Asia,South-eastern Asia,2012,6518978,10192846339.0,1563.57,7.53
Lao PDR,LAO,Asia,Asia,South-eastern Asia,2013,6611385,11983252627.0,1812.52,6.47
Lao PDR,LAO,Asia,Asia,South-eastern Asia,2014,6703172,13279245886.0,1981.04,5.73
Lao PDR,LAO,Asia,Asia,South-eastern Asia,2015,6801645,14426380126.0,2121.01,2.35
Lao PDR,LAO,Asia,Asia,South-eastern Asia,2016,6908802,15912501723.0,2303.22,3.02
Lao PDR,LAO,Asia,Asia,South-eastern Asia,2017,7018147,17071155481.0,2432.43,1.85
Lao PDR,LAO,Asia,Asia,South-eastern Asia,2018,7128045,18141641090.0,2545.11,1.92
Lao PDR,LAO,Asia,Asia,South-eastern Asia,2019,7237636,18740561513.0,2589.32,1.2
Lao PDR,LAO,Asia,Asia,South-eastern Asia,2020,7346533,18981805250.0,2583.78,5.03
Lao PDR,LAO,Asia,Asia,South-eastern Asia,2021,7453194,18827148531.0,2526.05,3.71
Lao PDR,LAO,Asia,Asia,South-eastern Asia,2022,7559007,15468785204.0,2046.4,15.77
Latvia,LVA,Europe,Europe,Northern Europe,2000,2367550,7958852839.0,3361.64,3.77
Latvia,LVA,Europe,Europe,Northern Europe,2001,2337170,8362398702.0,3578.0,2.62
Latvia,LVA,Europe,Europe,Northern Europe,2002,2310173,9557031605.0,4136.93,3.26
Latvia,LVA,Europe,Europe,Northern Europe,2003,2287955,11771975157.0,5145.2,3.65
Latvia,LVA,Europe,Europe,Northern Europe,2004,2263122,14435700533.0,6378.67,6.92
Latvia,LVA,Europe,Europe,Northern Europe,2005,2238799,17003459863.0,7594.9,10.45
Latvia,LVA,Europe,Europe,Northern Europe,2006,2218357,21570076499.0,9723.45,10.23
Latvia,LVA,Europe,Europe,Northern Europe,2007,2200325,31054350978.0,14113.53,19.55
Latvia,LVA,Europe,Europe,Northern Europe,2008,2177322,35854274229.0,16467.14,12.37
Latvia,LVA,Europe,Europe,Northern Europe,2009,2141669,26410909091.0,12331.93,-5.73
Latvia,LVA,Europe,Europe,Northern Europe,2010,2097555,23956163077.0,11420.99,-0.48
Latvia,LVA,Europe,Europe,Northern Europe,2011,2059709,27474380566.0,13338.96,4.71
Latvia,LVA,Europe,Europe,Northern Europe,2012,2034319,28169902669.0,13847.34,2.88
Latvia,LVA,Europe,Europe,Northern Europe,2013,2012647,30204783462.0,15007.49,1.9
Latvia,LVA,Europe,Europe,Northern Europe,2014,1993782,31386896487.0,15742.39,1.67
Latvia,LVA,Europe,Europe,Northern Europe,2015,1977527,27263090547.0,13786.46,0.39
Latvia,LVA,Europe,Europe,Northern Europe,2016,1959537,28083597512.0,14331.75,0.61
Latvia,LVA,Europe,Europe,Northern Europe,2017,1942248,30483806018.0,15695.12,2.71
Latvia,LVA,Europe,Europe,Northern Europe,2018,1927174,34429023435.0,17865.03,3.74
Latvia,LVA,Europe,Europe,Northern Europe,2019,1913822,34225547537.0,17883.35,4.32
Latvia,LVA,Europe,Europe,Northern Europe,2020,1900449,34390910339.0,18096.2,2.39
Latvia,LVA,Europe,Europe,Northern Europe,2021,1884490,39443126174.0,20930.4,3.3
Latvia,LVA,Europe,Europe,Northern Europe,2022,1879383,40422521943.0,21508.4,9.84
Lebanon,LBN,Asia,Asia,Western Asia,2000,4329340,17260364842.0,3986.84,-2.09
Lebanon,LBN,Asia,Asia,Western Asia,2001,4401918,17649751244.0,4009.56,-1.53
Lebanon,LBN,Asia,Asia,Western Asia,2002,4463504,19152238806.0,4290.85,4.92
Lebanon,LBN,Asia,Asia,Western Asia,2003,4525508,20082918740.0,4437.72,1.58
Lebanon,LBN,Asia,Asia,Western Asia,2004,4599279,21159827992.0,4600.68,-1.23
Lebanon,LBN,Asia,Asia,Western Asia,2005,4671102,21497336499.0,4602.2,-1.06
Lebanon,LBN,Asia,Asia,Western Asia,2006,4751136,22022709851.0,4635.25,0.88
Lebanon,LBN,Asia,Asia,Western Asia,2007,4844118,24827355015.0,5125.26,3.13
Lebanon,LBN,Asia,Asia,Western Asia,2008,4925354,29118916105.0,5912.05,7.53
Lebanon,LBN,Asia,Asia,Western Asia,2009,4992287,35399582929.0,7090.85,10.28
Lebanon,LBN,Asia,Asia,Western Asia,2010,5041288,38443907042.0,7625.81,0.58
Lebanon,LBN,Asia,Asia,Western Asia,2011,5096020,39927125962.0,7834.96,2.97
Lebanon,LBN,Asia,Asia,Western Asia,2012,5235742,44016799516.0,8406.98,7.49
Lebanon,LBN,Asia,Asia,Western Asia,2013,5743436,46880103081.0,8162.38,2.58
Lebanon,LBN,Asia,Asia,Western Asia,2014,6346990,48095213747.0,7577.64,0.11
Lebanon,LBN,Asia,Asia,Western Asia,2015,6472469,49929337837.0,7714.11,3.34
Lebanon,LBN,Asia,Asia,Western Asia,2016,6323060,51147308774.0,8089.01,0.87
Lebanon,LBN,Asia,Asia,Western Asia,2017,6160128,53027680686.0,8608.21,2.75
Lebanon,LBN,Asia,Asia,Western Asia,2018,5984119,54901519156.0,9174.54,5.52
Lebanon,LBN,Asia,Asia,Western Asia,2019,5794594,51605959131.0,8905.88,4.09
Lebanon,LBN,Asia,Asia,Western Asia,2020,5702398,31712128254.0,5561.19,85.54
Lebanon,LBN,Asia,Asia,Western Asia,2021,5718122,23131941557.0,4045.37,150.0
Lebanon,LBN,Asia,Asia,Western Asia,2022,5744489,20992421949.0,3654.36,112.15
Lesotho,LSO,Africa,Africa,Sub-Saharan Africa,2000,2003913,887291688.0,442.78,6.3
Lesotho,LSO,Africa,Africa,Sub-Saharan Africa,2001,2000853,825706961.0,412.68,11.47
Lesotho,LSO,Africa,Africa,Sub-Saharan Africa,2002,1994679,775777239.0,388.92,14.21
Lesotho,LSO,Africa,Africa,Sub-Saharan Africa,2003,1985059,1157825435.0,583.27,2.44
Lesotho,LSO,Africa,Africa,Sub-Saharan Africa,2004,1971129,1511236656.0,766.69,9.6
Lesotho,LSO,Africa,Africa,Sub-Saharan Africa,2005,1953076,1682343527.0,861.38,5.92
Lesotho,LSO,Africa,Africa,Sub-Saharan Africa,2006,1945063,1800092564.0,925.47,9.31
Lesotho,LSO,Africa,Africa,Sub-Saharan Africa,2007,1953268,1682131785.0,861.19,-6.68
Lesotho,LSO,Africa,Africa,Sub-Saharan Africa,2008,1966541,1766902709.0,898.48,16.72
Lesotho,LSO,Africa,Africa,Sub-Saharan Africa,2009,1980883,1740894965.0,878.85,2.35
Lesotho,LSO,Africa,Africa,Sub-Saharan Africa,2010,1996251,2234754242.0,1119.48,5.34
Lesotho,LSO,Africa,Africa,Sub-Saharan Africa,2011,2014009,2579409620.0,1280.73,9.43
Lesotho,LSO,Africa,Africa,Sub-Saharan Africa,2012,2034354,2477702216.0,1217.93,2.18
Lesotho,LSO,Africa,Africa,Sub-Saharan Africa,2013,2056504,2367112932.0,1151.04,10.28
Lesotho,LSO,Africa,Africa,Sub-Saharan Africa,2014,2080089,2441063054.0,1173.54,14.04
Lesotho,LSO,Africa,Africa,Sub-Saharan Africa,2015,2104611,2359686725.0,1121.2,10.2
Lesotho,LSO,Africa,Africa,Sub-Saharan Africa,2016,2130422,2114426454.0,992.49,-0.29
Lesotho,LSO,Africa,Africa,Sub-Saharan Africa,2017,2157110,2306741674.0,1069.37,2.02
Lesotho,LSO,Africa,Africa,Sub-Saharan Africa,2018,2183603,2556247292.0,1170.66,11.72
Lesotho,LSO,Africa,Africa,Sub-Saharan Africa,2019,2209405,2390702296.0,1082.06,3.58
Lesotho,LSO,Africa,Africa,Sub-Saharan Africa,2020,2235727,2053338465.0,918.42,6.55
Lesotho,LSO,Africa,Africa,Sub-Saharan Africa,2021,2261542,2406780519.0,1064.22,3.12
Lesotho,LSO,Africa,Africa,Sub-Saharan Africa,2022,2286110,2289355249.0,1001.42,5.53
Liberia,LBR,Africa,Africa,Sub-Saharan Africa,2000,2928117,874000000.0,298.49,53.81
Liberia,LBR,Africa,Africa,Sub-Saharan Africa,2001,3015338,906000000.0,300.46,0.72
Liberia,LBR,Africa,Africa,Sub-Saharan Africa,2002,3094782,927000000.0,299.54,-1.39
Liberia,LBR,Africa,Africa,Sub-Saharan Africa,2003,3119532,748000000.0,239.78,15.51
Liberia,LBR,Africa,Africa,Sub-Saharan Africa,2004,3156892,897000000.0,284.14,16.86
Liberia,LBR,Africa,Africa,Sub-Saharan Africa,2005,3301015,949000000.0,287.49,0.49
Liberia,LBR,Africa,Africa,Sub-Saharan Africa,2006,3490787,1119000000.0,320.56,9.13
Liberia,LBR,Africa,Africa,Sub-Saharan Africa,2007,3669050,1373000000.0,374.21,12.02
Liberia,LBR,Africa,Africa,Sub-Saharan Africa,2008,3821003,1726000000.0,451.71,17.33
Liberia,LBR,Africa,Africa,Sub-Saharan Africa,2009,3943028,1768000000.0,448.39,-2.72
Liberia,LBR,Africa,Africa,Sub-Saharan Africa,2010,4058890,1998000000.0,492.25,6.51
Liberia,LBR,Africa,Africa,Sub-Saharan Africa,2011,4221178,2398000000.0,568.09,10.92
Liberia,LBR,Africa,Africa,Sub-Saharan Africa,2012,4373043,2791614000.0,638.37,7.8
Liberia,LBR,Africa,Africa,Sub-Saharan Africa,2013,4470239,3177198100.0,710.74,4.72
Liberia,LBR,Africa,Africa,Sub-Saharan Africa,2014,4564293,3225652000.0,706.71,0.82
Liberia,LBR,Africa,Africa,Sub-Saharan Africa,2015,4659431,3227075700.0,692.59,0.06
Liberia,LBR,Africa,Africa,Sub-Saharan Africa,2016,4755608,3398419600.0,714.61,6.97
Liberia,LBR,Africa,Africa,Sub-Saharan Africa,2017,4848925,3390703400.0,699.27,-2.62
Liberia,LBR,Africa,Africa,Sub-Saharan Africa,2018,4944726,3422754800.0,692.2,-0.21
Liberia,LBR,Africa,Africa,Sub-Saharan Africa,2019,5043721,3319596500.0,658.16,-0.56
Liberia,LBR,Africa,Africa,Sub-Saharan Africa,2020,5149463,3176126340.0,616.79,-1.38
Liberia,LBR,Africa,Africa,Sub-Saharan Africa,2021,5259323,3513049520.0,667.97,5.35
Liberia,LBR,Africa,Africa,Sub-Saharan Africa,2022,5373294,4001047000.0,744.62,8.67
Libya,LBY,Africa,Africa,Northern Africa,2000,5305021,38270954138.0,7214.1,13.31
Libya,LBY,Africa,Africa,Northern Africa,2001,5403639,34112093927.0,6312.8,7.18
Libya,LBY,Africa,Africa,Northern Africa,2002,5508410,20481889764.0,3718.29,27.25
Libya,LBY,Africa,Africa,Northern Africa,2003,5619398,26265625000.0,4674.1,14.36
Libya,LBY,Africa,Africa,Northern Africa,2004,5736693,33122307692.0,5773.76,22.61
Libya,LBY,Africa,Africa,Northern Africa,2005,5858798,47334691241.0,8079.25,28.57
Libya,LBY,Africa,Africa,Northern Africa,2006,5980211,60094231607.0,10048.85,19.68
Libya,LBY,Africa,Africa,Northern Africa,2007,6104380,68032978391.0,11144.94,2.44
Libya,LBY,Africa,Africa,Northern Africa,2008,6235430,86710767415.0,13906.14,23.71
Libya,LBY,Africa,Africa,Northern Africa,2009,6366686,60808562033.0,9551.05,-24.85
Libya,LBY,Africa,Africa,Northern Africa,2010,6497839,75380825062.0,11600.91,19.28
Libya,LBY,Africa,Africa,Northern Africa,2011,6343203,48169263294.0,7593.84,24.34
Libya,LBY,Africa,Africa,Northern Africa,2012,6179328,92540938129.0,14975.89,5.98
Libya,LBY,Africa,Africa,Northern Africa,2013,6304628,75351107029.0,11951.71,0.09
Libya,LBY,Africa,Africa,Northern Africa,2014,6427252,57372355592.0,8926.42,-1.01
Libya,LBY,Africa,Africa,Northern Africa,2015,6531819,48717501321.0,7458.49,-7.04
Libya,LBY,Africa,Africa,Northern Africa,2016,6632126,49912073701.0,7525.8,4.69
Libya,LBY,Africa,Africa,Northern Africa,2017,6738770,67157452182.0,9965.83,1.81
Libya,LBY,Africa,Africa,Northern Africa,2018,6849055,76686029772.0,11196.59,3.6
Libya,LBY,Africa,Africa,Northern Africa,2019,6951033,72081962263.0,10369.96,4.18
Libya,LBY,Africa,Africa,Northern Africa,2020,7045399,65688454972.0,9323.6,-4.75
Libya,LBY,Africa,Africa,Northern Africa,2021,7135175,47786789104.0,6697.35,90.41
Libya,LBY,Africa,Africa,Northern Africa,2022,7223805,55938727098.0,7743.67,42.7
Liechtenstein,LIE,Europe,Europe,Western Europe,2000,32645,2483889858.0,76087.91,1.55
Liechtenstein,LIE,Europe,Europe,Western Europe,2001,33194,2491800559.0,75067.8,0.99
Liechtenstein,LIE,Europe,Europe,Western Europe,2002,33694,2688618747.0,79795.18,0.65
Liechtenstein,LIE,Europe,Europe,Western Europe,2003,34079,3070803051.0,90108.37,0.63
Liechtenstein,LIE,Europe,Europe,Western Europe,2004,34447,3454373798.0,100280.83,0.81
Liechtenstein,LIE,Europe,Europe,Western Europe,2005,34753,3659319117.0,105295.06,1.19
Liechtenstein,LIE,Europe,Europe,Western Europe,2006,35037,4000102086.0,114167.94,1.31
Liechtenstein,LIE,Europe,Europe,Western Europe,2007,35262,4601429897.0,130492.6,6.58
Liechtenstein,LIE,Europe,Europe,Western Europe,2008,35473,5081479840.0,143249.23,-2.12
Liechtenstein,LIE,Europe,Europe,Western Europe,2009,35742,4504375348.0,126024.71,-9.9
Liechtenstein,LIE,Europe,Europe,Western Europe,2010,36022,5082337238.0,141089.81,
Liechtenstein,LIE,Europe,Europe,Western Europe,2011,36312,5739706005.0,158066.37,
Liechtenstein,LIE,Europe,Europe,Western Europe,2012,36657,5456102482.0,148842.04,
Liechtenstein,LIE,Europe,Europe,Western Europe,2013,36984,6391708311.0,172823.61,
Liechtenstein,LIE,Europe,Europe,Western Europe,2014,37248,6657526980.0,178735.15,
Liechtenstein,LIE,Europe,Europe,Western Europe,2015,37494,6268515276.0,167187.16,
Liechtenstein,LIE,Europe,Europe,Western Europe,2016,37716,6237302034.0,165375.49,
Liechtenstein,LIE,Europe,Europe,Western Europe,2017,37962,6474308718.0,170547.09,
Liechtenstein,LIE,Europe,Europe,Western Europe,2018,38246,6692620692.0,174988.78,
Liechtenstein,LIE,Europe,Europe,Western Europe,2019,38563,6436467007.0,166907.84,
Liechtenstein,LIE,Europe,Europe,Western Europe,2020,38901,6405870210.0,164671.09,
Liechtenstein,LIE,Europe,Europe,Western Europe,2021,39182,7710380086.0,196783.73,
Liechtenstein,LIE,Europe,Europe,Western Europe,2022,39493,7364654515.0,186480.0,
Lithuania,LTU,Europe,Europe,Northern Europe,2000,3499536,11524776867.0,3293.23,1.33
Lithuania,LTU,Europe,Europe,Northern Europe,2001,3470818,12237388002.0,3525.79,-0.32
Lithuania,LTU,Europe,Europe,Northern Europe,2002,3443067,14259781159.0,4141.59,0.32
Lithuania,LTU,Europe,Europe,Northern Europe,2003,3415213,18781721376.0,5499.43,-0.81
Lithuania,LTU,Europe,Europe,Northern Europe,2004,3377075,22627507452.0,6700.33,3.12
Lithuania,LTU,Europe,Europe,Northern Europe,2005,3322528,26097677572.0,7854.77,6.37
Lithuania,LTU,Europe,Europe,Northern Europe,2006,3269909,30183575104.0,9230.71,6.49
Lithuania,LTU,Europe,Europe,Northern Europe,2007,3231294,39697891352.0,12285.45,8.91
Lithuania,LTU,Europe,Europe,Northern Europe,2008,3198231,47797551588.0,14945.0,9.72
Lithuania,LTU,Europe,Europe,Northern Europe,2009,3162916,37388122046.0,11820.78,-3.09
Lithuania,LTU,Europe,Europe,Northern Europe,2010,3097282,37128694028.0,11987.51,2.12
Lithuania,LTU,Europe,Europe,Northern Europe,2011,3028115,43535051482.0,14376.95,5.62
Lithuania,LTU,Europe,Europe,Northern Europe,2012,2989139,42927454291.0,14361.14,2.51
Lithuania,LTU,Europe,Europe,Northern Europe,2013,2961250,46523420074.0,15710.74,0.83
Lithuania,LTU,Europe,Europe,Northern Europe,2014,2937253,48533659592.0,16523.49,0.61
Lithuania,LTU,Europe,Europe,Northern Europe,2015,2911109,41435533340.0,14233.59,-0.0
Lithuania,LTU,Europe,Europe,Northern Europe,2016,2877325,43047309306.0,14960.88,0.99
Lithuania,LTU,Europe,Europe,Northern Europe,2017,2842639,47758736932.0,16800.84,4.1
Lithuania,LTU,Europe,Europe,Northern Europe,2018,2819200,53751411409.0,19066.19,3.59
Lithuania,LTU,Europe,Europe,Northern Europe,2019,2811089,54808531641.0,19497.26,2.38
Lithuania,LTU,Europe,Europe,Northern Europe,2020,2810369,56964942999.0,20269.56,2.04
Lithuania,LTU,Europe,Europe,Northern Europe,2021,2808380,66798933786.0,23785.58,6.0
Lithuania,LTU,Europe,Europe,Northern Europe,2022,2831639,71013953448.0,25078.75,16.07
Luxembourg,LUX,Europe,Europe,Western Europe,2000,436300,21230182989.0,48659.6,4.61
Luxembourg,LUX,Europe,Europe,Western Europe,2001,441525,21387533703.0,48440.14,0.79
Luxembourg,LUX,Europe,Europe,Western Europe,2002,446175,23649833332.0,53005.73,1.46
Luxembourg,LUX,Europe,Europe,Western Europe,2003,451630,29667268248.0,65689.32,2.19
Luxembourg,LUX,Europe,Europe,Western Europe,2004,458095,35064843793.0,76544.92,3.12
Luxembourg,LUX,Europe,Europe,Western Europe,2005,465158,37672280120.0,80988.14,4.82
Luxembourg,LUX,Europe,Europe,Western Europe,2006,472637,42910146296.0,90788.8,6.45
Luxembourg,LUX,Europe,Europe,Western Europe,2007,479993,51587401416.0,107475.32,1.89
Luxembourg,LUX,Europe,Europe,Western Europe,2008,488650,58844277702.0,120422.14,6.61
Luxembourg,LUX,Europe,Europe,Western Europe,2009,497783,54467289898.0,109419.75,0.87
Luxembourg,LUX,Europe,Europe,Western Europe,2010,506953,56213985987.0,110885.99,4.65
Luxembourg,LUX,Europe,Europe,Western Europe,2011,518347,61696281326.0,119025.06,3.45
Luxembourg,LUX,Europe,Europe,Western Europe,2012,530946,59776383527.0,112584.68,3.27
Luxembourg,LUX,Europe,Europe,Western Europe,2013,543360,65203276467.0,120000.14,2.28
Luxembourg,LUX,Europe,Europe,Western Europe,2014,556319,68804811898.0,123678.7,2.8
Luxembourg,LUX,Europe,Europe,Western Europe,2015,569604,60071584216.0,105462.01,2.22
Luxembourg,LUX,Europe,Europe,Western Europe,2016,582014,62216885436.0,106899.29,-1.11
Luxembourg,LUX,Europe,Europe,Western Europe,2017,596336,65712180343.0,110193.21,2.14
Luxembourg,LUX,Europe,Europe,Western Europe,2018,607950,71000359760.0,116786.51,2.11
Luxembourg,LUX,Europe,Europe,Western Europe,2019,620001,69890505324.0,112726.44,0.9
Luxembourg,LUX,Europe,Europe,Western Europe,2020,630419,73699366700.0,116905.37,4.3
Luxembourg,LUX,Europe,Europe,Western Europe,2021,640064,85584105994.0,133711.79,4.64
Luxembourg,LUX,Europe,Europe,Western Europe,2022,653103,81641807866.0,125006.02,5.68
"Macao SAR, China",MAC,Asia,Asia,Eastern Asia,2000,430600,6774193548.0,15731.99,-1.75
"Macao SAR, China",MAC,Asia,Asia,Eastern Asia,2001,433900,6860272608.0,15810.72,-1.48
"Macao SAR, China",MAC,Asia,Asia,Eastern Asia,2002,438400,7371692774.0,16814.99,-1.34
"Macao SAR, China",MAC,Asia,Asia,Eastern Asia,2003,443600,8246479566.0,18589.9,0.05
"Macao SAR, China",MAC,Asia,Asia,Eastern Asia,2004,454700,10643253553.0,23407.2,1.93
"Macao SAR, China",MAC,Asia,Asia,Eastern Asia,2005,473500,12160056122.0,25681.22,5.57
"Macao SAR, China",MAC,Asia,Asia,Eastern Asia,2006,498900,14874098692.0,29813.79,7.74
"Macao SAR, China",MAC,Asia,Asia,Eastern Asia,2007,520900,18439981612.0,35400.23,8.76
"Macao SAR, China",MAC,Asia,Asia,Eastern Asia,2008,540700,21027018333.0,38888.51,10.07
"Macao SAR, China",MAC,Asia,Asia,Eastern Asia,2009,535000,21587786906.0,40351.0,0.92
"Macao SAR, China",MAC,Asia,Asia,Eastern Asia,2010,537000,28241798492.0,52591.8,4.79
"Macao SAR, China",MAC,Asia,Asia,Eastern Asia,2011,549600,36845888757.0,67041.28,7.49
"Macao SAR, China",MAC,Asia,Asia,Eastern Asia,2012,567900,43189721377.0,76051.63,6.92
"Macao SAR, China",MAC,Asia,Asia,Eastern Asia,2013,591900,51536595089.0,87069.77,7.73
"Macao SAR, China",MAC,Asia,Asia,Eastern Asia,2014,621700,54902831794.0,88310.81,8.73
"Macao SAR, China",MAC,Asia,Asia,Eastern Asia,2015,642900,45048190598.0,70070.29,4.51
"Macao SAR, China",MAC,Asia,Asia,Eastern Asia,2016,652500,45070808689.0,69074.04,0.86
"Macao SAR, China",MAC,Asia,Asia,Eastern Asia,2017,648400,50383871121.0,77704.92,2.15
"Macao SAR, China",MAC,Asia,Asia,Eastern Asia,2018,658900,55190661340.0,83761.82,3.54
"Macao SAR, China",MAC,Asia,Asia,Eastern Asia,2019,672000,55082293844.0,81967.7,2.4
"Macao SAR, China",MAC,Asia,Asia,Eastern Asia,2020,685400,25343525936.0,36976.26,-0.26
"Macao SAR, China",MAC,Asia,Asia,Eastern Asia,2021,682500,30969334705.0,45376.31,-0.88
"Macao SAR, China",MAC,Asia,Asia,Eastern Asia,2022,677300,24464719190.0,36120.95,1.16
Madagascar,MDG,Africa,Africa,Sub-Saharan Africa,2000,16516338,4629247204.0,280.28,11.57
Madagascar,MDG,Africa,Africa,Sub-Saharan Africa,2001,17032939,5438332602.0,319.28,7.92
Madagascar,MDG,Africa,Africa,Sub-Saharan Africa,2002,17549913,5351701663.0,304.94,16.5
Madagascar,MDG,Africa,Africa,Sub-Saharan Africa,2003,18071854,6372498890.0,352.62,-1.7
Madagascar,MDG,Africa,Africa,Sub-Saharan Africa,2004,18606608,5064732626.0,272.2,13.96
Madagascar,MDG,Africa,Africa,Sub-Saharan Africa,2005,19159707,5859269753.0,305.81,18.36
Madagascar,MDG,Africa,Africa,Sub-Saharan Africa,2006,19730909,6395712491.0,324.15,10.77
Madagascar,MDG,Africa,Africa,Sub-Saharan Africa,2007,20318583,8524620890.0,419.55,10.29
Madagascar,MDG,Africa,Africa,Sub-Saharan Africa,2008,20923840,10725137724.0,512.58,7.49
Madagascar,MDG,Africa,Africa,Sub-Saharan Africa,2009,21547280,9616879409.0,446.32,6.93
Madagascar,MDG,Africa,Africa,Sub-Saharan Africa,2010,22183340,9982711338.0,450.01,10.22
Madagascar,MDG,Africa,Africa,Sub-Saharan Africa,2011,22822300,11551819618.0,506.16,10.39
Madagascar,MDG,Africa,Africa,Sub-Saharan Africa,2012,23462438,11578975062.0,493.51,5.47
Madagascar,MDG,Africa,Africa,Sub-Saharan Africa,2013,24109290,12423555455.0,515.3,5.45
Madagascar,MDG,Africa,Africa,Sub-Saharan Africa,2014,24764348,12522957399.0,505.68,6.73
Madagascar,MDG,Africa,Africa,Sub-Saharan Africa,2015,25426702,11323020701.0,445.32,6.5
Madagascar,MDG,Africa,Africa,Sub-Saharan Africa,2016,26099952,11848613858.0,453.97,8.96
Madagascar,MDG,Africa,Africa,Sub-Saharan Africa,2017,26788375,13176313594.0,491.87,4.96
Madagascar,MDG,Africa,Africa,Sub-Saharan Africa,2018,27494926,13760033282.0,500.46,8.3
Madagascar,MDG,Africa,Africa,Sub-Saharan Africa,2019,28219554,14104664679.0,499.82,6.52
Madagascar,MDG,Africa,Africa,Sub-Saharan Africa,2020,28953556,13051441204.0,450.77,4.31
Madagascar,MDG,Africa,Africa,Sub-Saharan Africa,2021,29691083,14554754117.0,490.21,6.64
Madagascar,MDG,Africa,Africa,Sub-Saharan Africa,2022,30437261,15302510500.0,502.76,6.93
Malawi,MWI,Africa,Africa,Sub-Saharan Africa,2000,11315942,2537307580.0,224.22,30.53
Malawi,MWI,Africa,Africa,Sub-Saharan Africa,2001,11593058,2498008665.0,215.47,25.62
Malawi,MWI,Africa,Africa,Sub-Saharan Africa,2002,11880440,5087328438.0,428.21,112.69
Malawi,MWI,Africa,Africa,Sub-Saharan Africa,2003,12181574,4669789300.0,383.35,10.35
Malawi,MWI,Africa,Africa,Sub-Saharan Africa,2004,12500737,5058726350.0,404.67,14.85
Malawi,MWI,Africa,Africa,Sub-Saharan Africa,2005,12840031,5320409651.0,414.36,10.74
Malawi,MWI,Africa,Africa,Sub-Saharan Africa,2006,13198701,5818279739.0,440.82,19.97
Malawi,MWI,Africa,Africa,Sub-Saharan Africa,2007,13576343,6451210219.0,475.18,4.1
Malawi,MWI,Africa,Africa,Sub-Saharan Africa,2008,13976417,7743617352.0,554.05,11.96
Malawi,MWI,Africa,Africa,Sub-Saharan Africa,2009,14395788,9009887947.0,625.87,7.9
Malawi,MWI,Africa,Africa,Sub-Saharan Africa,2010,14826463,10128323011.0,683.12,12.13
Malawi,MWI,Africa,Africa,Sub-Saharan Africa,2011,15265022,11648142958.0,763.06,13.99
Malawi,MWI,Africa,Africa,Sub-Saharan Africa,2012,15709577,8773203178.0,558.46,17.64
Malawi,MWI,Africa,Africa,Sub-Saharan Africa,2013,16161816,8031571928.0,496.95,27.05
Malawi,MWI,Africa,Africa,Sub-Saharan Africa,2014,16621538,8801326169.0,529.51,20.97
Malawi,MWI,Africa,Africa,Sub-Saharan Africa,2015,17085587,9219474379.0,539.61,19.81
Malawi,MWI,Africa,Africa,Sub-Saharan Africa,2016,17557739,7909868618.0,450.51,20.29
Malawi,MWI,Africa,Africa,Sub-Saharan Africa,2017,18039715,8943543677.0,495.77,10.58
Malawi,MWI,Africa,Africa,Sub-Saharan Africa,2018,18528081,9880675786.0,533.28,6.15
Malawi,MWI,Africa,Africa,Sub-Saharan Africa,2019,19025752,11077305330.0,582.23,7.73
Malawi,MWI,Africa,Africa,Sub-Saharan Africa,2020,19533888,12041250084.0,616.43,6.22
Malawi,MWI,Africa,Africa,Sub-Saharan Africa,2021,20047258,12580922008.0,627.56,8.15
Malawi,MWI,Africa,Africa,Sub-Saharan Africa,2022,20568728,13129458326.0,638.32,17.17
Malaysia,MYS,Asia,Asia,South-eastern Asia,2000,22967816,93789736842.0,4083.53,8.86
Malaysia,MYS,Asia,Asia,South-eastern Asia,2001,23526538,92783947368.0,3943.8,-1.58
Malaysia,MYS,Asia,Asia,South-eastern Asia,2002,24102477,100845526316.0,4184.03,3.13
Malaysia,MYS,Asia,Asia,South-eastern Asia,2003,24679602,110202368421.0,4465.32,3.3
Malaysia,MYS,Asia,Asia,South-eastern Asia,2004,25256772,124749473684.0,4939.25,6.01
Malaysia,MYS,Asia,Asia,South-eastern Asia,2005,25836071,143534405819.0,5555.58,8.86
Malaysia,MYS,Asia,Asia,South-eastern Asia,2006,26417909,162692258307.0,6158.41,3.98
Malaysia,MYS,Asia,Asia,South-eastern Asia,2007,26998389,193549569478.0,7168.93,4.88
Malaysia,MYS,Asia,Asia,South-eastern Asia,2008,27570059,230811614370.0,8371.82,10.39
Malaysia,MYS,Asia,Asia,South-eastern Asia,2009,28124778,202257453037.0,7191.43,-5.99
Malaysia,MYS,Asia,Asia,South-eastern Asia,2010,28655776,255017638456.0,8899.35,7.27
Malaysia,MYS,Asia,Asia,South-eastern Asia,2011,29162039,297951668675.0,10217.11,5.41
Malaysia,MYS,Asia,Asia,South-eastern Asia,2012,29662831,314443047642.0,10600.57,1.0
Malaysia,MYS,Asia,Asia,South-eastern Asia,2013,30174265,323276235524.0,10713.64,0.17
Malaysia,MYS,Asia,Asia,South-eastern Asia,2014,30696137,338066095097.0,11013.31,2.47
Malaysia,MYS,Asia,Asia,South-eastern Asia,2015,31232798,301355266965.0,9648.68,1.22
Malaysia,MYS,Asia,Asia,South-eastern Asia,2016,31789685,301256033870.0,9476.53,1.66
Malaysia,MYS,Asia,Asia,South-eastern Asia,2017,32355644,319109094160.0,9862.55,3.78
Malaysia,MYS,Asia,Asia,South-eastern Asia,2018,32910967,358788845713.0,10901.8,0.62
Malaysia,MYS,Asia,Asia,South-eastern Asia,2019,33440596,365177721022.0,10920.19,0.07
Malaysia,MYS,Asia,Asia,South-eastern Asia,2020,33889558,337456163961.0,9957.53,-0.82
Malaysia,MYS,Asia,Asia,South-eastern Asia,2021,34282399,373832428055.0,10904.5,5.68
Malaysia,MYS,Asia,Asia,South-eastern Asia,2022,34695493,407027451715.0,11731.42,6.4
Maldives,MDV,Asia,Asia,Southern Asia,2000,282019,624337145.0,2213.81,2.03
Maldives,MDV,Asia,Asia,Southern Asia,2001,286767,870031677.0,3033.93,50.89
Maldives,MDV,Asia,Asia,Southern Asia,2002,291616,897031250.0,3076.07,0.5
Maldives,MDV,Asia,Asia,Southern Asia,2003,296491,1052121055.0,3548.58,3.11
Maldives,MDV,Asia,Asia,Southern Asia,2004,301413,1226829562.0,4070.26,10.2
Maldives,MDV,Asia,Asia,Southern Asia,2005,306429,1163362438.0,3796.52,6.81
Maldives,MDV,Asia,Asia,Southern Asia,2006,313851,1575200391.0,5018.94,9.54
Maldives,MDV,Asia,Asia,Southern Asia,2007,324479,1868383461.0,5758.1,10.73
Maldives,MDV,Asia,Asia,Southern Asia,2008,336170,2271646188.0,6757.43,11.57
Maldives,MDV,Asia,Asia,Southern Asia,2009,348275,2345294875.0,6734.03,12.41
Maldives,MDV,Asia,Asia,Southern Asia,2010,360792,2588176055.0,7173.6,3.3
Maldives,MDV,Asia,Asia,Southern Asia,2011,373674,2774350240.0,7424.52,12.63
Maldives,MDV,Asia,Asia,Southern Asia,2012,386818,2886163997.0,7461.3,6.94
Maldives,MDV,Asia,Asia,Southern Asia,2013,400070,3295009238.0,8236.08,6.75
Maldives,MDV,Asia,Asia,Southern Asia,2014,413617,3697353039.0,8939.07,4.18
Maldives,MDV,Asia,Asia,Southern Asia,2015,428154,4129505319.0,9644.91,7.32
Maldives,MDV,Asia,Asia,Southern Asia,2016,443308,4409942624.0,9947.81,0.22
Maldives,MDV,Asia,Asia,Southern Asia,2017,458287,4816426257.0,10509.63,2.14
Maldives,MDV,Asia,Asia,Southern Asia,2018,473099,5404344163.0,11423.28,3.28
Maldives,MDV,Asia,Asia,Southern Asia,2019,487731,5726094799.0,11740.27,-1.31
Maldives,MDV,Asia,Asia,Southern Asia,2020,502118,3712604583.0,7393.89,-3.37
Maldives,MDV,Asia,Asia,Southern Asia,2021,516154,5254366312.0,10179.84,2.83
Maldives,MDV,Asia,Asia,Southern Asia,2022,524106,6170638746.0,11773.65,3.41
Mali,MLI,Africa,Africa,Sub-Saharan Africa,2000,11559290,2961484954.0,256.2,-0.62
Mali,MLI,Africa,Africa,Sub-Saharan Africa,2001,11912158,3468337942.0,291.16,4.68
Mali,MLI,Africa,Africa,Sub-Saharan Africa,2002,12288050,3908121307.0,318.04,3.51
Mali,MLI,Africa,Africa,Sub-Saharan Africa,2003,12684955,4714071980.0,371.63,-7.59
Mali,MLI,Africa,Africa,Sub-Saharan Africa,2004,13102409,5454249126.0,416.28,3.6
Mali,MLI,Africa,Africa,Sub-Saharan Africa,2005,13538647,6247515888.0,461.46,7.5
Mali,MLI,Africa,Africa,Sub-Saharan Africa,2006,13990139,6905934218.0,493.63,4.65
Mali,MLI,Africa,Africa,Sub-Saharan Africa,2007,14457775,8156468826.0,564.16,4.56
Mali,MLI,Africa,Africa,Sub-Saharan Africa,2008,14940782,9838403101.0,658.49,7.28
Mali,MLI,Africa,Africa,Sub-Saharan Africa,2009,15435539,10231962390.0,662.88,4.64
Mali,MLI,Africa,Africa,Sub-Saharan Africa,2010,15945198,10689168016.0,670.37,4.36
Mali,MLI,Africa,Africa,Sub-Saharan Africa,2011,16469049,12995112690.0,789.06,12.18
Mali,MLI,Africa,Africa,Sub-Saharan Africa,2012,16957033,12442035339.0,733.74,4.61
Mali,MLI,Africa,Africa,Sub-Saharan Africa,2013,17459615,13242690786.0,758.48,0.65
Mali,MLI,Africa,Africa,Sub-Saharan Africa,2014,18020267,14364937124.0,797.15,1.27
Mali,MLI,Africa,Africa,Sub-Saharan Africa,2015,18593022,13104764378.0,704.82,2.88
Mali,MLI,Africa,Africa,Sub-Saharan Africa,2016,19191289,14026048336.0,730.85,1.35
Mali,MLI,Africa,Africa,Sub-Saharan Africa,2017,19813011,15365713048.0,775.54,1.93
Mali,MLI,Africa,Africa,Sub-Saharan Africa,2018,20442030,17070867590.0,835.09,1.46
Mali,MLI,Africa,Africa,Sub-Saharan Africa,2019,21068405,17280250810.0,820.2,1.93
Mali,MLI,Africa,Africa,Sub-Saharan Africa,2020,21713836,17465392764.0,804.34,0.53
Mali,MLI,Africa,Africa,Sub-Saharan Africa,2021,22388630,19309463508.0,862.47,3.36
Mali,MLI,Africa,Africa,Sub-Saharan Africa,2022,23072640,18780322204.0,813.97,5.73
Malta,MLT,Europe,Europe,Southern Europe,2000,390087,4069515557.0,10432.33,-9.9
Malta,MLT,Europe,Europe,Southern Europe,2001,393028,4088368962.0,10402.23,4.37
Malta,MLT,Europe,Europe,Southern Europe,2002,395969,4470446352.0,11289.89,2.63
Malta,MLT,Europe,Europe,Southern Europe,2003,398582,5448415540.0,13669.5,2.04
Malta,MLT,Europe,Europe,Southern Europe,2004,401268,6098092512.0,15197.06,2.51
Malta,MLT,Europe,Europe,Southern Europe,2005,403834,6416184236.0,15888.17,1.96
Malta,MLT,Europe,Europe,Southern Europe,2006,405308,6778324087.0,16723.88,2.27
Malta,MLT,Europe,Europe,Southern Europe,2007,406724,7925371459.0,19485.87,2.24
Malta,MLT,Europe,Europe,Southern Europe,2008,409379,9090406750.0,22205.36,3.37
Malta,MLT,Europe,Europe,Southern Europe,2009,412477,8696366869.0,21083.28,2.25
Malta,MLT,Europe,Europe,Southern Europe,2010,414508,9035824366.0,21798.91,2.77
Malta,MLT,Europe,Europe,Southern Europe,2011,416268,9638728635.0,23155.1,1.48
Malta,MLT,Europe,Europe,Southern Europe,2012,420028,9461776292.0,22526.54,2.16
Malta,MLT,Europe,Europe,Southern Europe,2013,424810,10551030597.0,24837.06,2.26
Malta,MLT,Europe,Europe,Southern Europe,2014,433481,11625848975.0,26819.74,2.27
Malta,MLT,Europe,Europe,Southern Europe,2015,444220,11091483660.0,24968.45,4.2
Malta,MLT,Europe,Europe,Southern Europe,2016,454505,11668015566.0,25671.92,2.13
Malta,MLT,Europe,Europe,Southern Europe,2017,467106,13484541926.0,28868.27,2.14
Malta,MLT,Europe,Europe,Southern Europe,2018,483903,15404393365.0,31833.64,1.8
Malta,MLT,Europe,Europe,Southern Europe,2019,503912,16004563886.0,31760.63,2.51
Malta,MLT,Europe,Europe,Southern Europe,2020,515490,15249999048.0,29583.5,1.84
Malta,MLT,Europe,Europe,Southern Europe,2021,518150,18123718947.0,34977.75,2.43
Malta,MLT,Europe,Europe,Southern Europe,2022,531113,18357069273.0,34563.4,5.06
Marshall Islands,MHL,Oceania,Oceania,Micronesia,2000,50706,114838470.0,2264.79,-1.12
Marshall Islands,MHL,Oceania,Oceania,Micronesia,2001,51123,122406128.0,2394.35,-0.32
Marshall Islands,MHL,Oceania,Oceania,Micronesia,2002,51425,131959976.0,2566.07,4.02
Marshall Islands,MHL,Oceania,Oceania,Micronesia,2003,51639,131128479.0,2539.33,0.95
Marshall Islands,MHL,Oceania,Oceania,Micronesia,2004,51791,132791855.0,2563.99,1.77
Marshall Islands,MHL,Oceania,Oceania,Micronesia,2005,51906,137815414.0,2655.1,2.01
Marshall Islands,MHL,Oceania,Oceania,Micronesia,2006,51992,142922516.0,2748.93,3.59
Marshall Islands,MHL,Oceania,Oceania,Micronesia,2007,52035,150104706.0,2884.69,1.36
Marshall Islands,MHL,Oceania,Oceania,Micronesia,2008,52030,146208160.0,2810.07,5.38
Marshall Islands,MHL,Oceania,Oceania,Micronesia,2009,52019,150886459.0,2900.6,-0.51
Marshall Islands,MHL,Oceania,Oceania,Micronesia,2010,52044,160629517.0,3086.42,0.96
Marshall Islands,MHL,Oceania,Oceania,Micronesia,2011,51907,172044510.0,3314.48,7.49
Marshall Islands,MHL,Oceania,Oceania,Micronesia,2012,51419,180302078.0,3506.53,6.25
Marshall Islands,MHL,Oceania,Oceania,Micronesia,2013,50681,185817017.0,3666.4,-0.63
Marshall Islands,MHL,Oceania,Oceania,Micronesia,2014,49796,185446396.0,3724.12,1.06
Marshall Islands,MHL,Oceania,Oceania,Micronesia,2015,48800,183222931.0,3754.57,-3.06
Marshall Islands,MHL,Oceania,Oceania,Micronesia,2016,47709,200900711.0,4210.96,7.17
Marshall Islands,MHL,Oceania,Oceania,Micronesia,2017,46529,212935715.0,4576.41,2.26
Marshall Islands,MHL,Oceania,Oceania,Micronesia,2018,45285,219430038.0,4845.53,-2.41
Marshall Islands,MHL,Oceania,Oceania,Micronesia,2019,44007,231996704.0,5271.81,-4.15
Marshall Islands,MHL,Oceania,Oceania,Micronesia,2020,42706,240751144.0,5637.41,6.78
Marshall Islands,MHL,Oceania,Oceania,Micronesia,2021,41367,257784882.0,6231.66,5.78
Marshall Islands,MHL,Oceania,Oceania,Micronesia,2022,40077,258774475.0,6456.93,-1.02
Mauritania,MRT,Africa,Africa,Sub-Saharan Africa,2000,2613441,1779520886.0,680.91,6.35
Mauritania,MRT,Africa,Africa,Sub-Saharan Africa,2001,2678760,1746063558.0,651.82,5.83
Mauritania,MRT,Africa,Africa,Sub-Saharan Africa,2002,2738655,1777057481.0,648.88,6.71
Mauritania,MRT,Africa,Africa,Sub-Saharan Africa,2003,2802046,2051147607.0,732.02,4.49
Mauritania,MRT,Africa,Africa,Sub-Saharan Africa,2004,2868664,2362501023.0,823.55,10.94
Mauritania,MRT,Africa,Africa,Sub-Saharan Africa,2005,2939059,2936019526.0,998.97,14.59
Mauritania,MRT,Africa,Africa,Sub-Saharan Africa,2006,3013660,3919577286.0,1300.6,14.09
Mauritania,MRT,Africa,Africa,Sub-Saharan Africa,2007,3093059,4346212355.0,1405.15,8.9
Mauritania,MRT,Africa,Africa,Sub-Saharan Africa,2008,3183269,5206437194.0,1635.56,10.72
Mauritania,MRT,Africa,Africa,Sub-Saharan Africa,2009,3284448,4714595548.0,1435.43,-0.36
Mauritania,MRT,Africa,Africa,Sub-Saharan Africa,2010,3390965,5628878798.0,1659.96,22.34
Mauritania,MRT,Africa,Africa,Sub-Saharan Africa,2011,3502811,6764627746.0,1931.2,17.55
Mauritania,MRT,Africa,Africa,Sub-Saharan Africa,2012,3619034,6728208836.0,1859.12,0.46
Mauritania,MRT,Africa,Africa,Sub-Saharan Africa,2013,3734318,7223071097.0,1934.24,4.49
Mauritania,MRT,Africa,Africa,Sub-Saharan Africa,2014,3848514,6592537782.0,1713.01,-11.88
Mauritania,MRT,Africa,Africa,Sub-Saharan Africa,2015,3965959,6166863897.0,1554.95,-4.79
Mauritania,MRT,Africa,Africa,Sub-Saharan Africa,2016,4086657,6398747592.0,1565.77,11.21
Mauritania,MRT,Africa,Africa,Sub-Saharan Africa,2017,4210600,6800135898.0,1615.0,1.58
Mauritania,MRT,Africa,Africa,Sub-Saharan Africa,2018,4337685,7473550557.0,1722.94,4.55
Mauritania,MRT,Africa,Africa,Sub-Saharan Africa,2019,4467708,7894764886.0,1767.07,5.33
Mauritania,MRT,Africa,Africa,Sub-Saharan Africa,2020,4600131,8260752385.0,1795.76,6.44
Mauritania,MRT,Africa,Africa,Sub-Saharan Africa,2021,4734874,9222536364.0,1947.79,7.46
Mauritania,MRT,Africa,Africa,Sub-Saharan Africa,2022,4875637,9744039515.0,1998.52,-0.61
Mauritius,MUS,Africa,Africa,Sub-Saharan Africa,2000,1186873,4726108622.0,3981.98,3.41
Mauritius,MUS,Africa,Africa,Sub-Saharan Africa,2001,1196287,4675755867.0,3908.56,6.23
Mauritius,MUS,Africa,Africa,Sub-Saharan Africa,2002,1204621,4906494249.0,4073.06,6.22
Mauritius,MUS,Africa,Africa,Sub-Saharan Africa,2003,1213370,5894873920.0,4858.27,5.62
Mauritius,MUS,Africa,Africa,Sub-Saharan Africa,2004,1221003,6667418752.0,5460.61,6.85
Mauritius,MUS,Africa,Africa,Sub-Saharan Africa,2005,1228254,6576108447.0,5354.03,3.95
Mauritius,MUS,Africa,Africa,Sub-Saharan Africa,2006,1233996,7028810681.0,5695.98,9.57
Mauritius,MUS,Africa,Africa,Sub-Saharan Africa,2007,1239630,8150150209.0,6574.66,8.31
Mauritius,MUS,Africa,Africa,Sub-Saharan Africa,2008,1244121,9990356674.0,8030.05,5.69
Mauritius,MUS,Africa,Africa,Sub-Saharan Africa,2009,1247429,9128843109.0,7318.13,-0.65
Mauritius,MUS,Africa,Africa,Sub-Saharan Africa,2010,1250400,10003670690.0,8000.38,1.13
Mauritius,MUS,Africa,Africa,Sub-Saharan Africa,2011,1252404,11518413430.0,9197.04,3.16
Mauritius,MUS,Africa,Africa,Sub-Saharan Africa,2012,1255882,11668696397.0,9291.24,2.47
Mauritius,MUS,Africa,Africa,Sub-Saharan Africa,2013,1258927,12292974141.0,9764.64,4.13
Mauritius,MUS,Africa,Africa,Sub-Saharan Africa,2014,1261208,13074129952.0,10366.36,2.17
Mauritius,MUS,Africa,Africa,Sub-Saharan Africa,2015,1262879,12007291046.0,9507.87,1.4
Mauritius,MUS,Africa,Africa,Sub-Saharan Africa,2016,1263747,12594155464.0,9965.73,2.38
Mauritius,MUS,Africa,Africa,Sub-Saharan Africa,2017,1264887,13713506131.0,10841.68,1.64
Mauritius,MUS,Africa,Africa,Sub-Saharan Africa,2018,1265577,14735695931.0,11643.46,1.68
Mauritius,MUS,Africa,Africa,Sub-Saharan Africa,2019,1265985,14436346980.0,11403.25,-0.47
Mauritius,MUS,Africa,Africa,Sub-Saharan Africa,2020,1266014,11408106446.0,9011.04,2.57
Mauritius,MUS,Africa,Africa,Sub-Saharan Africa,2021,1266334,11484348766.0,9068.97,3.16
Mauritius,MUS,Africa,Africa,Sub-Saharan Africa,2022,1262523,12927979286.0,10239.8,9.57
Mexico,MEX,North America,Americas,Latin America and the Caribbean,2000,98625552,742061329643.0,7524.03,10.7
Mexico,MEX,North America,Americas,Latin America and the Caribbean,2001,100099099,796064590656.0,7952.76,6.47
Mexico,MEX,North America,Americas,Latin America and the Caribbean,2002,101548624,810666116505.0,7983.03,5.5
Mexico,MEX,North America,Americas,Latin America and the Caribbean,2003,102978515,765549967703.0,7434.07,4.28
Mexico,MEX,North America,Americas,Latin America and the Caribbean,2004,104394131,819459227375.0,7849.67,8.12
Mexico,MEX,North America,Americas,Latin America and the Caribbean,2005,105811504,917571853529.0,8671.76,5.88
Mexico,MEX,North America,Americas,Latin America and the Caribbean,2006,107253666,1020265057882.0,9512.64,6.11
Mexico,MEX,North America,Americas,Latin America and the Caribbean,2007,108774360,1102355554972.0,10134.33,6.13
Mexico,MEX,North America,Americas,Latin America and the Caribbean,2008,110374288,1161553459715.0,10523.77,6.31
Mexico,MEX,North America,Americas,Latin America and the Caribbean,2009,111999721,943437415025.0,8423.57,5.24
Mexico,MEX,North America,Americas,Latin America and the Caribbean,2010,113623895,1105424238731.0,9728.8,4.37
Mexico,MEX,North America,Americas,Latin America and the Caribbean,2011,115243504,1229013703417.0,10664.49,5.67
Mexico,MEX,North America,Americas,Latin America and the Caribbean,2012,116818208,1255110424818.0,10744.13,4.54
Mexico,MEX,North America,Americas,Latin America and the Caribbean,2013,118343573,1327436290283.0,11216.8,1.7
Mexico,MEX,North America,Americas,Latin America and the Caribbean,2014,119784261,1364507717614.0,11391.38,4.37
Mexico,MEX,North America,Americas,Latin America and the Caribbean,2015,121072306,1213294467717.0,10021.24,3.23
Mexico,MEX,North America,Americas,Latin America and the Caribbean,2016,122251351,1112233497453.0,9097.92,6.08
Mexico,MEX,North America,Americas,Latin America and the Caribbean,2017,123400057,1190721475906.0,9649.28,6.57
Mexico,MEX,North America,Americas,Latin America and the Caribbean,2018,124573711,1256300182880.0,10084.79,5.2
Mexico,MEX,North America,Americas,Latin America and the Caribbean,2019,125762982,1305211135823.0,10378.34,4.32
Mexico,MEX,North America,Americas,Latin America and the Caribbean,2020,126799054,1120832412469.0,8839.44,4.62
Mexico,MEX,North America,Americas,Latin America and the Caribbean,2021,127648148,1313069763987.0,10286.63,4.49
Mexico,MEX,North America,Americas,Latin America and the Caribbean,2022,128613117,1463323889037.0,11377.72,6.5
"Micronesia, Fed. Sts.",FSM,Oceania,Oceania,Micronesia,2000,112044,233271800.0,2081.97,1.08
"Micronesia, Fed. Sts.",FSM,Oceania,Oceania,Micronesia,2001,112365,240970900.0,2144.54,1.11
"Micronesia, Fed. Sts.",FSM,Oceania,Oceania,Micronesia,2002,112448,242517200.0,2156.71,0.09
"Micronesia, Fed. Sts.",FSM,Oceania,Oceania,Micronesia,2003,112285,245432900.0,2185.8,-0.36
"Micronesia, Fed. Sts.",FSM,Oceania,Oceania,Micronesia,2004,111925,240236000.0,2146.4,0.99
"Micronesia, Fed. Sts.",FSM,Oceania,Oceania,Micronesia,2005,111412,250281900.0,2246.45,2.1
"Micronesia, Fed. Sts.",FSM,Oceania,Oceania,Micronesia,2006,110729,253541900.0,2289.75,1.38
"Micronesia, Fed. Sts.",FSM,Oceania,Oceania,Micronesia,2007,109880,256787200.0,2336.98,3.17
"Micronesia, Fed. Sts.",FSM,Oceania,Oceania,Micronesia,2008,108936,263145100.0,2415.59,5.0
"Micronesia, Fed. Sts.",FSM,Oceania,Oceania,Micronesia,2009,107957,280284600.0,2596.26,5.36
"Micronesia, Fed. Sts.",FSM,Oceania,Oceania,Micronesia,2010,107540,296944100.0,2761.24,3.6
"Micronesia, Fed. Sts.",FSM,Oceania,Oceania,Micronesia,2011,107698,311301600.0,2890.5,1.6
"Micronesia, Fed. Sts.",FSM,Oceania,Oceania,Micronesia,2012,107890,327248700.0,3033.17,7.12
"Micronesia, Fed. Sts.",FSM,Oceania,Oceania,Micronesia,2013,108121,317214400.0,2933.88,0.64
"Micronesia, Fed. Sts.",FSM,Oceania,Oceania,Micronesia,2014,108396,319271200.0,2945.41,3.02
"Micronesia, Fed. Sts.",FSM,Oceania,Oceania,Micronesia,2015,108716,316489900.0,2911.16,-5.25
"Micronesia, Fed. Sts.",FSM,Oceania,Oceania,Micronesia,2016,109075,325000000.0,2979.6,2.19
"Micronesia, Fed. Sts.",FSM,Oceania,Oceania,Micronesia,2017,109481,359000000.0,3279.11,9.56
"Micronesia, Fed. Sts.",FSM,Oceania,Oceania,Micronesia,2018,109909,392000000.0,3566.59,9.19
"Micronesia, Fed. Sts.",FSM,Oceania,Oceania,Micronesia,2019,110282,394000000.0,3572.66,-3.43
"Micronesia, Fed. Sts.",FSM,Oceania,Oceania,Micronesia,2020,110916,372000000.0,3353.89,-3.7
"Micronesia, Fed. Sts.",FSM,Oceania,Oceania,Micronesia,2021,111624,390000000.0,3493.87,1.98
"Micronesia, Fed. Sts.",FSM,Oceania,Oceania,Micronesia,2022,112114,430000000.0,3835.38,11.12
Moldova,MDA,Europe,Europe,Eastern Europe,2000,2924668,1288429392.0,440.54,27.33
Moldova,MDA,Europe,Europe,Eastern Europe,2001,2918135,1480673594.0,507.4,12.09
Moldova,MDA,Europe,Europe,Eastern Europe,2002,2911385,1661818168.0,570.8,9.83
Moldova,MDA,Europe,Europe,Eastern Europe,2003,2903198,1980907435.0,682.32,14.87
Moldova,MDA,Europe,Europe,Eastern Europe,2004,2896023,2598249556.0,897.18,7.99
Moldova,MDA,Europe,Europe,Eastern Europe,2005,2888985,2988342907.0,1034.39,9.34
Moldova,MDA,Europe,Europe,Eastern Europe,2006,2880967,3408255451.0,1183.02,13.42
Moldova,MDA,Europe,Europe,Eastern Europe,2007,2874299,4401173152.0,1531.22,15.91
Moldova,MDA,Europe,Europe,Eastern Europe,2008,2868833,6054824248.0,2110.55,9.24
Moldova,MDA,Europe,Europe,Eastern Europe,2009,2865213,5439434272.0,1898.44,2.17
Moldova,MDA,Europe,Europe,Eastern Europe,2010,2862354,6974982370.0,2436.8,33.3
Moldova,MDA,Europe,Europe,Eastern Europe,2011,2860699,8414352020.0,2941.36,8.19
Moldova,MDA,Europe,Europe,Eastern Europe,2012,2860324,8709138635.0,3044.81,7.42
Moldova,MDA,Europe,Europe,Eastern Europe,2013,2859558,9496717876.0,3321.04,3.92
Moldova,MDA,Europe,Europe,Eastern Europe,2014,2857815,9402090138.0,3289.96,5.14
Moldova,MDA,Europe,Europe,Eastern Europe,2015,2835978,7797667197.0,2749.55,11.57
Moldova,MDA,Europe,Europe,Eastern Europe,2016,2803186,7980917076.0,2847.09,3.55
Moldova,MDA,Europe,Europe,Eastern Europe,2017,2755189,9514404016.0,3453.27,6.25
Moldova,MDA,Europe,Europe,Eastern Europe,2018,2707203,11252353421.0,4156.45,3.21
Moldova,MDA,Europe,Europe,Eastern Europe,2019,2664224,11736797055.0,4405.33,5.35
Moldova,MDA,Europe,Europe,Eastern Europe,2020,2635130,11530746234.0,4375.78,5.58
Moldova,MDA,Europe,Europe,Eastern Europe,2021,2595809,13691869264.0,5274.61,6.38
Moldova,MDA,Europe,Europe,Eastern Europe,2022,2528654,14510490660.0,5738.42,19.25
Monaco,MCO,Europe,Europe,Western Europe,2000,32455,2654462665.0,81789.02,1.4
Monaco,MCO,Europe,Europe,Western Europe,2001,32447,2673723034.0,82402.78,1.65
Monaco,MCO,Europe,Europe,Western Europe,2002,32422,2919647982.0,90051.45,2.38
Monaco,MCO,Europe,Europe,Western Europe,2003,32374,3597089751.0,111110.45,1.88
Monaco,MCO,Europe,Europe,Western Europe,2004,32307,4043551489.0,125160.23,-0.24
Monaco,MCO,Europe,Europe,Western Europe,2005,32210,4204652899.0,130538.74,2.03
Monaco,MCO,Europe,Europe,Western Europe,2006,32057,4586826513.0,143083.46,2.15
Monaco,MCO,Europe,Europe,Western Europe,2007,31837,5875790766.0,184558.56,2.56
Monaco,MCO,Europe,Europe,Western Europe,2008,31836,6502942245.0,204263.8,2.36
Monaco,MCO,Europe,Europe,Western Europe,2009,32364,5474379252.0,169150.27,0.12
Monaco,MCO,Europe,Europe,Western Europe,2010,33163,5367561570.0,161853.92,1.07
Monaco,MCO,Europe,Europe,Western Europe,2011,33946,6088689808.0,179363.98,0.95
Monaco,MCO,Europe,Europe,Western Europe,2012,34711,5742749294.0,165444.65,1.16
Monaco,MCO,Europe,Europe,Western Europe,2013,35447,6555591710.0,184940.66,0.78
Monaco,MCO,Europe,Europe,Western Europe,2014,36128,7069353073.0,195675.18,0.59
Monaco,MCO,Europe,Europe,Western Europe,2015,36757,6261649891.0,170352.58,1.13
Monaco,MCO,Europe,Europe,Western Europe,2016,37276,6465645585.0,173453.31,0.52
Monaco,MCO,Europe,Europe,Western Europe,2017,37678,6431271365.0,170690.36,0.59
Monaco,MCO,Europe,Europe,Western Europe,2018,38154,7182444410.0,188248.79,1.11
Monaco,MCO,Europe,Europe,Western Europe,2019,38109,7383944044.0,193758.54,1.21
Monaco,MCO,Europe,Europe,Western Europe,2020,38050,6739645416.0,177126.03,2.98
Monaco,MCO,Europe,Europe,Western Europe,2021,38527,8626081321.0,223897.04,1.22
Monaco,MCO,Europe,Europe,Western Europe,2022,38931,8784002932.0,225630.04,3.22
Mongolia,MNG,Asia,Asia,Eastern Asia,2000,2388299,1136896124.0,476.03,12.0
Mongolia,MNG,Asia,Asia,Eastern Asia,2001,2417751,1267997934.0,524.45,10.45
Mongolia,MNG,Asia,Asia,Eastern Asia,2002,2449027,1396555720.0,570.25,6.37
Mongolia,MNG,Asia,Asia,Eastern Asia,2003,2480374,1595297356.0,643.17,10.24
Mongolia,MNG,Asia,Asia,Eastern Asia,2004,2508412,1992066808.0,794.15,16.69
Mongolia,MNG,Asia,Asia,Eastern Asia,2005,2536407,2523471601.0,994.9,20.1
Mongolia,MNG,Asia,Asia,Eastern Asia,2006,2567168,3414055662.0,1329.89,21.99
Mongolia,MNG,Asia,Asia,Eastern Asia,2007,2601850,4234999704.0,1627.69,11.63
Mongolia,MNG,Asia,Asia,Eastern Asia,2008,2643201,5623216608.0,2127.43,21.45
Mongolia,MNG,Asia,Asia,Eastern Asia,2009,2691115,4583850368.0,1703.33,1.83
Mongolia,MNG,Asia,Asia,Eastern Asia,2010,2738622,7189481999.0,2625.22,39.18
Mongolia,MNG,Asia,Asia,Eastern Asia,2011,2786317,10409797378.0,3736.04,15.12
Mongolia,MNG,Asia,Asia,Eastern Asia,2012,2839705,12292770632.0,4328.89,12.78
Mongolia,MNG,Asia,Asia,Eastern Asia,2013,2899011,12582122604.0,4340.14,2.91
Mongolia,MNG,Asia,Asia,Eastern Asia,2014,2963113,12226514668.0,4126.24,7.45
Mongolia,MNG,Asia,Asia,Eastern Asia,2015,3026864,11619892591.0,3838.92,0.61
Mongolia,MNG,Asia,Asia,Eastern Asia,2016,3088856,11181350649.0,3619.9,2.99
Mongolia,MNG,Asia,Asia,Eastern Asia,2017,3148917,11480847741.0,3645.97,10.8
Mongolia,MNG,Asia,Asia,Eastern Asia,2018,3208189,13178094720.0,4107.64,7.96
Mongolia,MNG,Asia,Asia,Eastern Asia,2019,3267673,14206359018.0,4347.55,9.97
Mongolia,MNG,Asia,Asia,Eastern Asia,2020,3327204,13312981429.0,4001.25,3.71
Mongolia,MNG,Asia,Asia,Eastern Asia,2021,3383741,15286441738.0,4517.62,14.42
Mongolia,MNG,Asia,Asia,Eastern Asia,2022,3433748,17146471714.0,4993.51,17.71
Montenegro,MNE,Europe,Europe,Southern Europe,2000,604950,984293044.0,1627.07,32.9
Montenegro,MNE,Europe,Europe,Southern Europe,2001,607389,1159869246.0,1909.6,20.2
Montenegro,MNE,Europe,Europe,Southern Europe,2002,609828,1284685051.0,2106.64,3.08
Montenegro,MNE,Europe,Europe,Southern Europe,2003,612267,1707710053.0,2789.16,8.32
Montenegro,MNE,Europe,Europe,Southern Europe,2004,613353,2073234418.0,3380.17,5.89
Montenegro,MNE,Europe,Europe,Southern Europe,2005,614261,2257174481.0,3674.62,4.33
Montenegro,MNE,Europe,Europe,Southern Europe,2006,615025,2721903149.0,4425.68,10.11
Montenegro,MNE,Europe,Europe,Southern Europe,2007,615875,3680711744.0,5976.39,16.04
Montenegro,MNE,Europe,Europe,Southern Europe,2008,616969,4545674528.0,7367.75,7.63
Montenegro,MNE,Europe,Europe,Southern Europe,2009,618294,4159330370.0,6727.11,2.41
Montenegro,MNE,Europe,Europe,Southern Europe,2010,619428,4142983843.0,6688.4,1.6
Montenegro,MNE,Europe,Europe,Southern Europe,2011,620345,4544428421.0,7325.65,1.2
Montenegro,MNE,Europe,Europe,Southern Europe,2012,621418,4087526242.0,6577.74,0.18
Montenegro,MNE,Europe,Europe,Southern Europe,2013,622587,4465772400.0,7172.93,2.07
Montenegro,MNE,Europe,Europe,Southern Europe,2014,623744,4593853291.0,7364.97,1.04
Montenegro,MNE,Europe,Europe,Southern Europe,2015,624651,4054730078.0,6491.19,2.22
Montenegro,MNE,Europe,Europe,Southern Europe,2016,625353,4376930578.0,6999.14,5.1
Montenegro,MNE,Europe,Europe,Southern Europe,2017,625982,4856599481.0,7758.37,3.82
Montenegro,MNE,Europe,Europe,Southern Europe,2018,626438,5506942238.0,8790.88,3.23
Montenegro,MNE,Europe,Europe,Southern Europe,2019,626753,5542054181.0,8842.49,2.02
Montenegro,MNE,Europe,Europe,Southern Europe,2020,626590,4769996866.0,7612.63,-0.18
Montenegro,MNE,Europe,Europe,Southern Europe,2021,625053,5861427505.0,9377.49,4.73
Montenegro,MNE,Europe,Europe,Southern Europe,2022,623591,6229801581.0,9990.2,12.36
Morocco,MAR,Africa,Africa,Northern Africa,2000,28423435,43017455402.0,1513.45,-1.77
Morocco,MAR,Africa,Africa,Northern Africa,2001,28814643,43831480208.0,1521.15,0.61
Morocco,MAR,Africa,Africa,Northern Africa,2002,29198142,47077192188.0,1612.34,0.96
Morocco,MAR,Africa,Africa,Northern Africa,2003,29571415,58029363354.0,1962.35,0.86
Morocco,MAR,Africa,Africa,Northern Africa,2004,29953018,66114145451.0,2207.26,0.91
Morocco,MAR,Africa,Africa,Northern Africa,2005,30358144,68852658069.0,2268.01,0.89
Morocco,MAR,Africa,Africa,Northern Africa,2006,30771178,75883823301.0,2466.07,1.45
Morocco,MAR,Africa,Africa,Northern Africa,2007,31186468,86947913287.0,2788.0,3.17
Morocco,MAR,Africa,Africa,Northern Africa,2008,31606767,101822906949.0,3221.55,4.83
Morocco,MAR,Africa,Africa,Northern Africa,2009,32030778,101154952241.0,3158.05,-0.45
Morocco,MAR,Africa,Africa,Northern Africa,2010,32467016,100865329473.0,3106.7,0.65
Morocco,MAR,Africa,Africa,Northern Africa,2011,32912588,110080631332.0,3344.64,-0.6
Morocco,MAR,Africa,Africa,Northern Africa,2012,33355241,106937392311.0,3206.01,0.53
Morocco,MAR,Africa,Africa,Northern Africa,2013,33787571,115739287305.0,3425.5,1.26
Morocco,MAR,Africa,Africa,Northern Africa,2014,34204780,119130841412.0,3482.87,0.22
Morocco,MAR,Africa,Africa,Northern Africa,2015,34607588,110413823842.0,3190.45,3.17
Morocco,MAR,Africa,Africa,Northern Africa,2016,35023457,111572947005.0,3185.66,0.97
Morocco,MAR,Africa,Africa,Northern Africa,2017,35446392,118540573368.0,3344.22,-0.06
Morocco,MAR,Africa,Africa,Northern Africa,2018,35839760,127341147582.0,3553.07,0.94
Morocco,MAR,Africa,Africa,Northern Africa,2019,36210898,128920266409.0,3560.26,0.82
Morocco,MAR,Africa,Africa,Northern Africa,2020,36584208,121353645057.0,3317.1,0.14
Morocco,MAR,Africa,Africa,Northern Africa,2021,36954442,141817797083.0,3837.64,2.42
Morocco,MAR,Africa,Africa,Northern Africa,2022,37329064,130912558830.0,3506.99,2.66
Mozambique,MOZ,Africa,Africa,Sub-Saharan Africa,2000,18129653,5930685215.0,327.13,11.62
Mozambique,MOZ,Africa,Africa,Sub-Saharan Africa,2001,18537729,5650154067.0,304.79,14.78
Mozambique,MOZ,Africa,Africa,Sub-Saharan Africa,2002,18958338,5950769427.0,313.89,9.83
Mozambique,MOZ,Africa,Africa,Sub-Saharan Africa,2003,19392475,6583526861.0,339.49,3.64
Mozambique,MOZ,Africa,Africa,Sub-Saharan Africa,2004,19840313,7937255565.0,400.06,5.79
Mozambique,MOZ,Africa,Africa,Sub-Saharan Africa,2005,20304569,8868504900.0,436.77,7.33
Mozambique,MOZ,Africa,Africa,Sub-Saharan Africa,2006,20787087,9509835537.0,457.49,7.46
Mozambique,MOZ,Africa,Africa,Sub-Saharan Africa,2007,21287635,10811456006.0,507.87,7.44
Mozambique,MOZ,Africa,Africa,Sub-Saharan Africa,2008,21819036,12920340965.0,592.16,5.15
Mozambique,MOZ,Africa,Africa,Sub-Saharan Africa,2009,22391745,12263894790.0,547.7,1.47
Mozambique,MOZ,Africa,Africa,Sub-Saharan Africa,2010,22999235,11411894724.0,496.19,7.65
Mozambique,MOZ,Africa,Africa,Sub-Saharan Africa,2011,23649039,14619279989.0,618.18,2.35
Mozambique,MOZ,Africa,Africa,Sub-Saharan Africa,2012,24337846,16688114144.0,685.69,3.18
Mozambique,MOZ,Africa,Africa,Sub-Saharan Africa,2013,25051611,17198073057.0,686.51,2.6
Mozambique,MOZ,Africa,Africa,Sub-Saharan Africa,2014,25788475,17978246586.0,697.14,1.09
Mozambique,MOZ,Africa,Africa,Sub-Saharan Africa,2015,26547572,16208985770.0,610.56,7.06
Mozambique,MOZ,Africa,Africa,Sub-Saharan Africa,2016,27337105,12069051237.0,441.49,12.16
Mozambique,MOZ,Africa,Africa,Sub-Saharan Africa,2017,28166393,13264640646.0,470.94,7.98
Mozambique,MOZ,Africa,Africa,Sub-Saharan Africa,2018,29018644,15017359042.0,517.51,3.8
Mozambique,MOZ,Africa,Africa,Sub-Saharan Africa,2019,29884380,15512758965.0,519.09,4.68
Mozambique,MOZ,Africa,Africa,Sub-Saharan Africa,2020,30783688,14235420174.0,462.43,3.17
Mozambique,MOZ,Africa,Africa,Sub-Saharan Africa,2021,31707800,16168055475.0,509.91,4.55
Mozambique,MOZ,Africa,Africa,Sub-Saharan Africa,2022,32656246,18406835495.0,563.65,9.15
Myanmar,MMR,Asia,Asia,South-eastern Asia,2000,45290841,8905066164.0,196.62,2.46
Myanmar,MMR,Asia,Asia,South-eastern Asia,2001,45771139,6477790688.0,141.53,24.84
Myanmar,MMR,Asia,Asia,South-eastern Asia,2002,46232653,6777632512.0,146.6,41.51
Myanmar,MMR,Asia,Asia,South-eastern Asia,2003,46667192,10467109978.0,224.29,20.5
Myanmar,MMR,Asia,Asia,South-eastern Asia,2004,47068772,10567354056.0,224.51,3.6
Myanmar,MMR,Asia,Asia,South-eastern Asia,2005,47438365,11986972419.0,252.69,19.16
Myanmar,MMR,Asia,Asia,South-eastern Asia,2006,47785135,14502553710.0,303.5,21.3
Myanmar,MMR,Asia,Asia,South-eastern Asia,2007,48125043,20182477481.0,419.38,23.64
Myanmar,MMR,Asia,Asia,South-eastern Asia,2008,48390793,31862554102.0,658.44,13.62
Myanmar,MMR,Asia,Asia,South-eastern Asia,2009,48660459,36906181381.0,758.44,4.88
Myanmar,MMR,Asia,Asia,South-eastern Asia,2010,49024382,49540813342.0,1010.53,7.04
Myanmar,MMR,Asia,Asia,South-eastern Asia,2011,49419820,59977326086.0,1213.63,10.25
Myanmar,MMR,Asia,Asia,South-eastern Asia,2012,49837446,59937796648.0,1202.67,3.13
Myanmar,MMR,Asia,Asia,South-eastern Asia,2013,50262658,60269732855.0,1199.1,4.38
Myanmar,MMR,Asia,Asia,South-eastern Asia,2014,50681634,65531374200.0,1293.0,3.91
Myanmar,MMR,Asia,Asia,South-eastern Asia,2015,51089056,59607290408.0,1166.73,4.14
Myanmar,MMR,Asia,Asia,South-eastern Asia,2016,51495696,63298361996.0,1229.2,3.62
Myanmar,MMR,Asia,Asia,South-eastern Asia,2017,51894938,66053040483.0,1272.82,5.87
Myanmar,MMR,Asia,Asia,South-eastern Asia,2018,52272247,67860515990.0,1298.21,5.34
Myanmar,MMR,Asia,Asia,South-eastern Asia,2019,52640713,75065106228.0,1425.99,5.42
Myanmar,MMR,Asia,Asia,South-eastern Asia,2020,53016522,79006113643.0,1490.22,5.34
Myanmar,MMR,Asia,Asia,South-eastern Asia,2021,53387102,66345291160.0,1242.72,19.52
Myanmar,MMR,Asia,Asia,South-eastern Asia,2022,53756787,62253049892.0,1158.05,6.16
Namibia,NAM,Africa,Africa,Sub-Saharan Africa,2000,1818647,3922232165.0,2156.68,11.28
Namibia,NAM,Africa,Africa,Sub-Saharan Africa,2001,1857048,3557341215.0,1915.59,11.2
Namibia,NAM,Africa,Africa,Sub-Saharan Africa,2002,1889970,3349169826.0,1772.08,10.0
Namibia,NAM,Africa,Africa,Sub-Saharan Africa,2003,1917464,4926439384.0,2569.25,1.27
Namibia,NAM,Africa,Africa,Sub-Saharan Africa,2004,1942082,6609205995.0,3403.15,2.04
Namibia,NAM,Africa,Africa,Sub-Saharan Africa,2005,1966582,7248374838.0,3685.77,5.6
Namibia,NAM,Africa,Africa,Sub-Saharan Africa,2006,1991888,8001779551.0,4017.18,9.41
Namibia,NAM,Africa,Africa,Sub-Saharan Africa,2007,2018600,8839536476.0,4379.04,9.29
Namibia,NAM,Africa,Africa,Sub-Saharan Africa,2008,2047056,8607431497.0,4204.79,10.96
Namibia,NAM,Africa,Africa,Sub-Saharan Africa,2009,2077394,8938847189.0,4302.91,6.95
Namibia,NAM,Africa,Africa,Sub-Saharan Africa,2010,2109811,11431412421.0,5418.22,3.73
Namibia,NAM,Africa,Africa,Sub-Saharan Africa,2011,2146325,12523359441.0,5834.79,3.81
Namibia,NAM,Africa,Africa,Sub-Saharan Africa,2012,2194654,13042053592.0,5942.65,11.26
Namibia,NAM,Africa,Africa,Sub-Saharan Africa,2013,2252508,12043307277.0,5346.62,4.04
Namibia,NAM,Africa,Africa,Sub-Saharan Africa,2014,2312139,12435430970.0,5378.32,8.23
Namibia,NAM,Africa,Africa,Sub-Saharan Africa,2015,2374300,11335161084.0,4774.11,3.86
Namibia,NAM,Africa,Africa,Sub-Saharan Africa,2016,2439213,10722018732.0,4395.69,7.97
Namibia,NAM,Africa,Africa,Sub-Saharan Africa,2017,2506853,12895153160.0,5143.96,9.92
Namibia,NAM,Africa,Africa,Sub-Saharan Africa,2018,2577327,13682018827.0,5308.61,4.43
Namibia,NAM,Africa,Africa,Sub-Saharan Africa,2019,2650494,12541928103.0,4731.92,0.93
Namibia,NAM,Africa,Africa,Sub-Saharan Africa,2020,2728762,10583748542.0,3878.59,4.63
Namibia,NAM,Africa,Africa,Sub-Saharan Africa,2021,2810548,12402486184.0,4412.84,1.53
Namibia,NAM,Africa,Africa,Sub-Saharan Africa,2022,2889662,12567271005.0,4349.05,6.45
Nauru,NRU,Oceania,Oceania,Micronesia,2000,10168,26930980.0,2648.6,5.57
Nauru,NRU,Oceania,Oceania,Micronesia,2001,10130,22613288.0,2232.31,5.39
Nauru,NRU,Oceania,Oceania,Micronesia,2002,10082,21017424.0,2084.65,5.89
Nauru,NRU,Oceania,Oceania,Micronesia,2003,10059,24778160.0,2463.28,5.61
Nauru,NRU,Oceania,Oceania,Micronesia,2004,10060,30587566.0,3040.51,5.63
Nauru,NRU,Oceania,Oceania,Micronesia,2005,10049,30070666.0,2992.4,-6.64
Nauru,NRU,Oceania,Oceania,Micronesia,2006,10034,29200359.0,2910.14,-10.0
Nauru,NRU,Oceania,Oceania,Micronesia,2007,10020,22766972.0,2272.15,-4.44
Nauru,NRU,Oceania,Oceania,Micronesia,2008,10009,37602265.0,3756.85,20.31
Nauru,NRU,Oceania,Oceania,Micronesia,2009,10016,44176246.0,4410.57,51.42
Nauru,NRU,Oceania,Oceania,Micronesia,2010,10043,47562845.0,4735.92,-9.86
Nauru,NRU,Oceania,Oceania,Micronesia,2011,10098,65071880.0,6444.04,7.45
Nauru,NRU,Oceania,Oceania,Micronesia,2012,10267,101055723.0,9842.77,17.54
Nauru,NRU,Oceania,Oceania,Micronesia,2013,10517,94385015.0,8974.52,-9.19
Nauru,NRU,Oceania,Oceania,Micronesia,2014,10742,99149244.0,9230.05,0.43
Nauru,NRU,Oceania,Oceania,Micronesia,2015,10954,84863441.0,7747.26,-8.19
Nauru,NRU,Oceania,Oceania,Micronesia,2016,11150,97541943.0,8748.16,26.25
Nauru,NRU,Oceania,Oceania,Micronesia,2017,11324,109355639.0,9656.98,14.92
Nauru,NRU,Oceania,Oceania,Micronesia,2018,11477,130995566.0,11413.75,18.47
Nauru,NRU,Oceania,Oceania,Micronesia,2019,11587,125160116.0,10801.77,-4.73
Nauru,NRU,Oceania,Oceania,Micronesia,2020,11643,124685688.0,10709.07,4.33
Nauru,NRU,Oceania,Oceania,Micronesia,2021,11709,175390281.0,14979.1,18.08
Nauru,NRU,Oceania,Oceania,Micronesia,2022,11801,153824609.0,13034.88,-10.8
Nepal,NPL,Asia,Asia,Southern Asia,2000,24546509,5494252208.0,223.83,4.47
Nepal,NPL,Asia,Asia,Southern Asia,2001,24946748,6007055042.0,240.8,11.02
Nepal,NPL,Asia,Asia,Southern Asia,2002,25328981,6050875807.0,238.89,3.93
Nepal,NPL,Asia,Asia,Southern Asia,2003,25688758,6330473097.0,246.43,3.07
Nepal,NPL,Asia,Asia,Southern Asia,2004,26016656,7273938315.0,279.59,4.17
Nepal,NPL,Asia,Asia,Southern Asia,2005,26309458,8130258378.0,309.02,6.12
Nepal,NPL,Asia,Asia,Southern Asia,2006,26565425,9043715356.0,340.43,7.36
Nepal,NPL,Asia,Asia,Southern Asia,2007,26788492,10325618017.0,385.45,7.6
Nepal,NPL,Asia,Asia,Southern Asia,2008,26990037,12545438605.0,464.82,5.62
Nepal,NPL,Asia,Asia,Southern Asia,2009,27173035,12854985464.0,473.08,15.91
Nepal,NPL,Asia,Asia,Southern Asia,2010,27341952,16002656434.0,585.28,15.15
Nepal,NPL,Asia,Asia,Southern Asia,2011,27464494,21573872421.0,785.52,26.4
Nepal,NPL,Asia,Asia,Southern Asia,2012,27534915,21703100877.0,788.2,7.74
Nepal,NPL,Asia,Asia,Southern Asia,2013,27589996,22162204925.0,803.27,7.08
Nepal,NPL,Asia,Asia,Southern Asia,2014,27672370,22731612922.0,821.46,8.04
Nepal,NPL,Asia,Asia,Southern Asia,2015,27823629,24360801287.0,875.54,4.41
Nepal,NPL,Asia,Asia,Southern Asia,2016,27955462,24524109484.0,877.26,7.15
Nepal,NPL,Asia,Asia,Southern Asia,2017,28011258,28971588940.0,1034.28,8.26
Nepal,NPL,Asia,Asia,Southern Asia,2018,28079689,33111525237.0,1179.2,4.36
Nepal,NPL,Asia,Asia,Southern Asia,2019,28414064,34186180699.0,1203.14,4.69
Nepal,NPL,Asia,Asia,Southern Asia,2020,28966574,33433659301.0,1154.22,3.22
Nepal,NPL,Asia,Asia,Southern Asia,2021,29475010,36924841394.0,1252.75,6.76
Nepal,NPL,Asia,Asia,Southern Asia,2022,29715436,41182939601.0,1385.91,8.24
Netherlands,NLD,Europe,Europe,Western Europe,2000,15925513,417479337445.0,26214.5,3.27
Netherlands,NLD,Europe,Europe,Western Europe,2001,16046180,431586852370.0,26896.55,4.37
Netherlands,NLD,Europe,Europe,Western Europe,2002,16148929,473861980071.0,29343.24,3.88
Netherlands,NLD,Europe,Europe,Western Europe,2003,16225302,580070360702.0,35750.97,2.29
Netherlands,NLD,Europe,Europe,Western Europe,2004,16281779,658380081545.0,40436.62,1.2
Netherlands,NLD,Europe,Europe,Western Europe,2005,16319868,685348181516.0,41994.71,1.98
Netherlands,NLD,Europe,Europe,Western Europe,2006,16346101,733955269899.0,44900.94,2.58
Netherlands,NLD,Europe,Europe,Western Europe,2007,16381696,848558887541.0,51799.21,2.05
Netherlands,NLD,Europe,Europe,Western Europe,2008,16445593,951869997864.0,57879.94,2.41
Netherlands,NLD,Europe,Europe,Western Europe,2009,16530388,871518638049.0,52722.21,0.44
Netherlands,NLD,Europe,Europe,Western Europe,2010,16615394,847380859017.0,50999.75,0.71
Netherlands,NLD,Europe,Europe,Western Europe,2011,16693074,905270626333.0,54230.31,0.24
Netherlands,NLD,Europe,Europe,Western Europe,2012,16754962,838923319920.0,50070.14,1.33
Netherlands,NLD,Europe,Europe,Western Europe,2013,16804432,877172824535.0,52198.9,1.14
Netherlands,NLD,Europe,Europe,Western Europe,2014,16865008,892167986714.0,52900.54,0.34
Netherlands,NLD,Europe,Europe,Western Europe,2015,16939923,765572770634.0,45193.4,0.89
Netherlands,NLD,Europe,Europe,Western Europe,2016,17030314,784060430240.0,46039.11,0.57
Netherlands,NLD,Europe,Europe,Western Europe,2017,17131296,833869641687.0,48675.22,1.44
Netherlands,NLD,Europe,Europe,Western Europe,2018,17231624,914043438180.0,53044.53,2.53
Netherlands,NLD,Europe,Europe,Western Europe,2019,17344874,910194347569.0,52476.27,3.03
Netherlands,NLD,Europe,Europe,Western Europe,2020,17441500,909793466661.0,52162.57,2.36
Netherlands,NLD,Europe,Europe,Western Europe,2021,17533044,1029678338329.0,58727.87,2.75
Netherlands,NLD,Europe,Europe,Western Europe,2022,17700982,1009398719033.0,57025.01,6.16
New Caledonia,NCL,Oceania,Oceania,Melanesia,2000,223098,3420032041.0,15329.73,5.96
New Caledonia,NCL,Oceania,Oceania,Melanesia,2001,227707,3297734891.0,14482.36,
New Caledonia,NCL,Oceania,Oceania,Melanesia,2002,232236,3740056748.0,16104.55,
New Caledonia,NCL,Oceania,Oceania,Melanesia,2003,236678,4915353827.0,20768.11,
New Caledonia,NCL,Oceania,Oceania,Melanesia,2004,240852,5895008978.0,24475.65,
New Caledonia,NCL,Oceania,Oceania,Melanesia,2005,244381,6238629487.0,25528.29,
New Caledonia,NCL,Oceania,Oceania,Melanesia,2006,247547,6979155388.0,28193.25,
New Caledonia,NCL,Oceania,Oceania,Melanesia,2007,250725,8819917180.0,35177.65,
New Caledonia,NCL,Oceania,Oceania,Melanesia,2008,253825,9067619760.0,35723.9,
New Caledonia,NCL,Oceania,Oceania,Melanesia,2009,257250,8704438102.0,33836.49,
New Caledonia,NCL,Oceania,Oceania,Melanesia,2010,261582,9364350077.0,35798.91,
New Caledonia,NCL,Oceania,Oceania,Melanesia,2011,266543,10351448005.0,38835.94,
New Caledonia,NCL,Oceania,Oceania,Melanesia,2012,271633,9659151917.0,35559.57,
New Caledonia,NCL,Oceania,Oceania,Melanesia,2013,276822,10151382933.0,36671.16,
New Caledonia,NCL,Oceania,Oceania,Melanesia,2014,281224,10635035595.0,37816.96,
New Caledonia,NCL,Oceania,Oceania,Melanesia,2015,283168,8738203074.0,30858.72,
New Caledonia,NCL,Oceania,Oceania,Melanesia,2016,283423,8724568955.0,30782.85,
New Caledonia,NCL,Oceania,Oceania,Melanesia,2017,283546,9174048682.0,32354.71,
New Caledonia,NCL,Oceania,Oceania,Melanesia,2018,283541,9896402284.0,34902.9,-0.77
New Caledonia,NCL,Oceania,Oceania,Melanesia,2019,283606,9475655325.0,33411.34,2.43
New Caledonia,NCL,Oceania,Oceania,Melanesia,2020,284176,9454629468.0,33270.33,0.43
New Caledonia,NCL,Oceania,Oceania,Melanesia,2021,285214,10071349664.0,35311.55,4.83
New Caledonia,NCL,Oceania,Oceania,Melanesia,2022,287123,9623318718.0,33516.36,3.85
New Zealand,NZL,Oceania,Oceania,Australia and New Zealand,2000,3857700,52623281957.0,13641.1,2.88
New Zealand,NZL,Oceania,Oceania,Australia and New Zealand,2001,3880500,53872425917.0,13882.86,3.86
New Zealand,NZL,Oceania,Oceania,Australia and New Zealand,2002,3948500,66627729311.0,16874.19,0.3
New Zealand,NZL,Oceania,Oceania,Australia and New Zealand,2003,4027200,88250885550.0,21913.71,2.07
New Zealand,NZL,Oceania,Oceania,Australia and New Zealand,2004,4087500,103905210084.0,25420.23,2.76
New Zealand,NZL,Oceania,Oceania,Australia and New Zealand,2005,4133900,114720129550.0,27751.07,2.0
New Zealand,NZL,Oceania,Oceania,Australia and New Zealand,2006,4184600,111538810713.0,26654.59,2.71
New Zealand,NZL,Oceania,Oceania,Australia and New Zealand,2007,4223800,137188946866.0,32479.98,5.32
New Zealand,NZL,Oceania,Oceania,Australia and New Zealand,2008,4259800,133131369930.0,31252.96,2.74
New Zealand,NZL,Oceania,Oceania,Australia and New Zealand,2009,4302600,121373602349.0,28209.36,2.64
New Zealand,NZL,Oceania,Oceania,Australia and New Zealand,2010,4350700,146517541181.0,33676.77,3.16
New Zealand,NZL,Oceania,Oceania,Australia and New Zealand,2011,4384000,168295307149.0,38388.53,2.47
New Zealand,NZL,Oceania,Oceania,Australia and New Zealand,2012,4408100,176210710655.0,39974.3,-0.19
New Zealand,NZL,Oceania,Oceania,Australia and New Zealand,2013,4442100,190909855416.0,42977.39,4.16
New Zealand,NZL,Oceania,Oceania,Australia and New Zealand,2014,4516500,201337554959.0,44578.23,0.48
New Zealand,NZL,Oceania,Oceania,Australia and New Zealand,2015,4609400,178104220785.0,38639.35,1.44
New Zealand,NZL,Oceania,Oceania,Australia and New Zealand,2016,4714100,188898209220.0,40070.9,2.41
New Zealand,NZL,Oceania,Oceania,Australia and New Zealand,2017,4813600,206566916732.0,42913.19,3.62
New Zealand,NZL,Oceania,Oceania,Australia and New Zealand,2018,4900600,211846555691.0,43228.7,1.75
New Zealand,NZL,Oceania,Oceania,Australia and New Zealand,2019,4970300,212846907683.0,42823.75,3.09
New Zealand,NZL,Oceania,Oceania,Australia and New Zealand,2020,5072400,212697530898.0,41932.33,1.96
New Zealand,NZL,Oceania,Oceania,Australia and New Zealand,2021,5084600,253644079785.0,49884.77,4.58
New Zealand,NZL,Oceania,Oceania,Australia and New Zealand,2022,5081700,246733522841.0,48553.34,5.59
Nicaragua,NIC,North America,Americas,Latin America and the Caribbean,2000,5022633,5109583827.0,1017.31,8.57
Nicaragua,NIC,North America,Americas,Latin America and the Caribbean,2001,5087825,5351768844.0,1051.88,7.24
Nicaragua,NIC,North America,Americas,Latin America and the Caribbean,2002,5149909,5223736466.0,1014.34,3.25
Nicaragua,NIC,North America,Americas,Latin America and the Caribbean,2003,5210963,5322243502.0,1021.36,5.33
Nicaragua,NIC,North America,Americas,Latin America and the Caribbean,2004,5272912,5792949922.0,1098.62,9.05
Nicaragua,NIC,North America,Americas,Latin America and the Caribbean,2005,5342105,6321335612.0,1183.3,9.87
Nicaragua,NIC,North America,Americas,Latin America and the Caribbean,2006,5418855,6763688105.0,1248.18,7.87
Nicaragua,NIC,North America,Americas,Latin America and the Caribbean,2007,5497243,7423421958.0,1350.39,9.67
Nicaragua,NIC,North America,Americas,Latin America and the Caribbean,2008,5576593,8496946608.0,1523.68,16.2
Nicaragua,NIC,North America,Americas,Latin America and the Caribbean,2009,5656601,8298679909.0,1467.08,6.03
Nicaragua,NIC,North America,Americas,Latin America and the Caribbean,2010,5737450,8758592272.0,1526.57,6.14
Nicaragua,NIC,North America,Americas,Latin America and the Caribbean,2011,5819051,9774307336.0,1679.71,10.21
Nicaragua,NIC,North America,Americas,Latin America and the Caribbean,2012,5901287,10531964139.0,1784.69,6.24
Nicaragua,NIC,North America,Americas,Latin America and the Caribbean,2013,5983845,10982938826.0,1835.43,4.35
Nicaragua,NIC,North America,Americas,Latin America and the Caribbean,2014,6066492,11880434071.0,1958.37,8.39
Nicaragua,NIC,North America,Americas,Latin America and the Caribbean,2015,6149417,12756706583.0,2074.46,7.59
Nicaragua,NIC,North America,Americas,Latin America and the Caribbean,2016,6232666,13286118584.0,2131.69,4.59
Nicaragua,NIC,North America,Americas,Latin America and the Caribbean,2017,6316231,13785943183.0,2182.62,4.12
Nicaragua,NIC,North America,Americas,Latin America and the Caribbean,2018,6400080,13025239912.0,2035.17,2.66
Nicaragua,NIC,North America,Americas,Latin America and the Caribbean,2019,6483657,12699046245.0,1958.62,5.4
Nicaragua,NIC,North America,Americas,Latin America and the Caribbean,2020,6565267,12681548304.0,1931.61,5.39
Nicaragua,NIC,North America,Americas,Latin America and the Caribbean,2021,6644741,14144067556.0,2128.61,3.54
Nicaragua,NIC,North America,Americas,Latin America and the Caribbean,2022,6730654,15649934215.0,2325.17,8.78
Niger,NER,Africa,Africa,Sub-Saharan Africa,2000,11509630,2241753193.0,194.77,3.18
Niger,NER,Africa,Africa,Sub-Saharan Africa,2001,11920647,2448714704.0,205.42,5.01
Niger,NER,Africa,Africa,Sub-Saharan Africa,2002,12349144,2782192879.0,225.29,2.57
Niger,NER,Africa,Africa,Sub-Saharan Africa,2003,12796984,3394084732.0,265.23,-0.19
Niger,NER,Africa,Africa,Sub-Saharan Africa,2004,13265836,3760443738.0,283.47,0.39
Niger,NER,Africa,Africa,Sub-Saharan Africa,2005,13756192,4383315965.0,318.64,8.58
Niger,NER,Africa,Africa,Sub-Saharan Africa,2006,14268581,4756361252.0,333.35,1.5
Niger,NER,Africa,Africa,Sub-Saharan Africa,2007,14803610,5731485052.0,387.17,7.04
Niger,NER,Africa,Africa,Sub-Saharan Africa,2008,15361915,7297600226.0,475.04,10.13
Niger,NER,Africa,Africa,Sub-Saharan Africa,2009,15943675,7352131310.0,461.13,4.19
Niger,NER,Africa,Africa,Sub-Saharan Africa,2010,16548835,7851192502.0,474.43,3.48
Niger,NER,Africa,Africa,Sub-Saharan Africa,2011,17176283,8772950778.0,510.76,3.97
Niger,NER,Africa,Africa,Sub-Saharan Africa,2012,17836769,9426912648.0,528.51,5.31
Niger,NER,Africa,Africa,Sub-Saharan Africa,2013,18519898,10224897438.0,552.1,-0.37
Niger,NER,Africa,Africa,Sub-Saharan Africa,2014,19215909,10862943544.0,565.31,-0.41
Niger,NER,Africa,Africa,Sub-Saharan Africa,2015,19939498,9683867926.0,485.66,2.25
Niger,NER,Africa,Africa,Sub-Saharan Africa,2016,20685753,10398861982.0,502.71,1.79
Niger,NER,Africa,Africa,Sub-Saharan Africa,2017,21435446,11185104252.0,521.8,0.37
Niger,NER,Africa,Africa,Sub-Saharan Africa,2018,22188069,12837307497.0,578.57,2.4
Niger,NER,Africa,Africa,Sub-Saharan Africa,2019,22947757,12889555561.0,561.69,-0.02
Niger,NER,Africa,Africa,Sub-Saharan Africa,2020,23717613,13744653103.0,579.51,1.16
Niger,NER,Africa,Africa,Sub-Saharan Africa,2021,24502140,14915002436.0,608.72,3.12
Niger,NER,Africa,Africa,Sub-Saharan Africa,2022,25311973,15433852712.0,609.75,4.02
Nigeria,NGA,Africa,Africa,Sub-Saharan Africa,2000,126382494,69171451627.0,547.32,22.67
Nigeria,NGA,Africa,Africa,Sub-Saharan Africa,2001,129862595,73557840064.0,566.43,10.08
Nigeria,NGA,Africa,Africa,Sub-Saharan Africa,2002,133471989,95054059303.0,712.16,21.11
Nigeria,NGA,Africa,Africa,Sub-Saharan Africa,2003,137202644,104738954264.0,763.39,9.8
Nigeria,NGA,Africa,Africa,Sub-Saharan Africa,2004,141057045,135764731646.0,962.48,22.37
Nigeria,NGA,Africa,Africa,Sub-Saharan Africa,2005,145017253,175670569969.0,1211.38,19.86
Nigeria,NGA,Africa,Africa,Sub-Saharan Africa,2006,149077334,238454997161.0,1599.54,23.86
Nigeria,NGA,Africa,Africa,Sub-Saharan Africa,2007,153267261,278260846800.0,1815.53,7.1
Nigeria,NGA,Africa,Africa,Sub-Saharan Africa,2008,157595014,339476276258.0,2154.11,7.92
Nigeria,NGA,Africa,Africa,Sub-Saharan Africa,2009,162049464,295008835381.0,1820.49,0.69
Nigeria,NGA,Africa,Africa,Sub-Saharan Africa,2010,166642886,366990417129.0,2202.26,16.34
Nigeria,NGA,Africa,Africa,Sub-Saharan Africa,2011,171379598,414466676831.0,2418.41,9.78
Nigeria,NGA,Africa,Africa,Sub-Saharan Africa,2012,176200625,463971018239.0,2633.2,9.95
Nigeria,NGA,Africa,Africa,Sub-Saharan Africa,2013,181049443,520117180314.0,2872.79,4.96
Nigeria,NGA,Africa,Africa,Sub-Saharan Africa,2014,185896915,574183763412.0,3088.72,4.66
Nigeria,NGA,Africa,Africa,Sub-Saharan Africa,2015,190671878,493026682801.0,2585.73,2.86
Nigeria,NGA,Africa,Africa,Sub-Saharan Africa,2016,195443700,404649125252.0,2070.41,9.54
Nigeria,NGA,Africa,Africa,Sub-Saharan Africa,2017,200254579,375745731053.0,1876.34,11.12
Nigeria,NGA,Africa,Africa,Sub-Saharan Africa,2018,204938755,421739251509.0,2057.88,10.23
Nigeria,NGA,Africa,Africa,Sub-Saharan Africa,2019,209485641,474517490844.0,2265.16,10.38
Nigeria,NGA,Africa,Africa,Sub-Saharan Africa,2020,213996181,432198898468.0,2019.66,7.85
Nigeria,NGA,Africa,Africa,Sub-Saharan Africa,2021,218529286,440838992188.0,2017.3,10.13
Nigeria,NGA,Africa,Africa,Sub-Saharan Africa,2022,223150896,472624596926.0,2117.96,11.31
North Macedonia,MKD,Europe,Europe,Southern Europe,2000,2026350,3772859034.0,1861.9,8.18
North Macedonia,MKD,Europe,Europe,Southern Europe,2001,2034882,3709636031.0,1823.02,4.72
North Macedonia,MKD,Europe,Europe,Southern Europe,2002,2020157,4018365747.0,1989.14,0.94
North Macedonia,MKD,Europe,Europe,Southern Europe,2003,2022725,4946296599.0,2445.36,1.65
North Macedonia,MKD,Europe,Europe,Southern Europe,2004,2016186,5682784472.0,2818.58,-0.17
North Macedonia,MKD,Europe,Europe,Southern Europe,2005,2005330,6258602873.0,3120.98,4.9
North Macedonia,MKD,Europe,Europe,Southern Europe,2006,1994287,6861226972.0,3440.44,3.25
North Macedonia,MKD,Europe,Europe,Southern Europe,2007,1982933,8336474974.0,4204.11,4.59
North Macedonia,MKD,Europe,Europe,Southern Europe,2008,1971493,9909552435.0,5026.42,5.49
North Macedonia,MKD,Europe,Europe,Southern Europe,2009,1958782,9401736825.0,4799.79,0.3
North Macedonia,MKD,Europe,Europe,Southern Europe,2010,1946298,9407170321.0,4833.37,2.04
North Macedonia,MKD,Europe,Europe,Southern Europe,2011,1937398,10494626768.0,5416.87,3.72
North Macedonia,MKD,Europe,Europe,Southern Europe,2012,1929821,9745261301.0,5049.83,1.0
North Macedonia,MKD,Europe,Europe,Southern Europe,2013,1922716,10817702346.0,5626.26,4.48
North Macedonia,MKD,Europe,Europe,Southern Europe,2014,1917557,11362265253.0,5925.39,1.45
North Macedonia,MKD,Europe,Europe,Southern Europe,2015,1912430,10064519963.0,5262.69,2.0
North Macedonia,MKD,Europe,Europe,Southern Europe,2016,1906313,10672467073.0,5598.49,3.47
North Macedonia,MKD,Europe,Europe,Southern Europe,2017,1898657,11307067070.0,5955.3,2.81
North Macedonia,MKD,Europe,Europe,Southern Europe,2018,1889051,12683068114.0,6713.99,3.93
North Macedonia,MKD,Europe,Europe,Southern Europe,2019,1876262,12606338449.0,6718.86,0.87
North Macedonia,MKD,Europe,Europe,Southern Europe,2020,1856124,12361036914.0,6659.6,1.37
North Macedonia,MKD,Europe,Europe,Southern Europe,2021,1837114,14000283827.0,7620.8,4.29
North Macedonia,MKD,Europe,Europe,Southern Europe,2022,1831712,13711469681.0,7485.6,8.87
Northern Mariana Islands,MNP,Oceania,Oceania,Micronesia,2002,66778,1284000000.0,19227.89,
Northern Mariana Islands,MNP,Oceania,Oceania,Micronesia,2003,65421,1239000000.0,18938.87,-3.83
Northern Mariana Islands,MNP,Oceania,Oceania,Micronesia,2004,63938,1210000000.0,18924.58,0.76
Northern Mariana Islands,MNP,Oceania,Oceania,Micronesia,2005,62354,1061000000.0,17015.75,0.45
Northern Mariana Islands,MNP,Oceania,Oceania,Micronesia,2006,60682,990000000.0,16314.56,0.19
Northern Mariana Islands,MNP,Oceania,Oceania,Micronesia,2007,58941,938000000.0,15914.22,1.53
Northern Mariana Islands,MNP,Oceania,Oceania,Micronesia,2008,57150,939000000.0,16430.45,12.57
Northern Mariana Islands,MNP,Oceania,Oceania,Micronesia,2009,55325,795000000.0,14369.63,2.71
Northern Mariana Islands,MNP,Oceania,Oceania,Micronesia,2010,54091,799000000.0,14771.4,-0.88
Northern Mariana Islands,MNP,Oceania,Oceania,Micronesia,2011,53608,729000000.0,13598.72,-1.49
Northern Mariana Islands,MNP,Oceania,Oceania,Micronesia,2012,53234,746000000.0,14013.6,1.51
Northern Mariana Islands,MNP,Oceania,Oceania,Micronesia,2013,52758,772000000.0,14632.85,0.78
Northern Mariana Islands,MNP,Oceania,Oceania,Micronesia,2014,52178,832000000.0,15945.42,3.45
Northern Mariana Islands,MNP,Oceania,Oceania,Micronesia,2015,51514,910000000.0,17665.1,5.8
Northern Mariana Islands,MNP,Oceania,Oceania,Micronesia,2016,50773,1230000000.0,24225.47,4.61
Northern Mariana Islands,MNP,Oceania,Oceania,Micronesia,2017,49959,1560000000.0,31225.6,2.97
Northern Mariana Islands,MNP,Oceania,Oceania,Micronesia,2018,49077,1301000000.0,26509.36,3.6
Northern Mariana Islands,MNP,Oceania,Oceania,Micronesia,2019,48129,1181000000.0,24538.22,2.34
Northern Mariana Islands,MNP,Oceania,Oceania,Micronesia,2020,47528,858000000.0,18052.52,3.54
Norway,NOR,Europe,Europe,Northern Europe,2000,4490967,171457201936.0,38178.24,15.33
Norway,NOR,Europe,Europe,Northern Europe,2001,4513751,174239354071.0,38601.9,1.71
Norway,NOR,Europe,Europe,Northern Europe,2002,4538159,195914852576.0,43170.56,-1.52
Norway,NOR,Europe,Europe,Northern Europe,2003,4564855,229385469337.0,50250.33,2.86
Norway,NOR,Europe,Europe,Northern Europe,2004,4591910,265268662473.0,57768.7,5.85
Norway,NOR,Europe,Europe,Northern Europe,2005,4623291,309978579744.0,67047.17,8.76
Norway,NOR,Europe,Europe,Northern Europe,2006,4660677,346915160682.0,74434.5,8.73
Norway,NOR,Europe,Europe,Northern Europe,2007,4709153,402643260488.0,85502.27,3.08
Norway,NOR,Europe,Europe,Northern Europe,2008,4768212,464917553191.0,97503.54,10.57
Norway,NOR,Europe,Europe,Northern Europe,2009,4828726,387976400617.0,80347.57,-5.12
Norway,NOR,Europe,Europe,Northern Europe,2010,4889252,431052143940.0,88163.21,5.96
Norway,NOR,Europe,Europe,Northern Europe,2011,4953088,501360549669.0,101221.81,6.67
Norway,NOR,Europe,Europe,Northern Europe,2012,5018573,512777309841.0,102175.92,3.35
Norway,NOR,Europe,Europe,Northern Europe,2013,5079623,526014468085.0,103553.84,2.55
Norway,NOR,Europe,Europe,Northern Europe,2014,5137232,501736471833.0,97666.7,0.26
Norway,NOR,Europe,Europe,Northern Europe,2015,5188607,388159512246.0,74809.97,-2.8
Norway,NOR,Europe,Europe,Northern Europe,2016,5234519,370956547619.0,70867.36,-1.6
Norway,NOR,Europe,Europe,Northern Europe,2017,5276968,401745275035.0,76131.84,4.08
Norway,NOR,Europe,Europe,Northern Europe,2018,5311916,439788625884.0,82792.84,6.74
Norway,NOR,Europe,Europe,Northern Europe,2019,5347896,408742840909.0,76430.59,-0.55
Norway,NOR,Europe,Europe,Northern Europe,2020,5379475,367633418887.0,68340.02,-2.52
Norway,NOR,Europe,Europe,Northern Europe,2021,5408320,503367986030.0,93072.89,20.21
Norway,NOR,Europe,Europe,Northern Europe,2022,5457127,593726965416.0,108798.45,28.16
Oman,OMN,Asia,Asia,Western Asia,2000,2282131,19507452536.0,8547.91,17.55
Oman,OMN,Asia,Asia,Western Asia,2001,2310217,19452000520.0,8419.99,-4.64
Oman,OMN,Asia,Asia,Western Asia,2002,2337140,20142756047.0,8618.55,4.69
Oman,OMN,Asia,Asia,Western Asia,2003,2363796,21633708192.0,9152.1,9.64
Oman,OMN,Asia,Asia,Western Asia,2004,2404821,24763712874.0,10297.53,12.5
Oman,OMN,Asia,Asia,Western Asia,2005,2459802,31081991678.0,12635.97,21.73
Oman,OMN,Asia,Asia,Western Asia,2006,2514795,37215779714.0,14798.73,14.56
Oman,OMN,Asia,Asia,Western Asia,2007,2570174,42085379454.0,16374.53,8.06
Oman,OMN,Asia,Asia,Western Asia,2008,2626529,60905452536.0,23188.57,32.65
Oman,OMN,Asia,Asia,Western Asia,2009,2684659,48388363589.0,18024.03,-25.04
Oman,OMN,Asia,Asia,Western Asia,2010,2757446,64993498049.0,23570.18,14.37
Oman,OMN,Asia,Asia,Western Asia,2011,3076763,77497529259.0,25188.01,15.88
Oman,OMN,Asia,Asia,Western Asia,2012,3547106,87408842653.0,24642.3,3.61
Oman,OMN,Asia,Asia,Western Asia,2013,3833913,89936020806.0,23458.02,-2.22
Oman,OMN,Asia,Asia,Western Asia,2014,4002439,92699089727.0,23160.65,1.76
Oman,OMN,Asia,Asia,Western Asia,2015,4184895,78710793238.0,18808.31,-19.15
Oman,OMN,Asia,Asia,Western Asia,2016,4390877,75128738622.0,17110.19,-9.14
Oman,OMN,Asia,Asia,Western Asia,2017,4537396,80856697009.0,17820.07,7.3
Oman,OMN,Asia,Asia,Western Asia,2018,4597877,91505851756.0,19901.76,11.73
Oman,OMN,Asia,Asia,Western Asia,2019,4591241,88060858257.0,19180.19,-2.67
Oman,OMN,Asia,Asia,Western Asia,2020,4522497,75909397659.0,16784.84,-10.78
Oman,OMN,Asia,Asia,Western Asia,2021,4500424,88191977373.0,19596.37,12.14
Oman,OMN,Asia,Asia,Western Asia,2022,4730226,114667360208.0,24241.41,16.99
Pakistan,PAK,Asia,Asia,Southern Asia,2000,154879127,99484802345.0,642.34,68.01
Pakistan,PAK,Asia,Asia,Southern Asia,2001,159270907,97145618480.0,609.94,6.01
Pakistan,PAK,Asia,Asia,Southern Asia,2002,163222549,97923302809.0,599.94,3.92
Pakistan,PAK,Asia,Asia,Southern Asia,2003,167110248,112371913741.0,672.44,3.55
Pakistan,PAK,Asia,Asia,Southern Asia,2004,171286000,132216048339.0,771.9,7.25
Pakistan,PAK,Asia,Asia,Southern Asia,2005,175453212,145208562961.0,827.62,5.56
Pakistan,PAK,Asia,Asia,Southern Asia,2006,179682690,161871385506.0,900.87,6.0
Pakistan,PAK,Asia,Asia,Southern Asia,2007,184493231,184140869997.0,998.09,10.33
Pakistan,PAK,Asia,Asia,Southern Asia,2008,189499113,202203748584.0,1067.04,10.92
Pakistan,PAK,Asia,Asia,Southern Asia,2009,194376534,187337783856.0,963.79,12.37
Pakistan,PAK,Asia,Asia,Southern Asia,2010,199239047,196709621850.0,987.3,10.59
Pakistan,PAK,Asia,Asia,Southern Asia,2011,203746065,230586581060.0,1131.74,16.41
Pakistan,PAK,Asia,Asia,Southern Asia,2012,207667125,250106966105.0,1204.36,9.92
Pakistan,PAK,Asia,Asia,Southern Asia,2013,211073978,258657231672.0,1225.43,7.38
Pakistan,PAK,Asia,Asia,Southern Asia,2014,214264647,271390474858.0,1266.61,7.21
Pakistan,PAK,Asia,Asia,Southern Asia,2015,217290883,299963590535.0,1380.47,4.44
Pakistan,PAK,Asia,Asia,Southern Asia,2016,220138869,313630000130.0,1424.69,0.92
Pakistan,PAK,Asia,Asia,Southern Asia,2017,223273967,339205534861.0,1519.23,4.03
Pakistan,PAK,Asia,Asia,Southern Asia,2018,226928892,356128166705.0,1569.34,3.84
Pakistan,PAK,Asia,Asia,Southern Asia,2019,230800899,320909472771.0,1390.42,9.04
Pakistan,PAK,Asia,Asia,Southern Asia,2020,235001746,300425609818.0,1278.4,9.94
Pakistan,PAK,Asia,Asia,Southern Asia,2021,239477801,348516647445.0,1455.32,10.27
Pakistan,PAK,Asia,Asia,Southern Asia,2022,243700667,374787958882.0,1537.9,13.94
Palau,PLW,Oceania,Oceania,Micronesia,2000,19178,149535828.0,7797.26,6.47
Palau,PLW,Oceania,Oceania,Micronesia,2001,19352,159453506.0,8239.64,0.12
Palau,PLW,Oceania,Oceania,Micronesia,2002,19503,162665543.0,8340.54,-2.86
Palau,PLW,Oceania,Oceania,Micronesia,2003,19659,154559875.0,7862.04,-1.82
Palau,PLW,Oceania,Oceania,Micronesia,2004,19820,166391556.0,8395.13,3.58
Palau,PLW,Oceania,Oceania,Micronesia,2005,19819,191048401.0,9639.66,11.03
Palau,PLW,Oceania,Oceania,Micronesia,2006,19593,193679688.0,9885.15,1.5
Palau,PLW,Oceania,Oceania,Micronesia,2007,19302,200903641.0,10408.44,1.94
Palau,PLW,Oceania,Oceania,Micronesia,2008,19009,201167343.0,10582.74,5.95
Palau,PLW,Oceania,Oceania,Micronesia,2009,18709,189997986.0,10155.43,1.84
Palau,PLW,Oceania,Oceania,Micronesia,2010,18396,188174271.0,10229.09,-0.06
Palau,PLW,Oceania,Oceania,Micronesia,2011,18078,198873917.0,11000.88,0.54
Palau,PLW,Oceania,Oceania,Micronesia,2012,17765,215762390.0,12145.36,7.15
Palau,PLW,Oceania,Oceania,Micronesia,2013,17648,224265167.0,12707.68,7.71
Palau,PLW,Oceania,Oceania,Micronesia,2014,17715,245731216.0,13871.36,2.99
Palau,PLW,Oceania,Oceania,Micronesia,2015,17770,287215973.0,16162.97,5.98
Palau,PLW,Oceania,Oceania,Micronesia,2016,17797,305404175.0,17160.43,7.47
Palau,PLW,Oceania,Oceania,Micronesia,2017,17812,292345764.0,16412.85,-1.04
Palau,PLW,Oceania,Oceania,Micronesia,2018,17814,288160980.0,16176.1,0.92
Palau,PLW,Oceania,Oceania,Micronesia,2019,17798,281828705.0,15834.85,-2.48
Palau,PLW,Oceania,Oceania,Micronesia,2020,17792,261179138.0,14679.58,-2.28
Palau,PLW,Oceania,Oceania,Micronesia,2021,17783,229858185.0,12925.73,5.59
Palau,PLW,Oceania,Oceania,Micronesia,2022,17759,242333710.0,13645.68,9.86
Panama,PAN,North America,Americas,Latin America and the Caribbean,2000,3010369,12304115000.0,4087.24,-1.52
Panama,PAN,North America,Americas,Latin America and the Caribbean,2001,3069537,12502013400.0,4072.93,1.43
Panama,PAN,North America,Americas,Latin America and the Caribbean,2002,3129344,12994310400.0,4152.41,1.92
Panama,PAN,North America,Americas,Latin America and the Caribbean,2003,3189807,13693981200.0,4293.04,1.12
Panama,PAN,North America,Americas,Latin America and the Caribbean,2004,3251155,15013381700.0,4617.86,2.61
Panama,PAN,North America,Americas,Latin America and the Caribbean,2005,3313026,16374393900.0,4942.43,1.68
Panama,PAN,North America,Americas,Latin America and the Caribbean,2006,3375024,18141666300.0,5375.27,2.17
Panama,PAN,North America,Americas,Latin America and the Caribbean,2007,3437490,21295984200.0,6195.21,2.86
Panama,PAN,North America,Americas,Latin America and the Caribbean,2008,3500648,25155888600.0,7186.07,7.48
Panama,PAN,North America,Americas,Latin America and the Caribbean,2009,3564381,27116635600.0,7607.67,6.33
Panama,PAN,North America,Americas,Latin America and the Caribbean,2010,3628535,29440287600.0,8113.55,2.55
Panama,PAN,North America,Americas,Latin America and the Caribbean,2011,3693505,34686224300.0,9391.14,5.49
Panama,PAN,North America,Americas,Latin America and the Caribbean,2012,3759256,40429700000.0,10754.71,6.32
Panama,PAN,North America,Americas,Latin America and the Caribbean,2013,3825329,45599900000.0,11920.52,6.16
Panama,PAN,North America,Americas,Latin America and the Caribbean,2014,3892101,49921400000.0,12826.34,4.69
Panama,PAN,North America,Americas,Latin America and the Caribbean,2015,3960035,54091800000.0,13659.42,3.01
Panama,PAN,North America,Americas,Latin America and the Caribbean,2016,4029086,57907700000.0,14372.42,2.48
Panama,PAN,North America,Americas,Latin America and the Caribbean,2017,4098707,62202700000.0,15176.18,1.79
Panama,PAN,North America,Americas,Latin America and the Caribbean,2018,4167860,67294169200.0,16145.98,0.7
Panama,PAN,North America,Americas,Latin America and the Caribbean,2019,4234700,69721787500.0,16464.4,0.54
Panama,PAN,North America,Americas,Latin America and the Caribbean,2020,4293261,57086836900.0,13296.85,-0.49
Panama,PAN,North America,Americas,Latin America and the Caribbean,2021,4345405,67406738100.0,15512.19,1.42
Panama,PAN,North America,Americas,Latin America and the Caribbean,2022,4400773,76522511781.0,17388.43,2.17
Papua New Guinea,PNG,Oceania,Oceania,Melanesia,2000,5537064,3521339699.0,635.96,13.1
Papua New Guinea,PNG,Oceania,Oceania,Melanesia,2001,5728435,3081024212.0,537.85,6.91
Papua New Guinea,PNG,Oceania,Oceania,Melanesia,2002,5924003,2999511040.0,506.33,12.29
Papua New Guinea,PNG,Oceania,Oceania,Melanesia,2003,6123997,3536411824.0,577.47,5.54
Papua New Guinea,PNG,Oceania,Oceania,Melanesia,2004,6328041,3927157867.0,620.6,-1.99
Papua New Guinea,PNG,Oceania,Oceania,Melanesia,2005,6535905,4865892972.0,744.49,12.18
Papua New Guinea,PNG,Oceania,Oceania,Melanesia,2006,6747720,8354911041.0,1238.18,60.51
Papua New Guinea,PNG,Oceania,Oceania,Melanesia,2007,6963345,9545028944.0,1370.75,2.8
Papua New Guinea,PNG,Oceania,Oceania,Melanesia,2008,7183002,11670892801.0,1624.79,11.67
Papua New Guinea,PNG,Oceania,Oceania,Melanesia,2009,7406438,11619456449.0,1568.83,-4.88
Papua New Guinea,PNG,Oceania,Oceania,Melanesia,2010,7633523,14250786675.0,1866.87,9.92
Papua New Guinea,PNG,Oceania,Oceania,Melanesia,2011,7859346,17985138066.0,2288.38,8.83
Papua New Guinea,PNG,Oceania,Oceania,Melanesia,2012,8081390,21295168666.0,2635.09,-0.57
Papua New Guinea,PNG,Oceania,Oceania,Melanesia,2013,8302698,21261338065.0,2560.77,3.59
Papua New Guinea,PNG,Oceania,Oceania,Melanesia,2014,8523441,23210823987.0,2723.18,5.44
Papua New Guinea,PNG,Oceania,Oceania,Melanesia,2015,8743246,21723437010.0,2484.6,-1.23
Papua New Guinea,PNG,Oceania,Oceania,Melanesia,2016,8961718,20758876953.0,2316.39,2.52
Papua New Guinea,PNG,Oceania,Oceania,Melanesia,2017,9178714,22742699138.0,2477.77,7.7
Papua New Guinea,PNG,Oceania,Oceania,Melanesia,2018,9394513,24109780708.0,2566.37,9.8
Papua New Guinea,PNG,Oceania,Oceania,Melanesia,2019,9609010,24751066911.0,2575.82,1.06
Papua New Guinea,PNG,Oceania,Oceania,Melanesia,2020,9815746,23848445104.0,2429.61,1.63
Papua New Guinea,PNG,Oceania,Oceania,Melanesia,2021,10012896,26113333240.0,2607.97,11.6
Papua New Guinea,PNG,Oceania,Oceania,Melanesia,2022,10203169,31603619037.0,3097.43,15.03
Paraguay,PRY,South America,Americas,Latin America and the Caribbean,2000,5100868,8855705140.0,1736.12,14.66
Paraguay,PRY,South America,Americas,Latin America and the Caribbean,2001,5187689,8495806432.0,1637.69,13.94
Paraguay,PRY,South America,Americas,Latin America and the Caribbean,2002,5261328,7196260657.0,1367.77,17.95
Paraguay,PRY,South America,Americas,Latin America and the Caribbean,2003,5326436,7691367471.0,1444.0,15.14
Paraguay,PRY,South America,Americas,Latin America and the Caribbean,2004,5388175,9624440836.0,1786.22,11.84
Paraguay,PRY,South America,Americas,Latin America and the Caribbean,2005,5448097,10737500188.0,1970.87,12.95
Paraguay,PRY,South America,Americas,Latin America and the Caribbean,2006,5505148,13429430050.0,2439.43,8.86
Paraguay,PRY,South America,Americas,Latin America and the Caribbean,2007,5559386,17856393235.0,3211.94,12.64
Paraguay,PRY,South America,Americas,Latin America and the Caribbean,2008,5613574,24615267664.0,4384.95,12.22
Paraguay,PRY,South America,Americas,Latin America and the Caribbean,2009,5671236,22355151162.0,3941.85,3.65
Paraguay,PRY,South America,Americas,Latin America and the Caribbean,2010,5737971,27260886405.0,4750.96,4.66
Paraguay,PRY,South America,Americas,Latin America and the Caribbean,2011,5814626,33756238767.0,5805.4,5.1
Paraguay,PRY,South America,Americas,Latin America and the Caribbean,2012,5897008,33271921136.0,5642.17,4.8
Paraguay,PRY,South America,Americas,Latin America and the Caribbean,2013,5982445,38501122141.0,6435.68,4.34
Paraguay,PRY,South America,Americas,Latin America and the Caribbean,2014,6069811,40377929296.0,6652.25,2.86
Paraguay,PRY,South America,Americas,Latin America and the Caribbean,2015,6159103,36211447840.0,5879.34,1.6
Paraguay,PRY,South America,Americas,Latin America and the Caribbean,2016,6249126,36089700223.0,5775.16,4.13
Paraguay,PRY,South America,Americas,Latin America and the Caribbean,2017,6338660,38997129474.0,6152.27,2.16
Paraguay,PRY,South America,Americas,Latin America and the Caribbean,2018,6427382,40225448341.0,6258.45,1.96
Paraguay,PRY,South America,Americas,Latin America and the Caribbean,2019,6515058,37925338329.0,5821.18,3.06
Paraguay,PRY,South America,Americas,Latin America and the Caribbean,2020,6603739,35432178068.0,5365.47,2.2
Paraguay,PRY,South America,Americas,Latin America and the Caribbean,2021,6684182,39950899939.0,5976.93,8.45
Paraguay,PRY,South America,Americas,Latin America and the Caribbean,2022,6760464,41952910858.0,6205.63,8.05
Peru,PER,South America,Americas,Latin America and the Caribbean,2000,26598331,51744749133.0,1945.41,3.52
Peru,PER,South America,Americas,Latin America and the Caribbean,2001,26964601,52030158775.0,1929.57,0.46
Peru,PER,South America,Americas,Latin America and the Caribbean,2002,27288217,54777553515.0,2007.37,0.11
Peru,PER,South America,Americas,Latin America and the Caribbean,2003,27580490,58731030122.0,2129.44,1.8
Peru,PER,South America,Americas,Latin America and the Caribbean,2004,27852190,66768703498.0,2397.25,6.28
Peru,PER,South America,Americas,Latin America and the Caribbean,2005,28101180,76060606061.0,2706.67,3.5
Peru,PER,South America,Americas,Latin America and the Caribbean,2006,28324491,88643193062.0,3129.56,7.66
Peru,PER,South America,Americas,Latin America and the Caribbean,2007,28530699,102170981144.0,3581.09,1.49
Peru,PER,South America,Americas,Latin America and the Caribbean,2008,28719041,120550599815.0,4197.58,1.1
Peru,PER,South America,Americas,Latin America and the Caribbean,2009,28896811,120822986521.0,4181.19,2.06
Peru,PER,South America,Americas,Latin America and the Caribbean,2010,29086019,147527631521.0,5072.11,5.71
Peru,PER,South America,Americas,Latin America and the Caribbean,2011,29304086,171761737047.0,5861.36,6.75
Peru,PER,South America,Americas,Latin America and the Caribbean,2012,29550366,192650021649.0,6519.38,1.2
Peru,PER,South America,Americas,Latin America and the Caribbean,2013,29817919,201175543571.0,6746.8,1.06
Peru,PER,South America,Americas,Latin America and the Caribbean,2014,30115826,200786250583.0,6667.13,2.43
Peru,PER,South America,Americas,Latin America and the Caribbean,2015,30457600,189802976286.0,6231.71,2.69
Peru,PER,South America,Americas,Latin America and the Caribbean,2016,30866494,191898104390.0,6217.04,3.08
Peru,PER,South America,Americas,Latin America and the Caribbean,2017,31324637,211007984081.0,6736.17,3.62
Peru,PER,South America,Americas,Latin America and the Caribbean,2018,31897584,222597009739.0,6978.49,2.28
Peru,PER,South America,Americas,Latin America and the Caribbean,2019,32449303,228346006004.0,7037.01,1.87
Peru,PER,South America,Americas,Latin America and the Caribbean,2020,32838579,201409694756.0,6133.33,3.72
Peru,PER,South America,Americas,Latin America and the Caribbean,2021,33155882,226354278281.0,6826.97,10.08
Peru,PER,South America,Americas,Latin America and the Caribbean,2022,33475438,246488757636.0,7363.27,4.77
Philippines,PHL,Asia,Asia,South-eastern Asia,2000,79625397,83669788255.0,1050.79,5.82
Philippines,PHL,Asia,Asia,South-eastern Asia,2001,81401488,78921234458.0,969.53,5.62
Philippines,PHL,Asia,Asia,South-eastern Asia,2002,83068889,84307345888.0,1014.91,4.23
Philippines,PHL,Asia,Asia,South-eastern Asia,2003,84731835,87039092974.0,1027.23,3.19
Philippines,PHL,Asia,Asia,South-eastern Asia,2004,86394504,95001999685.0,1099.63,5.89
Philippines,PHL,Asia,Asia,South-eastern Asia,2005,88015962,107419977318.0,1220.46,5.91
Philippines,PHL,Asia,Asia,South-eastern Asia,2006,89508986,127652926368.0,1426.15,5.11
Philippines,PHL,Asia,Asia,South-eastern Asia,2007,91075184,155980408673.0,1712.66,3.16
Philippines,PHL,Asia,Asia,South-eastern Asia,2008,92699095,181624626327.0,1959.29,7.18
Philippines,PHL,Asia,Asia,South-eastern Asia,2009,94384250,175974755881.0,1864.45,2.74
Philippines,PHL,Asia,Asia,South-eastern Asia,2010,96337125,208368893151.0,2162.91,4.37
Philippines,PHL,Asia,Asia,South-eastern Asia,2011,98248614,234216730296.0,2383.92,3.92
Philippines,PHL,Asia,Asia,South-eastern Asia,2012,100175512,261920540972.0,2614.62,1.99
Philippines,PHL,Asia,Asia,South-eastern Asia,2013,102076336,283902828582.0,2781.28,2.06
Philippines,PHL,Asia,Asia,South-eastern Asia,2014,103767130,297483555345.0,2866.84,3.05
Philippines,PHL,Asia,Asia,South-eastern Asia,2015,105312992,306445871247.0,2909.86,-0.72
Philippines,PHL,Asia,Asia,South-eastern Asia,2016,106735719,318627003013.0,2985.2,1.28
Philippines,PHL,Asia,Asia,South-eastern Asia,2017,108119693,328480736799.0,3038.12,2.32
Philippines,PHL,Asia,Asia,South-eastern Asia,2018,109465287,346841896584.0,3168.51,3.74
Philippines,PHL,Asia,Asia,South-eastern Asia,2019,110804683,376823402245.0,3400.79,0.7
Philippines,PHL,Asia,Asia,South-eastern Asia,2020,112081264,361751145452.0,3227.58,1.65
Philippines,PHL,Asia,Asia,South-eastern Asia,2021,113100950,394087359848.0,3484.39,2.28
Philippines,PHL,Asia,Asia,South-eastern Asia,2022,113964338,404353369605.0,3548.07,5.49
Poland,POL,Europe,Europe,Eastern Europe,2000,38258629,172220451787.0,4501.48,6.06
Poland,POL,Europe,Europe,Eastern Europe,2001,38248076,190905493539.0,4991.24,3.2
Poland,POL,Europe,Europe,Eastern Europe,2002,38230364,199070448695.0,5207.13,1.82
Poland,POL,Europe,Europe,Eastern Europe,2003,38204570,217828661057.0,5701.64,0.77
Poland,POL,Europe,Europe,Eastern Europe,2004,38182222,255107252159.0,6681.31,4.93
Poland,POL,Europe,Europe,Eastern Europe,2005,38165445,306145944825.0,8021.55,2.62
Poland,POL,Europe,Europe,Eastern Europe,2006,38141267,344626667414.0,9035.53,1.75
Poland,POL,Europe,Europe,Eastern Europe,2007,38120560,429020755433.0,11254.31,3.8
Poland,POL,Europe,Europe,Eastern Europe,2008,38125759,533599779516.0,13995.78,3.93
Poland,POL,Europe,Europe,Eastern Europe,2009,38151603,439731589139.0,11525.9,3.89
Poland,POL,Europe,Europe,Eastern Europe,2010,38042794,475696613936.0,12504.25,1.58
Poland,POL,Europe,Europe,Eastern Europe,2011,38063255,524374183218.0,13776.39,3.07
Poland,POL,Europe,Europe,Eastern Europe,2012,38063164,495230523666.0,13010.76,2.18
Poland,POL,Europe,Europe,Eastern Europe,2013,38040196,515761954074.0,13558.34,0.27
Poland,POL,Europe,Europe,Eastern Europe,2014,38011735,539080475074.0,14181.95,0.48
Poland,POL,Europe,Europe,Eastern Europe,2015,37986412,477111287969.0,12560.05,1.32
Poland,POL,Europe,Europe,Eastern Europe,2016,37970087,470024599376.0,12378.81,0.08
Poland,POL,Europe,Europe,Eastern Europe,2017,37974826,524641252835.0,13815.5,1.77
Poland,POL,Europe,Europe,Eastern Europe,2018,37974750,588779796424.0,15504.51,1.23
Poland,POL,Europe,Europe,Eastern Europe,2019,37965475,596058473059.0,15700.01,3.03
Poland,POL,Europe,Europe,Eastern Europe,2020,37515748,599442732365.0,15978.43,4.24
Poland,POL,Europe,Europe,Eastern Europe,2021,36981559,681346077609.0,18423.94,5.34
Poland,POL,Europe,Europe,Eastern Europe,2022,36821749,689763329458.0,18732.5,10.69
Portugal,PRT,Europe,Europe,Southern Europe,2000,10289898,118605192877.0,11526.37,3.42
Portugal,PRT,Europe,Europe,Southern Europe,2001,10362722,121604107165.0,11734.76,3.72
Portugal,PRT,Europe,Europe,Southern Europe,2002,10419631,134795565549.0,12936.69,4.19
Portugal,PRT,Europe,Europe,Southern Europe,2003,10458821,165226175537.0,15797.78,3.43
Portugal,PRT,Europe,Europe,Southern Europe,2004,10483861,189382122532.0,18064.16,2.4
Portugal,PRT,Europe,Europe,Southern Europe,2005,10503330,197253876705.0,18780.13,3.33
Portugal,PRT,Europe,Europe,Southern Europe,2006,10522288,208756449276.0,19839.45,3.18
Portugal,PRT,Europe,Europe,Southern Europe,2007,10542964,240496147317.0,22811.06,2.97
Portugal,PRT,Europe,Europe,Southern Europe,2008,10558177,263416394624.0,24949.04,1.74
Portugal,PRT,Europe,Europe,Southern Europe,2009,10568247,244667762836.0,23151.22,1.1
Portugal,PRT,Europe,Europe,Southern Europe,2010,10573100,238113003233.0,22520.64,0.78
Portugal,PRT,Europe,Europe,Southern Europe,2011,10557560,245117990242.0,23217.3,-0.26
Portugal,PRT,Europe,Europe,Southern Europe,2012,10514844,216224240578.0,20563.71,-0.38
Portugal,PRT,Europe,Europe,Southern Europe,2013,10457295,226433858006.0,21653.2,2.27
Portugal,PRT,Europe,Europe,Southern Europe,2014,10401062,229901964222.0,22103.7,0.72
Portugal,PRT,Europe,Europe,Southern Europe,2015,10358076,199394066525.0,19250.11,1.96
Portugal,PRT,Europe,Europe,Southern Europe,2016,10325452,206426152309.0,19991.97,1.85
Portugal,PRT,Europe,Europe,Southern Europe,2017,10300300,221357874719.0,21490.43,1.53
Portugal,PRT,Europe,Europe,Southern Europe,2018,10283822,242313116578.0,23562.55,1.85
Portugal,PRT,Europe,Europe,Southern Europe,2019,10286263,239986922639.0,23330.82,1.83
Portugal,PRT,Europe,Europe,Southern Europe,2020,10297081,229031860521.0,22242.41,2.1
Portugal,PRT,Europe,Europe,Southern Europe,2021,10361831,255534839406.0,24661.17,2.02
Portugal,PRT,Europe,Europe,Southern Europe,2022,10434332,255196659934.0,24457.4,5.33
Puerto Rico,PRI,North America,Americas,Latin America and the Caribbean,2000,3810605,61701800000.0,16192.13,3.3
Puerto Rico,PRI,North America,Americas,Latin America and the Caribbean,2001,3818774,69208400000.0,18123.2,5.5
Puerto Rico,PRI,North America,Americas,Latin America and the Caribbean,2002,3823701,71623500000.0,18731.46,2.55
Puerto Rico,PRI,North America,Americas,Latin America and the Caribbean,2003,3826095,74827400000.0,19557.12,4.42
Puerto Rico,PRI,North America,Americas,Latin America and the Caribbean,2004,3826878,80322313000.0,20988.99,-1.29
Puerto Rico,PRI,North America,Americas,Latin America and the Caribbean,2005,3821362,83914521300.0,21959.32,6.59
Puerto Rico,PRI,North America,Americas,Latin America and the Caribbean,2006,3805214,87276164400.0,22935.94,5.49
Puerto Rico,PRI,North America,Americas,Latin America and the Caribbean,2007,3782995,89524131600.0,23664.88,3.78
Puerto Rico,PRI,North America,Americas,Latin America and the Caribbean,2008,3760866,93639300000.0,24898.33,6.56
Puerto Rico,PRI,North America,Americas,Latin America and the Caribbean,2009,3740410,96385600000.0,25768.73,4.98
Puerto Rico,PRI,North America,Americas,Latin America and the Caribbean,2010,3724465,98381300000.0,26414.88,2.49
Puerto Rico,PRI,North America,Americas,Latin America and the Caribbean,2011,3693464,100351700000.0,27170.08,2.37
Puerto Rico,PRI,North America,Americas,Latin America and the Caribbean,2012,3661045,101564800000.0,27742.02,1.18
Puerto Rico,PRI,North America,Americas,Latin America and the Caribbean,2013,3631427,102450000000.0,28212.05,1.18
Puerto Rico,PRI,North America,Americas,Latin America and the Caribbean,2014,3585017,102445800000.0,28576.1,1.2
Puerto Rico,PRI,North America,Americas,Latin America and the Caribbean,2015,3535167,103375500000.0,29242.04,1.98
Puerto Rico,PRI,North America,Americas,Latin America and the Caribbean,2016,3480432,104336700000.0,29978.09,2.22
Puerto Rico,PRI,North America,Americas,Latin America and the Caribbean,2017,3410837,103445500000.0,30328.48,2.09
Puerto Rico,PRI,North America,Americas,Latin America and the Caribbean,2018,3290690,100958100000.0,30679.92,2.05
Puerto Rico,PRI,North America,Americas,Latin America and the Caribbean,2019,3302691,105126400000.0,31830.53,2.41
Puerto Rico,PRI,North America,Americas,Latin America and the Caribbean,2020,3281590,103130900000.0,31427.11,2.38
Puerto Rico,PRI,North America,Americas,Latin America and the Caribbean,2021,3262711,106426600000.0,32619.07,2.8
Puerto Rico,PRI,North America,Americas,Latin America and the Caribbean,2022,3220137,113567200000.0,35267.82,3.03
Qatar,QAT,Asia,Asia,Western Asia,2000,644989,17759890110.0,27535.18,32.65
Qatar,QAT,Asia,Asia,Western Asia,2001,677925,17538461538.0,25870.8,-4.95
Qatar,QAT,Asia,Asia,Western Asia,2002,711205,19363736264.0,27226.66,3.01
Qatar,QAT,Asia,Asia,Western Asia,2003,744682,23533791209.0,31602.47,17.18
Qatar,QAT,Asia,Asia,Western Asia,2004,773332,31734065934.0,41035.5,13.11
Qatar,QAT,Asia,Asia,Western Asia,2005,825408,44530494505.0,53949.68,30.54
Qatar,QAT,Asia,Asia,Western Asia,2006,972831,60882142857.0,62582.45,8.36
Qatar,QAT,Asia,Asia,Western Asia,2007,1208595,79712087912.0,65954.34,10.97
Qatar,QAT,Asia,Asia,Western Asia,2008,1426938,115270054945.0,80781.4,22.9
Qatar,QAT,Asia,Asia,Western Asia,2009,1608903,97798351648.0,60785.74,-24.22
Qatar,QAT,Asia,Asia,Western Asia,2010,1616832,125122306346.0,77387.33,6.98
Qatar,QAT,Asia,Asia,Western Asia,2011,1624761,167775268626.0,103261.51,18.27
Qatar,QAT,Asia,Asia,Western Asia,2012,1722438,186833502363.0,108470.38,6.33
Qatar,QAT,Asia,Asia,Western Asia,2013,1916426,198727642967.0,103697.01,0.77
Qatar,QAT,Asia,Asia,Western Asia,2014,2151745,206224598571.0,95840.63,-1.48
Qatar,QAT,Asia,Asia,Western Asia,2015,2344557,161739955577.0,68985.29,-25.13
Qatar,QAT,Asia,Asia,Western Asia,2016,2477113,151732181868.0,61253.64,-8.98
Qatar,QAT,Asia,Asia,Western Asia,2017,2545820,161099122225.0,63279.86,7.79
Qatar,QAT,Asia,Asia,Western Asia,2018,2580734,183334953819.0,71039.85,12.41
Qatar,QAT,Asia,Asia,Western Asia,2019,2638657,176371267692.0,66841.3,-4.46
Qatar,QAT,Asia,Asia,Western Asia,2020,2794148,144411363352.0,51683.51,-15.1
Qatar,QAT,Asia,Asia,Western Asia,2021,2504910,179732009560.0,71751.88,22.47
Qatar,QAT,Asia,Asia,Western Asia,2022,2657333,235770403735.0,88724.45,25.88
Romania,ROU,Europe,Europe,Eastern Europe,2000,22442971,37253739511.0,1659.93,43.18
Romania,ROU,Europe,Europe,Eastern Europe,2001,22131970,40395116581.0,1825.19,37.96
Romania,ROU,Europe,Europe,Eastern Europe,2002,21730496,46065502703.0,2119.86,22.71
Romania,ROU,Europe,Europe,Eastern Europe,2003,21574326,57806384143.0,2679.41,23.15
Romania,ROU,Europe,Europe,Eastern Europe,2004,21451748,74973656852.0,3494.99,15.46
Romania,ROU,Europe,Europe,Eastern Europe,2005,21319685,98454380120.0,4618.0,12.01
Romania,ROU,Europe,Europe,Eastern Europe,2006,21193760,122023735993.0,5757.53,10.61
Romania,ROU,Europe,Europe,Eastern Europe,2007,20882982,174588782939.0,8360.34,15.82
Romania,ROU,Europe,Europe,Eastern Europe,2008,20537875,214317202478.0,10435.22,16.01
Romania,ROU,Europe,Europe,Eastern Europe,2009,20367487,174102268535.0,8548.05,4.09
Romania,ROU,Europe,Europe,Eastern Europe,2010,20246871,170029359011.0,8397.81,5.93
Romania,ROU,Europe,Europe,Eastern Europe,2011,20147528,192613579706.0,9560.16,3.98
Romania,ROU,Europe,Europe,Eastern Europe,2012,20058035,179132893143.0,8930.73,3.81
Romania,ROU,Europe,Europe,Eastern Europe,2013,19983693,189789258566.0,9497.21,1.39
Romania,ROU,Europe,Europe,Eastern Europe,2014,19908979,199713780259.0,10031.34,1.71
Romania,ROU,Europe,Europe,Eastern Europe,2015,19815616,177883883009.0,8976.95,3.26
Romania,ROU,Europe,Europe,Eastern Europe,2016,19702267,185287630540.0,9404.38,2.62
Romania,ROU,Europe,Europe,Eastern Europe,2017,19588715,210147163770.0,10727.97,4.65
Romania,ROU,Europe,Europe,Eastern Europe,2018,19473970,243316029944.0,12494.42,6.19
Romania,ROU,Europe,Europe,Eastern Europe,2019,19371648,251017797625.0,12958.0,6.95
Romania,ROU,Europe,Europe,Eastern Europe,2020,19265250,251362514350.0,13047.46,4.11
Romania,ROU,Europe,Europe,Eastern Europe,2021,19122059,285810244502.0,14946.62,5.61
Romania,ROU,Europe,Europe,Eastern Europe,2022,19048502,298891515898.0,15691.08,12.09
Russian Federation,RUS,Europe,Europe,Eastern Europe,2000,146596869,259710142197.0,1771.59,37.7
Russian Federation,RUS,Europe,Europe,Eastern Europe,2001,145976482,306602070621.0,2100.35,16.48
Russian Federation,RUS,Europe,Europe,Eastern Europe,2002,145306497,345470494418.0,2377.53,15.66
Russian Federation,RUS,Europe,Europe,Eastern Europe,2003,144648618,430347420185.0,2975.12,13.66
Russian Federation,RUS,Europe,Europe,Eastern Europe,2004,144067316,591016690732.0,4102.36,20.26
Russian Federation,RUS,Europe,Europe,Eastern Europe,2005,143518814,764015973481.0,5323.46,19.28
Russian Federation,RUS,Europe,Europe,Eastern Europe,2006,143049637,989932071353.0,6920.2,15.12
Russian Federation,RUS,Europe,Europe,Eastern Europe,2007,142805114,1299703478482.0,9101.24,13.84
Russian Federation,RUS,Europe,Europe,Eastern Europe,2008,142742366,1660848058303.0,11635.28,18.01
Russian Federation,RUS,Europe,Europe,Eastern Europe,2009,142785348,1222645900056.0,8562.82,1.97
Russian Federation,RUS,Europe,Europe,Eastern Europe,2010,142849468,1524916715224.0,10674.99,14.19
Russian Federation,RUS,Europe,Europe,Eastern Europe,2011,143018195,2045922753398.0,14305.33,24.46
Russian Federation,RUS,Europe,Europe,Eastern Europe,2012,143378447,2208293553878.0,15401.85,8.91
Russian Federation,RUS,Europe,Europe,Eastern Europe,2013,143805638,2292470078346.0,15941.45,5.32
Russian Federation,RUS,Europe,Europe,Eastern Europe,2014,144237223,2059241589895.0,14276.77,7.49
Russian Federation,RUS,Europe,Europe,Eastern Europe,2015,144640716,1363482182198.0,9426.68,7.25
Russian Federation,RUS,Europe,Europe,Eastern Europe,2016,145015460,1276786350881.0,8804.48,2.84
Russian Federation,RUS,Europe,Europe,Eastern Europe,2017,145293260,1574199360089.0,10834.63,5.35
Russian Federation,RUS,Europe,Europe,Eastern Europe,2018,145398106,1657328773461.0,11398.56,10.0
Russian Federation,RUS,Europe,Europe,Eastern Europe,2019,145453291,1693115002708.0,11640.27,3.26
Russian Federation,RUS,Europe,Europe,Eastern Europe,2020,145245148,1493075894362.0,10279.7,0.9
Russian Federation,RUS,Europe,Europe,Eastern Europe,2021,144746762,1843392293734.0,12735.29,19.41
Russian Federation,RUS,Europe,Europe,Eastern Europe,2022,144236933,2266029240645.0,15710.46,16.72
Rwanda,RWA,Africa,Africa,Sub-Saharan Africa,2000,8213931,2068837212.0,251.87,3.28
Rwanda,RWA,Africa,Africa,Sub-Saharan Africa,2001,8287094,1966600292.0,237.31,-0.39
Rwanda,RWA,Africa,Africa,Sub-Saharan Africa,2002,8400180,1966004243.0,234.04,-5.23
Rwanda,RWA,Africa,Africa,Sub-Saharan Africa,2003,8586875,2138237346.0,249.01,20.36
Rwanda,RWA,Africa,Africa,Sub-Saharan Africa,2004,8816844,2376495587.0,269.54,11.09
Rwanda,RWA,Africa,Africa,Sub-Saharan Africa,2005,9054528,2933819820.0,324.02,9.03
Rwanda,RWA,Africa,Africa,Sub-Saharan Africa,2006,9299246,3319783952.0,356.99,2.46
Rwanda,RWA,Africa,Africa,Sub-Saharan Africa,2007,9549933,4070508543.0,426.23,12.94
Rwanda,RWA,Africa,Africa,Sub-Saharan Africa,2008,9804269,5179853221.0,528.33,14.45
Rwanda,RWA,Africa,Africa,Sub-Saharan Africa,2009,10060432,5674476707.0,564.04,7.15
Rwanda,RWA,Africa,Africa,Sub-Saharan Africa,2010,10317553,6124756894.0,593.62,3.19
Rwanda,RWA,Africa,Africa,Sub-Saharan Africa,2011,10573733,6884912957.0,651.13,7.19
Rwanda,RWA,Africa,Africa,Sub-Saharan Africa,2012,10829901,7654762345.0,706.82,4.72
Rwanda,RWA,Africa,Africa,Sub-Saharan Africa,2013,11093340,7819963627.0,704.92,2.69
Rwanda,RWA,Africa,Africa,Sub-Saharan Africa,2014,11364757,8238966247.0,724.96,4.73
Rwanda,RWA,Africa,Africa,Sub-Saharan Africa,2015,11640022,8543759089.0,734.0,0.49
Rwanda,RWA,Africa,Africa,Sub-Saharan Africa,2016,11919183,8695272095.0,729.52,5.03
Rwanda,RWA,Africa,Africa,Sub-Saharan Africa,2017,12202060,9252834120.0,758.3,8.16
Rwanda,RWA,Africa,Africa,Sub-Saharan Africa,2018,12487996,9637904553.0,771.77,-0.6
Rwanda,RWA,Africa,Africa,Sub-Saharan Africa,2019,12776103,10349299856.0,810.05,2.47
Rwanda,RWA,Africa,Africa,Sub-Saharan Africa,2020,13065837,10174387614.0,778.7,6.71
Rwanda,RWA,Africa,Africa,Sub-Saharan Africa,2021,13355260,11069280277.0,828.83,2.86
Rwanda,RWA,Africa,Africa,Sub-Saharan Africa,2022,13651030,13316160804.0,975.47,15.91
Samoa,WSM,Oceania,Oceania,Polynesia,2000,181685,258856140.0,1424.75,2.07
Samoa,WSM,Oceania,Oceania,Polynesia,2001,183166,266299591.0,1453.87,3.37
Samoa,WSM,Oceania,Oceania,Polynesia,2002,184471,281790134.0,1527.56,1.48
Samoa,WSM,Oceania,Oceania,Polynesia,2003,185430,333426188.0,1798.12,2.55
Samoa,WSM,Oceania,Oceania,Polynesia,2004,186249,407747565.0,2189.26,7.07
Samoa,WSM,Oceania,Oceania,Polynesia,2005,186978,476801793.0,2550.04,4.0
Samoa,WSM,Oceania,Oceania,Polynesia,2006,187709,499923758.0,2663.29,5.27
Samoa,WSM,Oceania,Oceania,Polynesia,2007,188753,573548460.0,3038.62,7.49
Samoa,WSM,Oceania,Oceania,Polynesia,2008,190107,641346192.0,3373.61,9.12
Samoa,WSM,Oceania,Oceania,Polynesia,2009,191513,628006115.0,3279.18,1.68
Samoa,WSM,Oceania,Oceania,Polynesia,2010,193023,680260907.0,3524.25,-5.15
Samoa,WSM,Oceania,Oceania,Polynesia,2011,194713,744097050.0,3821.51,-0.91
Samoa,WSM,Oceania,Oceania,Polynesia,2012,196498,773141661.0,3934.6,4.03
Samoa,WSM,Oceania,Oceania,Polynesia,2013,198268,797736334.0,4023.53,2.35
Samoa,WSM,Oceania,Oceania,Polynesia,2014,200037,796683520.0,3982.68,0.85
Samoa,WSM,Oceania,Oceania,Polynesia,2015,201782,824150499.0,4084.36,3.96
Samoa,WSM,Oceania,Oceania,Polynesia,2016,203499,843924797.0,4147.07,2.24
Samoa,WSM,Oceania,Oceania,Polynesia,2017,205415,884844384.0,4307.59,0.3
Samoa,WSM,Oceania,Oceania,Polynesia,2018,207582,878448433.0,4231.81,1.1
Samoa,WSM,Oceania,Oceania,Polynesia,2019,209780,912950466.0,4351.94,1.5
Samoa,WSM,Oceania,Oceania,Polynesia,2020,211944,868898358.0,4099.66,1.22
Samoa,WSM,Oceania,Oceania,Polynesia,2021,213779,843923639.0,3947.65,-0.4
Samoa,WSM,Oceania,Oceania,Polynesia,2022,215261,832945206.0,3869.47,5.64
San Marino,SMR,Europe,Europe,Southern Europe,2000,26799,1005159388.0,37507.35,2.57
San Marino,SMR,Europe,Europe,Southern Europe,2001,27143,1077413479.0,39693.97,2.7
San Marino,SMR,Europe,Europe,Southern Europe,2002,27491,1168269231.0,42496.43,2.39
San Marino,SMR,Europe,Europe,Southern Europe,2003,27843,1464326161.0,52592.26,2.45
San Marino,SMR,Europe,Europe,Southern Europe,2004,29457,1723750000.0,58517.5,2.01
San Marino,SMR,Europe,Europe,Southern Europe,2005,29836,1785847531.0,59855.46,1.67
San Marino,SMR,Europe,Europe,Southern Europe,2006,30184,1908167106.0,63217.83,2.01
San Marino,SMR,Europe,Europe,Southern Europe,2007,31211,2185874624.0,70035.39,-1.97
San Marino,SMR,Europe,Europe,Southern Europe,2008,31662,2393437820.0,75593.39,2.83
San Marino,SMR,Europe,Europe,Southern Europe,2009,33066,2056126702.0,62182.5,1.0
San Marino,SMR,Europe,Europe,Southern Europe,2010,33270,1881191950.0,56543.19,1.43
San Marino,SMR,Europe,Europe,Southern Europe,2011,32620,1813717695.0,55601.4,0.15
San Marino,SMR,Europe,Europe,Southern Europe,2012,33469,1604701051.0,47945.89,3.12
San Marino,SMR,Europe,Europe,Southern Europe,2013,33041,1678741202.0,50807.82,2.0
San Marino,SMR,Europe,Europe,Southern Europe,2014,32655,1673910988.0,51260.48,0.39
San Marino,SMR,Europe,Europe,Southern Europe,2015,32897,1419400404.0,43146.8,-0.74
San Marino,SMR,Europe,Europe,Southern Europe,2016,33101,1468342431.0,44359.46,1.32
San Marino,SMR,Europe,Europe,Southern Europe,2017,33825,1528621195.0,45192.05,1.74
San Marino,SMR,Europe,Europe,Southern Europe,2018,34522,1655354304.0,47950.71,2.06
San Marino,SMR,Europe,Europe,Southern Europe,2019,34663,1616188702.0,46625.76,0.91
San Marino,SMR,Europe,Europe,Southern Europe,2020,34770,1541247884.0,44326.95,0.34
San Marino,SMR,Europe,Europe,Southern Europe,2021,34252,1855382833.0,54168.6,1.84
Sao Tome and Principe,STP,Africa,Africa,Sub-Saharan Africa,2000,144018,76198395.0,529.09,9.98
Sao Tome and Principe,STP,Africa,Africa,Sub-Saharan Africa,2001,146375,75951133.0,518.88,7.18
Sao Tome and Principe,STP,Africa,Africa,Sub-Saharan Africa,2002,149922,85171074.0,568.1,11.51
Sao Tome and Principe,STP,Africa,Africa,Sub-Saharan Africa,2003,153814,102085769.0,663.7,13.84
Sao Tome and Principe,STP,Africa,Africa,Sub-Saharan Africa,2004,157705,114582284.0,726.56,14.84
Sao Tome and Principe,STP,Africa,Africa,Sub-Saharan Africa,2005,161639,136450662.0,844.17,19.09
Sao Tome and Principe,STP,Africa,Africa,Sub-Saharan Africa,2006,165638,142775104.0,861.97,13.32
Sao Tome and Principe,STP,Africa,Africa,Sub-Saharan Africa,2007,169700,149146919.0,878.89,9.6
Sao Tome and Principe,STP,Africa,Africa,Sub-Saharan Africa,2008,173793,188021165.0,1081.87,28.83
Sao Tome and Principe,STP,Africa,Africa,Sub-Saharan Africa,2009,177853,200668065.0,1128.28,13.95
Sao Tome and Principe,STP,Africa,Africa,Sub-Saharan Africa,2010,181802,190021192.0,1045.21,6.97
Sao Tome and Principe,STP,Africa,Africa,Sub-Saharan Africa,2011,185649,226455001.0,1219.8,11.68
Sao Tome and Principe,STP,Africa,Africa,Sub-Saharan Africa,2012,189439,229371348.0,1210.79,6.47
Sao Tome and Principe,STP,Africa,Africa,Sub-Saharan Africa,2013,193148,267041748.0,1382.58,7.2
Sao Tome and Principe,STP,Africa,Africa,Sub-Saharan Africa,2014,196767,293119143.0,1489.68,4.62
Sao Tome and Principe,STP,Africa,Africa,Sub-Saharan Africa,2015,200291,259999643.0,1298.11,4.5
Sao Tome and Principe,STP,Africa,Africa,Sub-Saharan Africa,2016,203689,292267272.0,1434.87,7.05
Sao Tome and Principe,STP,Africa,Africa,Sub-Saharan Africa,2017,206970,322002845.0,1555.79,4.08
Sao Tome and Principe,STP,Africa,Africa,Sub-Saharan Africa,2018,210187,383717328.0,1825.6,8.92
Sao Tome and Principe,STP,Africa,Africa,Sub-Saharan Africa,2019,213392,412976064.0,1935.29,11.26
Sao Tome and Principe,STP,Africa,Africa,Sub-Saharan Africa,2020,217435,471229485.0,2167.22,9.27
Sao Tome and Principe,STP,Africa,Africa,Sub-Saharan Africa,2021,221961,524402451.0,2362.59,5.16
Sao Tome and Principe,STP,Africa,Africa,Sub-Saharan Africa,2022,226305,542686976.0,2398.03,15.78
Saudi Arabia,SAU,Asia,Asia,Western Asia,2000,16177722,189514933333.0,11714.56,11.91
Saudi Arabia,SAU,Asia,Asia,Western Asia,2001,17041397,184137600000.0,10805.31,-3.17
Saudi Arabia,SAU,Asia,Asia,Western Asia,2002,17910910,189605866667.0,10586.05,3.68
Saudi Arabia,SAU,Asia,Asia,Western Asia,2003,18786767,215807733333.0,11487.22,4.64
Saudi Arabia,SAU,Asia,Asia,Western Asia,2004,19669480,258742133333.0,13154.5,10.37
Saudi Arabia,SAU,Asia,Asia,Western Asia,2005,20559890,328459608764.0,15975.75,19.73
Saudi Arabia,SAU,Asia,Asia,Western Asia,2006,21459144,376900133511.0,17563.61,11.01
Saudi Arabia,SAU,Asia,Asia,Western Asia,2007,22368313,415964509673.0,18596.15,8.05
Saudi Arabia,SAU,Asia,Asia,Western Asia,2008,23287877,519796800000.0,22320.49,17.7
Saudi Arabia,SAU,Asia,Asia,Western Asia,2009,24217654,429097866667.0,17718.39,-16.56
Saudi Arabia,SAU,Asia,Asia,Western Asia,2010,23978487,528207200000.0,22028.38,17.19
Saudi Arabia,SAU,Asia,Asia,Western Asia,2011,25091867,676634666667.0,26966.29,15.41
Saudi Arabia,SAU,Asia,Asia,Western Asia,2012,26168861,741849866667.0,28348.57,4.01
Saudi Arabia,SAU,Asia,Asia,Western Asia,2013,27624004,753864533333.0,27290.2,-0.89
Saudi Arabia,SAU,Asia,Asia,Western Asia,2014,28309273,766605866667.0,27079.67,-2.04
Saudi Arabia,SAU,Asia,Asia,Western Asia,2015,29816382,669484266667.0,22453.57,-16.44
Saudi Arabia,SAU,Asia,Asia,Western Asia,2016,30954198,666000000000.0,21515.66,-2.36
Saudi Arabia,SAU,Asia,Asia,Western Asia,2017,30977355,714994666667.0,23081.2,6.39
Saudi Arabia,SAU,Asia,Asia,Western Asia,2018,30196281,846583733333.0,28036.03,14.73
Saudi Arabia,SAU,Asia,Asia,Western Asia,2019,30063799,838564800000.0,27892.84,-2.02
Saudi Arabia,SAU,Asia,Asia,Western Asia,2020,31552510,734271200000.0,23271.4,-9.18
Saudi Arabia,SAU,Asia,Asia,Western Asia,2021,30784383,874156000000.0,28396.09,13.3
Saudi Arabia,SAU,Asia,Asia,Western Asia,2022,32175224,1108571466667.0,34454.2,17.98
Senegal,SEN,Africa,Africa,Sub-Saharan Africa,2000,9968260,6013185004.0,603.23,1.31
Senegal,SEN,Africa,Africa,Sub-Saharan Africa,2001,10212942,6507824829.0,637.21,6.99
Senegal,SEN,Africa,Africa,Sub-Saharan Africa,2002,10466214,7006402320.0,669.43,1.9
Senegal,SEN,Africa,Africa,Sub-Saharan Africa,2003,10721176,8768721563.0,817.89,-0.92
Senegal,SEN,Africa,Africa,Sub-Saharan Africa,2004,10975704,10076816667.0,918.1,-0.13
Senegal,SEN,Africa,Africa,Sub-Saharan Africa,2005,11235472,11009033438.0,979.85,4.72
Senegal,SEN,Africa,Africa,Sub-Saharan Africa,2006,11500094,11697918243.0,1017.2,2.89
Senegal,SEN,Africa,Africa,Sub-Saharan Africa,2007,11770344,13994218413.0,1188.94,6.59
Senegal,SEN,Africa,Africa,Sub-Saharan Africa,2008,12048959,16853989628.0,1398.79,8.22
Senegal,SEN,Africa,Africa,Sub-Saharan Africa,2009,12337389,16145867495.0,1308.69,-1.69
Senegal,SEN,Africa,Africa,Sub-Saharan Africa,2010,12635413,16121315909.0,1275.88,1.6
Senegal,SEN,Africa,Africa,Sub-Saharan Africa,2011,12958897,17814283639.0,1374.68,3.86
Senegal,SEN,Africa,Africa,Sub-Saharan Africa,2012,13310495,17660870412.0,1326.84,3.27
Senegal,SEN,Africa,Africa,Sub-Saharan Africa,2013,13710849,18918667725.0,1379.83,1.19
Senegal,SEN,Africa,Africa,Sub-Saharan Africa,2014,14152102,19797253440.0,1398.89,-1.52
Senegal,SEN,Africa,Africa,Sub-Saharan Africa,2015,14593331,17774766696.0,1218.01,1.07
Senegal,SEN,Africa,Africa,Sub-Saharan Africa,2016,15034521,19040312333.0,1266.44,0.96
Senegal,SEN,Africa,Africa,Sub-Saharan Africa,2017,15475002,20996562944.0,1356.81,0.6
Senegal,SEN,Africa,Africa,Sub-Saharan Africa,2018,15914498,23116701556.0,1452.56,-0.84
Senegal,SEN,Africa,Africa,Sub-Saharan Africa,2019,16352922,23403995992.0,1431.18,2.09
Senegal,SEN,Africa,Africa,Sub-Saharan Africa,2020,16789219,24530513038.0,1461.09,1.6
Senegal,SEN,Africa,Africa,Sub-Saharan Africa,2021,17220867,27520784130.0,1598.11,1.45
Senegal,SEN,Africa,Africa,Sub-Saharan Africa,2022,17651103,27619479060.0,1564.75,8.73
Serbia,SRB,Europe,Europe,Southern Europe,2000,7516346,6875845987.0,914.79,79.22
Serbia,SRB,Europe,Europe,Southern Europe,2001,7503433,12960546471.0,1727.28,84.15
Serbia,SRB,Europe,Europe,Southern Europe,2002,7500031,17120906918.0,2282.78,19.1
Serbia,SRB,Europe,Europe,Southern Europe,2003,7480591,22482365322.0,3005.43,12.53
Serbia,SRB,Europe,Europe,Southern Europe,2004,7463157,26141968161.0,3502.8,8.13
Serbia,SRB,Europe,Europe,Southern Europe,2005,7440769,27683225959.0,3720.48,13.89
Serbia,SRB,Europe,Europe,Southern Europe,2006,7411569,32482070360.0,4382.62,13.84
Serbia,SRB,Europe,Europe,Southern Europe,2007,7381579,43170990616.0,5848.48,8.83
Serbia,SRB,Europe,Europe,Southern Europe,2008,7350222,52194221469.0,7101.04,9.5
Serbia,SRB,Europe,Europe,Southern Europe,2009,7320807,45162894381.0,6169.11,8.44
Serbia,SRB,Europe,Europe,Southern Europe,2010,7291436,41819468692.0,5735.42,4.95
Serbia,SRB,Europe,Europe,Southern Europe,2011,7236519,49258136129.0,6806.88,11.0
Serbia,SRB,Europe,Europe,Southern Europe,2012,7201497,43309252921.0,6013.92,6.04
Serbia,SRB,Europe,Europe,Southern Europe,2013,7166553,48394239475.0,6752.79,7.8
Serbia,SRB,Europe,Europe,Southern Europe,2014,7131787,47062202419.0,6598.94,2.91
Serbia,SRB,Europe,Europe,Southern Europe,2015,7095383,39655949731.0,5588.98,2.17
Serbia,SRB,Europe,Europe,Southern Europe,2016,7058322,40692661657.0,5765.2,1.54
Serbia,SRB,Europe,Europe,Southern Europe,2017,7020858,44179075779.0,6292.55,3.0
Serbia,SRB,Europe,Europe,Southern Europe,2018,6982604,50640662859.0,7252.4,2.0
Serbia,SRB,Europe,Europe,Southern Europe,2019,6945235,51514242939.0,7417.21,2.35
Serbia,SRB,Europe,Europe,Southern Europe,2020,6899126,53356484591.0,7733.8,2.65
Serbia,SRB,Europe,Europe,Southern Europe,2021,6834326,63101042898.0,9232.96,5.68
Serbia,SRB,Europe,Europe,Southern Europe,2022,6664449,63563410721.0,9537.68,10.52
Seychelles,SYC,Africa,Africa,Sub-Saharan Africa,2000,81131,654212394.0,8063.66,1.25
Seychelles,SYC,Africa,Africa,Sub-Saharan Africa,2001,81202,662064156.0,8153.3,6.16
Seychelles,SYC,Africa,Africa,Sub-Saharan Africa,2002,83723,742134838.0,8864.17,3.61
Seychelles,SYC,Africa,Africa,Sub-Saharan Africa,2003,82781,750847230.0,9070.28,5.95
Seychelles,SYC,Africa,Africa,Sub-Saharan Africa,2004,82475,893012218.0,10827.67,24.67
Seychelles,SYC,Africa,Africa,Sub-Saharan Africa,2005,82858,977899382.0,11802.11,0.46
Seychelles,SYC,Africa,Africa,Sub-Saharan Africa,2006,84600,1081441283.0,12782.99,1.44
Seychelles,SYC,Africa,Africa,Sub-Saharan Africa,2007,85033,1077308814.0,12669.3,11.08
Seychelles,SYC,Africa,Africa,Sub-Saharan Africa,2008,86956,979597394.0,11265.44,31.93
Seychelles,SYC,Africa,Africa,Sub-Saharan Africa,2009,87298,850901620.0,9747.09,28.18
Seychelles,SYC,Africa,Africa,Sub-Saharan Africa,2010,89770,981616542.0,10934.79,-2.12
Seychelles,SYC,Africa,Africa,Sub-Saharan Africa,2011,87441,1058918707.0,12110.09,1.06
Seychelles,SYC,Africa,Africa,Sub-Saharan Africa,2012,88303,1089407839.0,12337.16,10.44
Seychelles,SYC,Africa,Africa,Sub-Saharan Africa,2013,89949,1333160407.0,14821.29,5.64
Seychelles,SYC,Africa,Africa,Sub-Saharan Africa,2014,91359,1387577870.0,15188.19,6.44
Seychelles,SYC,Africa,Africa,Sub-Saharan Africa,2015,93419,1432403352.0,15333.11,-1.0
Seychelles,SYC,Africa,Africa,Sub-Saharan Africa,2016,94677,1568513348.0,16566.99,-2.29
Seychelles,SYC,Africa,Africa,Sub-Saharan Africa,2017,95843,1675370641.0,17480.37,2.33
Seychelles,SYC,Africa,Africa,Sub-Saharan Africa,2018,96762,1784313927.0,18440.23,3.45
Seychelles,SYC,Africa,Africa,Sub-Saharan Africa,2019,97625,1868690097.0,19141.51,0.13
Seychelles,SYC,Africa,Africa,Sub-Saharan Africa,2020,98462,1382551752.0,14041.48,5.23
Seychelles,SYC,Africa,Africa,Sub-Saharan Africa,2021,99258,1487173795.0,14982.91,2.75
Seychelles,SYC,Africa,Africa,Sub-Saharan Africa,2022,119878,2057968520.0,17167.19,1.52
Sierra Leone,SLE,Africa,Africa,Sub-Saharan Africa,2000,4423611,635874002.0,143.75,3.28
Sierra Leone,SLE,Africa,Africa,Sub-Saharan Africa,2001,4692716,1074851475.0,229.05,168.05
Sierra Leone,SLE,Africa,Africa,Sub-Saharan Africa,2002,4971435,1236235827.0,248.67,-3.93
Sierra Leone,SLE,Africa,Africa,Sub-Saharan Africa,2003,5177687,1369685677.0,264.54,13.2
Sierra Leone,SLE,Africa,Africa,Sub-Saharan Africa,2004,5355717,1430217081.0,267.04,12.83
Sierra Leone,SLE,Africa,Africa,Sub-Saharan Africa,2005,5501712,1627058425.0,295.74,16.62
Sierra Leone,SLE,Africa,Africa,Sub-Saharan Africa,2006,5624466,1862116291.0,331.07,12.49
Sierra Leone,SLE,Africa,Africa,Sub-Saharan Africa,2007,5749352,2126679544.0,369.9,6.6
Sierra Leone,SLE,Africa,Africa,Sub-Saharan Africa,2008,5894722,2451896435.0,415.95,9.21
Sierra Leone,SLE,Africa,Africa,Sub-Saharan Africa,2009,6055646,2419014960.0,399.46,8.55
Sierra Leone,SLE,Africa,Africa,Sub-Saharan Africa,2010,6222714,2578159804.0,414.31,17.43
Sierra Leone,SLE,Africa,Africa,Sub-Saharan Africa,2011,6387251,2932274309.0,459.08,17.3
Sierra Leone,SLE,Africa,Africa,Sub-Saharan Africa,2012,6551080,3789251613.0,578.42,12.04
Sierra Leone,SLE,Africa,Africa,Sub-Saharan Africa,2013,6714051,4920343317.0,732.84,6.96
Sierra Leone,SLE,Africa,Africa,Sub-Saharan Africa,2014,6876385,5015180725.0,729.33,1.8
Sierra Leone,SLE,Africa,Africa,Sub-Saharan Africa,2015,7037655,4252029354.0,604.18,19.64
Sierra Leone,SLE,Africa,Africa,Sub-Saharan Africa,2016,7205328,3862721266.0,536.09,5.85
Sierra Leone,SLE,Africa,Africa,Sub-Saharan Africa,2017,7379299,3719443418.0,504.04,8.96
Sierra Leone,SLE,Africa,Africa,Sub-Saharan Africa,2018,7554563,4085114388.0,540.75,14.01
Sierra Leone,SLE,Africa,Africa,Sub-Saharan Africa,2019,7731991,4076578699.0,527.24,9.92
Sierra Leone,SLE,Africa,Africa,Sub-Saharan Africa,2020,7912558,4062906266.0,513.48,13.28
Sierra Leone,SLE,Africa,Africa,Sub-Saharan Africa,2021,8094602,4249234704.0,524.95,7.43
Sierra Leone,SLE,Africa,Africa,Sub-Saharan Africa,2022,8276807,4094563859.0,494.7,26.95
Singapore,SGP,Asia,Asia,South-eastern Asia,2000,4027887,96076539926.0,23852.84,3.86
Singapore,SGP,Asia,Asia,South-eastern Asia,2001,4138012,89793790670.0,21699.74,-1.81
Singapore,SGP,Asia,Asia,South-eastern Asia,2002,4175950,92538372870.0,22159.84,-0.9
Singapore,SGP,Asia,Asia,South-eastern Asia,2003,4114826,97646401096.0,23730.38,-1.8
Singapore,SGP,Asia,Asia,South-eastern Asia,2004,4166664,115033593101.0,27608.08,3.96
Singapore,SGP,Asia,Asia,South-eastern Asia,2005,4265762,127807848728.0,29961.32,1.9
Singapore,SGP,Asia,Asia,South-eastern Asia,2006,4401365,148627286361.0,33768.45,1.84
Singapore,SGP,Asia,Asia,South-eastern Asia,2007,4588599,180941701358.0,39432.89,5.92
Singapore,SGP,Asia,Asia,South-eastern Asia,2008,4839396,193617323539.0,40008.57,-1.38
Singapore,SGP,Asia,Asia,South-eastern Asia,2009,4987573,194150283772.0,38926.81,2.95
Singapore,SGP,Asia,Asia,South-eastern Asia,2010,5076732,239807980591.0,47236.68,1.11
Singapore,SGP,Asia,Asia,South-eastern Asia,2011,5183688,279356499090.0,53891.46,1.17
Singapore,SGP,Asia,Asia,South-eastern Asia,2012,5312437,295092888077.0,55547.56,0.5
Singapore,SGP,Asia,Asia,South-eastern Asia,2013,5399162,307576360585.0,56967.43,-0.43
Singapore,SGP,Asia,Asia,South-eastern Asia,2014,5469724,314863580758.0,57564.8,-0.27
Singapore,SGP,Asia,Asia,South-eastern Asia,2015,5535002,307998545269.0,55645.61,3.07
Singapore,SGP,Asia,Asia,South-eastern Asia,2016,5607283,319053943915.0,56899.92,0.49
Singapore,SGP,Asia,Asia,South-eastern Asia,2017,5612253,343257164582.0,61162.1,2.89
Singapore,SGP,Asia,Asia,South-eastern Asia,2018,5638676,376892697588.0,66840.64,3.6
Singapore,SGP,Asia,Asia,South-eastern Asia,2019,5703569,376901649222.0,66081.72,-0.2
Singapore,SGP,Asia,Asia,South-eastern Asia,2020,5685807,349488382611.0,61466.8,-2.44
Singapore,SGP,Asia,Asia,South-eastern Asia,2021,5453566,434111559283.0,79601.41,10.26
Singapore,SGP,Asia,Asia,South-eastern Asia,2022,5637022,498474540988.0,88428.7,13.48
Sint Maarten (Dutch part),SXM,North America,Americas,Latin America and the Caribbean,2011,34267,936089385.0,27317.52,0.3
Sint Maarten (Dutch part),SXM,North America,Americas,Latin America and the Caribbean,2012,35023,985865922.0,28149.1,3.87
Sint Maarten (Dutch part),SXM,North America,Americas,Latin America and the Caribbean,2013,35854,1022905028.0,28529.73,2.42
Sint Maarten (Dutch part),SXM,North America,Americas,Latin America and the Caribbean,2014,36672,1361811508.0,37134.91,31.06
Sint Maarten (Dutch part),SXM,North America,Americas,Latin America and the Caribbean,2015,37471,1417888715.0,37839.63,4.01
Sint Maarten (Dutch part),SXM,North America,Americas,Latin America and the Caribbean,2016,38249,1427017207.0,37308.61,-0.32
Sint Maarten (Dutch part),SXM,North America,Americas,Latin America and the Caribbean,2017,38996,1353212123.0,34701.31,2.56
Sint Maarten (Dutch part),SXM,North America,Americas,Latin America and the Caribbean,2018,39712,1259200447.0,31708.31,-0.1
Sint Maarten (Dutch part),SXM,North America,Americas,Latin America and the Caribbean,2019,40385,1407880447.0,34861.47,0.76
Sint Maarten (Dutch part),SXM,North America,Americas,Latin America and the Caribbean,2020,41008,1236428101.0,30150.9,1.31
Sint Maarten (Dutch part),SXM,North America,Americas,Latin America and the Caribbean,2021,41571,1353071061.0,32548.44,4.64
Sint Maarten (Dutch part),SXM,North America,Americas,Latin America and the Caribbean,2022,42139,1537088715.0,36476.63,3.46
Slovak Republic,SVK,Europe,Europe,Eastern Europe,2000,5388720,29242558797.0,5426.62,9.68
Slovak Republic,SVK,Europe,Europe,Eastern Europe,2001,5378867,30778781607.0,5722.17,5.38
Slovak Republic,SVK,Europe,Europe,Eastern Europe,2002,5376912,35297794386.0,6564.7,4.05
Slovak Republic,SVK,Europe,Europe,Eastern Europe,2003,5373374,46919965224.0,8731.94,5.45
Slovak Republic,SVK,Europe,Europe,Eastern Europe,2004,5372280,57437444469.0,10691.45,5.91
Slovak Republic,SVK,Europe,Europe,Eastern Europe,2005,5372807,62808723477.0,11690.11,2.65
Slovak Republic,SVK,Europe,Europe,Eastern Europe,2006,5373054,70767338922.0,13170.78,2.9
Slovak Republic,SVK,Europe,Europe,Eastern Europe,2007,5374622,86563986799.0,16106.06,1.18
Slovak Republic,SVK,Europe,Europe,Eastern Europe,2008,5379233,100879902985.0,18753.58,2.99
Slovak Republic,SVK,Europe,Europe,Eastern Europe,2009,5386406,89399303222.0,16597.21,-1.12
Slovak Republic,SVK,Europe,Europe,Eastern Europe,2010,5391428,91162836320.0,16908.85,0.47
Slovak Republic,SVK,Europe,Europe,Eastern Europe,2011,5398384,99922685425.0,18509.74,1.62
Slovak Republic,SVK,Europe,Europe,Eastern Europe,2012,5407579,94623731086.0,17498.35,1.34
Slovak Republic,SVK,Europe,Europe,Eastern Europe,2013,5413393,98935222175.0,18276.01,0.53
Slovak Republic,SVK,Europe,Europe,Eastern Europe,2014,5418649,101437045020.0,18719.99,-0.13
Slovak Republic,SVK,Europe,Europe,Eastern Europe,2015,5423801,88900883131.0,16390.88,-0.19
Slovak Republic,SVK,Europe,Europe,Eastern Europe,2016,5430798,89952699525.0,16563.44,-0.39
Slovak Republic,SVK,Europe,Europe,Eastern Europe,2017,5439232,95649966261.0,17585.2,1.18
Slovak Republic,SVK,Europe,Europe,Eastern Europe,2018,5446771,106137924016.0,19486.39,2.11
Slovak Republic,SVK,Europe,Europe,Eastern Europe,2019,5454147,105711680181.0,19381.89,2.4
Slovak Republic,SVK,Europe,Europe,Eastern Europe,2020,5458827,106737868874.0,19553.26,2.41
Slovak Republic,SVK,Europe,Europe,Eastern Europe,2021,5447247,118563266602.0,21765.72,2.24
Slovak Republic,SVK,Europe,Europe,Eastern Europe,2022,5431752,115584743574.0,21279.46,7.49
Slovenia,SVN,Europe,Europe,Southern Europe,2000,1988925,20289627637.0,10201.3,5.54
Slovenia,SVN,Europe,Europe,Southern Europe,2001,1992060,20876309970.0,10479.76,8.7
Slovenia,SVN,Europe,Europe,Southern Europe,2002,1994530,23489890274.0,11777.16,7.62
Slovenia,SVN,Europe,Europe,Southern Europe,2003,1995733,29634713641.0,14849.04,5.66
Slovenia,SVN,Europe,Europe,Southern Europe,2004,1997012,34414784504.0,17233.14,3.36
Slovenia,SVN,Europe,Europe,Southern Europe,2005,2000474,36206395971.0,18098.91,1.5
Slovenia,SVN,Europe,Europe,Southern Europe,2006,2006868,39481045038.0,19672.97,2.22
Slovenia,SVN,Europe,Europe,Southern Europe,2007,2018122,48067401207.0,23817.89,4.2
Slovenia,SVN,Europe,Europe,Southern Europe,2008,2021316,55779427740.0,27595.6,4.51
Slovenia,SVN,Europe,Europe,Southern Europe,2009,2039669,50567734886.0,24792.13,2.73
Slovenia,SVN,Europe,Europe,Southern Europe,2010,2048583,48208240226.0,23532.48,-0.49
Slovenia,SVN,Europe,Europe,Southern Europe,2011,2052843,51583869785.0,25128.02,1.36
Slovenia,SVN,Europe,Europe,Southern Europe,2012,2057159,46577793184.0,22641.81,0.63
Slovenia,SVN,Europe,Europe,Southern Europe,2013,2059953,48415657265.0,23503.28,1.13
Slovenia,SVN,Europe,Europe,Southern Europe,2014,2061980,49997186439.0,24247.17,0.63
Slovenia,SVN,Europe,Europe,Southern Europe,2015,2063531,43107506024.0,20890.17,0.87
Slovenia,SVN,Europe,Europe,Southern Europe,2016,2065042,44766722791.0,21678.36,0.89
Slovenia,SVN,Europe,Europe,Southern Europe,2017,2066388,48589100043.0,23514.03,1.29
Slovenia,SVN,Europe,Europe,Southern Europe,2018,2073894,54177882426.0,26123.75,2.18
Slovenia,SVN,Europe,Europe,Southern Europe,2019,2088385,54386654314.0,26042.45,2.34
Slovenia,SVN,Europe,Europe,Southern Europe,2020,2102419,53734526854.0,25558.43,1.19
Slovenia,SVN,Europe,Europe,Southern Europe,2021,2108079,61832201544.0,29331.06,2.69
Slovenia,SVN,Europe,Europe,Southern Europe,2022,2112076,60063475466.0,28438.12,6.52
Solomon Islands,SLB,Oceania,Oceania,Melanesia,2000,440469,419842674.0,953.17,5.56
Solomon Islands,SLB,Oceania,Oceania,Melanesia,2001,449125,409508553.0,911.79,9.91
Solomon Islands,SLB,Oceania,Oceania,Melanesia,2002,457671,346406739.0,756.89,11.28
Solomon Islands,SLB,Oceania,Oceania,Melanesia,2003,466154,417668983.0,895.99,25.89
Solomon Islands,SLB,Oceania,Oceania,Melanesia,2004,474611,468005319.0,986.08,3.76
Solomon Islands,SLB,Oceania,Oceania,Melanesia,2005,483080,552864570.0,1144.46,10.7
Solomon Islands,SLB,Oceania,Oceania,Melanesia,2006,491594,617258154.0,1255.63,8.34
Solomon Islands,SLB,Oceania,Oceania,Melanesia,2007,500156,695295348.0,1390.16,9.29
Solomon Islands,SLB,Oceania,Oceania,Melanesia,2008,508790,776337692.0,1525.85,6.43
Solomon Islands,SLB,Oceania,Oceania,Melanesia,2009,518141,805557563.0,1554.71,4.87
Solomon Islands,SLB,Oceania,Oceania,Melanesia,2010,532968,898133685.0,1685.15,1.75
Solomon Islands,SLB,Oceania,Oceania,Melanesia,2011,552945,1063895361.0,1924.05,4.48
Solomon Islands,SLB,Oceania,Oceania,Melanesia,2012,573606,1185215418.0,2066.25,4.65
Solomon Islands,SLB,Oceania,Oceania,Melanesia,2013,594945,1285911586.0,2161.4,2.35
Solomon Islands,SLB,Oceania,Oceania,Melanesia,2014,616908,1335571421.0,2164.94,3.67
Solomon Islands,SLB,Oceania,Oceania,Melanesia,2015,639415,1307909888.0,2045.48,3.36
Solomon Islands,SLB,Oceania,Oceania,Melanesia,2016,662379,1379490304.0,2082.63,0.34
Solomon Islands,SLB,Oceania,Oceania,Melanesia,2017,685672,1469789119.0,2143.57,2.58
Solomon Islands,SLB,Oceania,Oceania,Melanesia,2018,709101,1615478393.0,2278.21,7.86
Solomon Islands,SLB,Oceania,Oceania,Melanesia,2019,728147,1619155017.0,2223.67,1.24
Solomon Islands,SLB,Oceania,Oceania,Melanesia,2020,744498,1536145814.0,2063.33,-1.33
Solomon Islands,SLB,Oceania,Oceania,Melanesia,2021,762591,1522794913.0,1996.87,-5.5
Solomon Islands,SLB,Oceania,Oceania,Melanesia,2022,781066,1566360686.0,2005.41,2.02
Somalia,SOM,Africa,Africa,Sub-Saharan Africa,2000,8838713,3412797450.0,386.12,14.61
Somalia,SOM,Africa,Africa,Sub-Saharan Africa,2001,9198493,2252847465.0,244.91,8.24
Somalia,SOM,Africa,Africa,Sub-Saharan Africa,2002,9550063,2192684135.0,229.6,7.72
Somalia,SOM,Africa,Africa,Sub-Saharan Africa,2003,9909157,2836724352.0,286.27,6.28
Somalia,SOM,Africa,Africa,Sub-Saharan Africa,2004,10280998,3859592813.0,375.41,6.8
Somalia,SOM,Africa,Africa,Sub-Saharan Africa,2005,10644228,4683246454.0,439.98,16.06
Somalia,SOM,Africa,Africa,Sub-Saharan Africa,2006,10975502,5026743282.0,458.0,-6.87
Somalia,SOM,Africa,Africa,Sub-Saharan Africa,2007,11322582,5430713729.0,479.64,3.52
Somalia,SOM,Africa,Africa,Sub-Saharan Africa,2008,11663084,5913620293.0,507.04,2.06
Somalia,SOM,Africa,Africa,Sub-Saharan Africa,2009,11961201,2948594552.0,246.51,2.38
Somalia,SOM,Africa,Africa,Sub-Saharan Africa,2010,12261756,2687807004.0,219.2,-15.35
Somalia,SOM,Africa,Africa,Sub-Saharan Africa,2011,12348830,2906000097.0,235.33,-2.89
Somalia,SOM,Africa,Africa,Sub-Saharan Africa,2012,12461160,4041702389.0,324.34,5.77
Somalia,SOM,Africa,Africa,Sub-Saharan Africa,2013,12869594,5836021227.0,453.47,-10.47
Somalia,SOM,Africa,Africa,Sub-Saharan Africa,2014,13339491,6537360533.0,490.08,8.92
Somalia,SOM,Africa,Africa,Sub-Saharan Africa,2015,13806963,6984947145.0,505.9,6.95
Somalia,SOM,Africa,Africa,Sub-Saharan Africa,2016,14348740,7390796617.0,515.08,4.08
Somalia,SOM,Africa,Africa,Sub-Saharan Africa,2017,14916629,8252394373.0,553.23,0.6
Somalia,SOM,Africa,Africa,Sub-Saharan Africa,2018,15452487,8278212314.0,535.72,4.98
Somalia,SOM,Africa,Africa,Sub-Saharan Africa,2019,16030971,9420431258.0,587.64,11.86
Somalia,SOM,Africa,Africa,Sub-Saharan Africa,2020,16651191,9204140383.0,552.76,5.37
Somalia,SOM,Africa,Africa,Sub-Saharan Africa,2021,17271431,9838711529.0,569.65,7.39
Somalia,SOM,Africa,Africa,Sub-Saharan Africa,2022,17801897,10419541202.0,585.31,7.91
South Africa,ZAF,Africa,Africa,Sub-Saharan Africa,2000,47159719,151752757215.0,3217.85,9.18
South Africa,ZAF,Africa,Africa,Sub-Saharan Africa,2001,47566800,135429905923.0,2847.15,7.8
South Africa,ZAF,Africa,Africa,Sub-Saharan Africa,2002,48019415,129087556612.0,2688.24,12.54
South Africa,ZAF,Africa,Africa,Sub-Saharan Africa,2003,48500348,197018965309.0,4062.22,6.4
South Africa,ZAF,Africa,Africa,Sub-Saharan Africa,2004,48991421,255806908595.0,5221.46,6.04
South Africa,ZAF,Africa,Africa,Sub-Saharan Africa,2005,49490033,288867217197.0,5836.88,5.6
South Africa,ZAF,Africa,Africa,Sub-Saharan Africa,2006,49998277,303858675364.0,6077.38,6.06
South Africa,ZAF,Africa,Africa,Sub-Saharan Africa,2007,50528584,333077117254.0,6591.86,8.25
South Africa,ZAF,Africa,Africa,Sub-Saharan Africa,2008,51114599,316131258616.0,6184.75,7.85
South Africa,ZAF,Africa,Africa,Sub-Saharan Africa,2009,51728516,329754060647.0,6374.71,8.66
South Africa,ZAF,Africa,Africa,Sub-Saharan Africa,2010,52344051,417363822802.0,7973.47,6.13
South Africa,ZAF,Africa,Africa,Sub-Saharan Africa,2011,52995205,458199494831.0,8646.06,5.54
South Africa,ZAF,Africa,Africa,Sub-Saharan Africa,2012,53782567,434400545086.0,8076.98,4.69
South Africa,ZAF,Africa,Africa,Sub-Saharan Africa,2013,54678791,400886013596.0,7331.65,5.84
South Africa,ZAF,Africa,Africa,Sub-Saharan Africa,2014,55594838,381198869776.0,6856.73,5.37
South Africa,ZAF,Africa,Africa,Sub-Saharan Africa,2015,56723537,346709790459.0,6112.27,5.55
South Africa,ZAF,Africa,Africa,Sub-Saharan Africa,2016,57259551,323585509674.0,5651.21,6.95
South Africa,ZAF,Africa,Africa,Sub-Saharan Africa,2017,57635162,381448814653.0,6618.34,5.47
South Africa,ZAF,Africa,Africa,Sub-Saharan Africa,2018,58613001,405260723893.0,6914.18,3.99
South Africa,ZAF,Africa,Africa,Sub-Saharan Africa,2019,59587885,389330032224.0,6533.71,4.61
South Africa,ZAF,Africa,Africa,Sub-Saharan Africa,2020,60562381,338291396027.0,5585.83,5.39
South Africa,ZAF,Africa,Africa,Sub-Saharan Africa,2021,61502603,420117812466.0,6830.89,6.54
South Africa,ZAF,Africa,Africa,Sub-Saharan Africa,2022,62378410,405270850099.0,6496.97,4.99
South Sudan,SSD,Africa,Africa,Sub-Saharan Africa,2008,8817647,14586253383.0,1654.21,
South Sudan,SSD,Africa,Africa,Sub-Saharan Africa,2009,9243556,12231264525.0,1323.22,-11.83
South Sudan,SSD,Africa,Africa,Sub-Saharan Africa,2010,9745953,14602072411.0,1498.27,12.93
South Sudan,SSD,Africa,Africa,Sub-Saharan Africa,2011,10288109,14907308933.0,1448.98,38.83
South Sudan,SSD,Africa,Africa,Sub-Saharan Africa,2012,10756240,11931472169.0,1109.26,46.51
South Sudan,SSD,Africa,Africa,Sub-Saharan Africa,2013,11166275,18426469017.0,1650.19,36.51
South Sudan,SSD,Africa,Africa,Sub-Saharan Africa,2014,11235073,13962212847.0,1242.73,-26.7
South Sudan,SSD,Africa,Africa,Sub-Saharan Africa,2015,11107561,11997800760.0,1080.15,17.69
Spain,ESP,Europe,Europe,Southern Europe,2000,40567864,598363313495.0,14749.69,3.41
Spain,ESP,Europe,Europe,Southern Europe,2001,40850412,627830029412.0,15369.0,4.16
Spain,ESP,Europe,Europe,Southern Europe,2002,41431558,708756677089.0,17106.69,4.09
Spain,ESP,Europe,Europe,Southern Europe,2003,42187645,907491523174.0,21510.84,4.0
Spain,ESP,Europe,Europe,Southern Europe,2004,42921895,1069055675274.0,24907.0,3.91
Spain,ESP,Europe,Europe,Southern Europe,2005,43653155,1153715822718.0,26429.15,4.21
Spain,ESP,Europe,Europe,Southern Europe,2006,44397319,1260398977832.0,28389.08,4.07
Spain,ESP,Europe,Europe,Southern Europe,2007,45226803,1474002579820.0,32591.35,3.56
Spain,ESP,Europe,Europe,Southern Europe,2008,45954106,1631863493552.0,35510.72,2.45
Spain,ESP,Europe,Europe,Southern Europe,2009,46362946,1491472923707.0,32169.5,0.23
Spain,ESP,Europe,Europe,Southern Europe,2010,46576897,1422108199783.0,30532.48,0.29
Spain,ESP,Europe,Europe,Southern Europe,2011,46742697,1480710495710.0,31677.9,-0.15
Spain,ESP,Europe,Europe,Southern Europe,2012,46773055,1324750738725.0,28322.95,-0.2
Spain,ESP,Europe,Europe,Southern Europe,2013,46604197,1355579535913.0,29087.07,0.44
Spain,ESP,Europe,Europe,Southern Europe,2014,46460733,1371820537889.0,29526.45,-0.22
Spain,ESP,Europe,Europe,Southern Europe,2015,46422303,1196156971280.0,25766.86,0.55
Spain,ESP,Europe,Europe,Southern Europe,2016,46458139,1233554967012.0,26551.97,0.37
Spain,ESP,Europe,Europe,Southern Europe,2017,46571232,1313245330198.0,28198.64,1.26
Spain,ESP,Europe,Europe,Southern Europe,2018,46782011,1421702715218.0,30389.94,1.19
Spain,ESP,Europe,Europe,Southern Europe,2019,47118501,1394320055129.0,29591.77,1.43
Spain,ESP,Europe,Europe,Southern Europe,2020,47359424,1278128867875.0,26987.85,1.13
Spain,ESP,Europe,Europe,Southern Europe,2021,47443821,1445651653605.0,30470.81,2.56
Spain,ESP,Europe,Europe,Southern Europe,2022,47786102,1417800466263.0,29669.72,4.71
Sri Lanka,LKA,Asia,Asia,Southern Asia,2000,19293054,16330814180.0,846.46,7.28
Sri Lanka,LKA,Asia,Asia,Southern Asia,2001,19600362,15749753805.0,803.54,13.66
Sri Lanka,LKA,Asia,Asia,Southern Asia,2002,19805752,16536535647.0,834.94,8.11
Sri Lanka,LKA,Asia,Asia,Southern Asia,2003,19951521,18881765437.0,946.38,8.75
Sri Lanka,LKA,Asia,Asia,Southern Asia,2004,20087605,20662525941.0,1028.62,8.8
Sri Lanka,LKA,Asia,Asia,Southern Asia,2005,20216524,24405791045.0,1207.22,10.42
Sri Lanka,LKA,Asia,Asia,Southern Asia,2006,20352411,28279802406.0,1389.51,11.28
Sri Lanka,LKA,Asia,Asia,Southern Asia,2007,20492545,32350238760.0,1578.63,14.03
Sri Lanka,LKA,Asia,Asia,Southern Asia,2008,20629378,40713826215.0,1973.58,16.33
Sri Lanka,LKA,Asia,Asia,Southern Asia,2009,20756435,42066224093.0,2026.66,5.88
Sri Lanka,LKA,Asia,Asia,Southern Asia,2010,20879089,58636161082.0,2808.37,26.93
Sri Lanka,LKA,Asia,Asia,Southern Asia,2011,21009048,67753284044.0,3224.96,3.98
Sri Lanka,LKA,Asia,Asia,Southern Asia,2012,21169458,70447216891.0,3327.78,10.46
Sri Lanka,LKA,Asia,Asia,Southern Asia,2013,20585000,77000578167.0,3740.62,6.25
Sri Lanka,LKA,Asia,Asia,Southern Asia,2014,20778000,82528535714.0,3971.92,1.92
Sri Lanka,LKA,Asia,Asia,Southern Asia,2015,20970000,85140955389.0,4060.13,3.01
Sri Lanka,LKA,Asia,Asia,Southern Asia,2016,21209000,88012282206.0,4149.76,5.44
Sri Lanka,LKA,Asia,Asia,Southern Asia,2017,21453000,94376237797.0,4399.21,5.47
Sri Lanka,LKA,Asia,Asia,Southern Asia,2018,21670000,94493871201.0,4360.58,4.3
Sri Lanka,LKA,Asia,Asia,Southern Asia,2019,21803000,89014978344.0,4082.69,3.87
Sri Lanka,LKA,Asia,Asia,Southern Asia,2020,21919000,84304298771.0,3846.17,3.1
Sri Lanka,LKA,Asia,Asia,Southern Asia,2021,22156000,88609332762.0,3999.34,8.02
Sri Lanka,LKA,Asia,Asia,Southern Asia,2022,22181000,74144875098.0,3342.72,47.46
St. Kitts and Nevis,KNA,North America,Americas,Latin America and the Caribbean,2000,45248,421695770.0,9319.66,-5.75
St. Kitts and Nevis,KNA,North America,Americas,Latin America and the Caribbean,2001,45761,458643829.0,10022.59,3.33
St. Kitts and Nevis,KNA,North America,Americas,Latin America and the Caribbean,2002,46020,481077374.0,10453.66,3.48
St. Kitts and Nevis,KNA,North America,Americas,Latin America and the Caribbean,2003,46176,469869870.0,10175.63,1.67
St. Kitts and Nevis,KNA,North America,Americas,Latin America and the Caribbean,2004,46315,506900000.0,10944.62,3.84
St. Kitts and Nevis,KNA,North America,Americas,Latin America and the Caribbean,2005,46437,547203704.0,11783.79,-1.62
St. Kitts and Nevis,KNA,North America,Americas,Latin America and the Caribbean,2006,46569,644414815.0,13837.85,14.17
St. Kitts and Nevis,KNA,North America,Americas,Latin America and the Caribbean,2007,46706,689285185.0,14757.96,6.32
St. Kitts and Nevis,KNA,North America,Americas,Latin America and the Caribbean,2008,46835,777691333.0,16604.92,1.36
St. Kitts and Nevis,KNA,North America,Americas,Latin America and the Caribbean,2009,46916,774273111.0,16503.39,3.07
St. Kitts and Nevis,KNA,North America,Americas,Latin America and the Caribbean,2010,46846,778718519.0,16622.95,0.63
St. Kitts and Nevis,KNA,North America,Americas,Latin America and the Caribbean,2011,46886,836092593.0,17832.46,5.66
St. Kitts and Nevis,KNA,North America,Americas,Latin America and the Caribbean,2012,47033,825381481.0,17548.99,-0.64
St. Kitts and Nevis,KNA,North America,Americas,Latin America and the Caribbean,2013,47069,874896296.0,18587.53,0.31
St. Kitts and Nevis,KNA,North America,Americas,Latin America and the Caribbean,2014,47089,952111111.0,20219.4,1.2
St. Kitts and Nevis,KNA,North America,Americas,Latin America and the Caribbean,2015,47087,957222222.0,20328.8,-0.16
St. Kitts and Nevis,KNA,North America,Americas,Latin America and the Caribbean,2016,47075,1006818519.0,21387.54,1.2
St. Kitts and Nevis,KNA,North America,Americas,Latin America and the Caribbean,2017,47050,1056977778.0,22464.99,4.75
St. Kitts and Nevis,KNA,North America,Americas,Latin America and the Caribbean,2018,47008,1076548148.0,22901.38,-0.15
St. Kitts and Nevis,KNA,North America,Americas,Latin America and the Caribbean,2019,46952,1107855556.0,23595.49,0.07
St. Kitts and Nevis,KNA,North America,Americas,Latin America and the Caribbean,2020,46870,883922222.0,18859.02,-5.74
St. Kitts and Nevis,KNA,North America,Americas,Latin America and the Caribbean,2021,46763,858622222.0,18361.14,-3.33
St. Kitts and Nevis,KNA,North America,Americas,Latin America and the Caribbean,2022,46709,981429630.0,21011.57,3.42
St. Lucia,LCA,North America,Americas,Latin America and the Caribbean,2000,158616,932592593.0,5879.56,1.12
St. Lucia,LCA,North America,Americas,Latin America and the Caribbean,2001,160237,892592593.0,5570.45,-0.91
St. Lucia,LCA,North America,Americas,Latin America and the Caribbean,2002,161641,900000000.0,5567.89,0.41
St. Lucia,LCA,North America,Americas,Latin America and the Caribbean,2003,162976,987407407.0,6058.61,5.22
St. Lucia,LCA,North America,Americas,Latin America and the Caribbean,2004,164239,1066666667.0,6494.6,0.71
St. Lucia,LCA,North America,Americas,Latin America and the Caribbean,2005,165450,1135555556.0,6863.44,6.9
St. Lucia,LCA,North America,Americas,Latin America and the Caribbean,2006,166639,1268319185.0,7611.18,5.18
St. Lucia,LCA,North America,Americas,Latin America and the Caribbean,2007,167758,1336088815.0,7964.38,3.59
St. Lucia,LCA,North America,Americas,Latin America and the Caribbean,2008,168808,1437731111.0,8516.96,2.53
St. Lucia,LCA,North America,Americas,Latin America and the Caribbean,2009,169869,1401507889.0,8250.52,0.32
St. Lucia,LCA,North America,Americas,Latin America and the Caribbean,2010,170906,1482385185.0,8673.69,5.42
St. Lucia,LCA,North America,Americas,Latin America and the Caribbean,2011,171801,1568370370.0,9128.99,1.41
St. Lucia,LCA,North America,Americas,Latin America and the Caribbean,2012,172587,1598207407.0,9260.3,2.01
St. Lucia,LCA,North America,Americas,Latin America and the Caribbean,2013,173369,1660222222.0,9576.23,6.01
St. Lucia,LCA,North America,Americas,Latin America and the Caribbean,2014,174138,1749185185.0,10044.82,3.78
St. Lucia,LCA,North America,Americas,Latin America and the Caribbean,2015,174905,1807640741.0,10334.99,3.24
St. Lucia,LCA,North America,Americas,Latin America and the Caribbean,2016,175646,1868544444.0,10638.13,-0.06
St. Lucia,LCA,North America,Americas,Latin America and the Caribbean,2017,176342,1998503704.0,11333.11,3.46
St. Lucia,LCA,North America,Americas,Latin America and the Caribbean,2018,177017,2060955556.0,11642.7,0.23
St. Lucia,LCA,North America,Americas,Latin America and the Caribbean,2019,177661,2092081549.0,11775.69,2.39
St. Lucia,LCA,North America,Americas,Latin America and the Caribbean,2020,178250,1497825994.0,8402.95,-5.4
St. Lucia,LCA,North America,Americas,Latin America and the Caribbean,2021,178522,1834796402.0,10277.7,11.59
St. Lucia,LCA,North America,Americas,Latin America and the Caribbean,2022,178781,2343703788.0,13109.36,4.22
St. Martin (French part),MAF,North America,Americas,Latin America and the Caribbean,2011,37069,775875749.0,20930.58,
St. Martin (French part),MAF,North America,Americas,Latin America and the Caribbean,2014,37450,772921959.0,20638.77,
St. Martin (French part),MAF,North America,Americas,Latin America and the Caribbean,2019,34267,652206037.0,19033.06,
St. Martin (French part),MAF,North America,Americas,Latin America and the Caribbean,2021,29961,649206263.0,21668.38,
St. Vincent and the Grenadines,VCT,North America,Americas,Latin America and the Caribbean,2000,113545,427946037.0,3768.96,7.76
St. Vincent and the Grenadines,VCT,North America,Americas,Latin America and the Caribbean,2001,113501,462072333.0,4071.09,6.12
St. Vincent and the Grenadines,VCT,North America,Americas,Latin America and the Caribbean,2002,113347,487763852.0,4303.28,0.21
St. Vincent and the Grenadines,VCT,North America,Americas,Latin America and the Caribbean,2003,113141,509090889.0,4499.61,-2.17
St. Vincent and the Grenadines,VCT,North America,Americas,Latin America and the Caribbean,2004,112835,549900185.0,4873.49,3.75
St. Vincent and the Grenadines,VCT,North America,Americas,Latin America and the Caribbean,2005,112450,579948926.0,5157.39,2.9
St. Vincent and the Grenadines,VCT,North America,Americas,Latin America and the Caribbean,2006,112014,643501148.0,5744.83,3.7
St. Vincent and the Grenadines,VCT,North America,Americas,Latin America and the Caribbean,2007,111531,713596667.0,6398.19,7.33
St. Vincent and the Grenadines,VCT,North America,Americas,Latin America and the Caribbean,2008,111028,732663259.0,6598.91,2.26
St. Vincent and the Grenadines,VCT,North America,Americas,Latin America and the Caribbean,2009,110508,714300259.0,6463.79,-1.14
St. Vincent and the Grenadines,VCT,North America,Americas,Latin America and the Caribbean,2010,109959,720447889.0,6551.97,5.58
St. Vincent and the Grenadines,VCT,North America,Americas,Latin America and the Caribbean,2011,109349,713796370.0,6527.69,-0.32
St. Vincent and the Grenadines,VCT,North America,Americas,Latin America and the Caribbean,2012,108736,730032593.0,6713.81,1.09
St. Vincent and the Grenadines,VCT,North America,Americas,Latin America and the Caribbean,2013,108135,764781259.0,7072.47,2.24
St. Vincent and the Grenadines,VCT,North America,Americas,Latin America and the Caribbean,2014,107535,770900000.0,7168.83,-0.44
St. Vincent and the Grenadines,VCT,North America,Americas,Latin America and the Caribbean,2015,106960,786555556.0,7353.74,-0.73
St. Vincent and the Grenadines,VCT,North America,Americas,Latin America and the Caribbean,2016,106349,814303704.0,7656.9,-0.59
St. Vincent and the Grenadines,VCT,North America,Americas,Latin America and the Caribbean,2017,105663,844040741.0,7988.04,2.17
St. Vincent and the Grenadines,VCT,North America,Americas,Latin America and the Caribbean,2018,104926,884329630.0,8428.13,1.55
St. Vincent and the Grenadines,VCT,North America,Americas,Latin America and the Caribbean,2019,104167,910766667.0,8743.33,2.31
St. Vincent and the Grenadines,VCT,North America,Americas,Latin America and the Caribbean,2020,103526,869111111.0,8395.1,-0.87
St. Vincent and the Grenadines,VCT,North America,Americas,Latin America and the Caribbean,2021,102841,872225926.0,8481.31,-0.39
St. Vincent and the Grenadines,VCT,North America,Americas,Latin America and the Caribbean,2022,102046,966492593.0,9471.15,3.4
Sudan,SDN,Africa,Africa,Northern Africa,2000,27816745,12257299147.0,440.64,9.85
Sudan,SDN,Africa,Africa,Northern Africa,2001,28516770,15716361792.0,551.13,21.13
Sudan,SDN,Africa,Africa,Northern Africa,2002,29228727,18137128388.0,620.52,10.8
Sudan,SDN,Africa,Africa,Northern Africa,2003,29896035,21355298460.0,714.32,9.8
Sudan,SDN,Africa,Africa,Northern Africa,2004,30556637,26646007251.0,872.02,17.27
Sudan,SDN,Africa,Africa,Northern Africa,2005,31262444,35182711988.0,1125.4,18.05
Sudan,SDN,Africa,Africa,Northern Africa,2006,31992435,45263831634.0,1414.83,7.65
Sudan,SDN,Africa,Africa,Northern Africa,2007,32764135,59440139775.0,1814.18,15.31
Sudan,SDN,Africa,Africa,Northern Africa,2008,33623980,64833083257.0,1928.18,8.89
Sudan,SDN,Africa,Africa,Northern Africa,2009,34569113,51621044077.0,1493.27,1.86
Sudan,SDN,Africa,Africa,Northern Africa,2010,35414399,58962978034.0,1664.94,22.67
Sudan,SDN,Africa,Africa,Northern Africa,2011,36140806,55018567211.0,1522.34,26.33
Sudan,SDN,Africa,Africa,Northern Africa,2012,36923178,37632919967.0,1019.22,30.13
Sudan,SDN,Africa,Africa,Northern Africa,2013,37785849,43024018082.0,1138.63,36.43
Sudan,SDN,Africa,Africa,Northern Africa,2014,38823318,49516748618.0,1275.44,34.07
Sudan,SDN,Africa,Africa,Northern Africa,2015,40024431,51726758677.0,1292.38,14.02
Sudan,SDN,Africa,Africa,Northern Africa,2016,41259892,42630376000.0,1033.22,20.69
Sudan,SDN,Africa,Africa,Northern Africa,2017,42714306,41283617976.0,966.51,34.62
Sudan,SDN,Africa,Africa,Northern Africa,2018,44230596,32333780383.0,731.03,55.98
Sudan,SDN,Africa,Africa,Northern Africa,2019,45548175,32338079165.0,709.98,51.98
Sudan,SDN,Africa,Africa,Northern Africa,2020,46789231,27034593750.0,577.8,115.65
Sudan,SDN,Africa,Africa,Northern Africa,2021,48066924,34229513775.0,712.12,235.52
Sudan,SDN,Africa,Africa,Northern Africa,2022,49383346,51666875363.0,1046.24,116.87
Suriname,SUR,South America,Americas,Latin America and the Caribbean,2000,476643,947671970.0,1988.22,60.74
Suriname,SUR,South America,Americas,Latin America and the Caribbean,2001,486560,834279358.0,1714.65,39.53
Suriname,SUR,South America,Americas,Latin America and the Caribbean,2002,496551,1093574468.0,2202.34,37.45
Suriname,SUR,South America,Americas,Latin America and the Caribbean,2003,506414,1274190311.0,2516.1,21.32
Suriname,SUR,South America,Americas,Latin America and the Caribbean,2004,513923,1484092538.0,2887.77,12.84
Suriname,SUR,South America,Americas,Latin America and the Caribbean,2005,519313,1793410397.0,3453.43,15.54
Suriname,SUR,South America,Americas,Latin America and the Caribbean,2006,524997,2626380435.0,5002.66,39.04
Suriname,SUR,South America,Americas,Latin America and the Caribbean,2007,531016,2936612022.0,5530.18,6.43
Suriname,SUR,South America,Americas,Latin America and the Caribbean,2008,537245,3532969035.0,6576.09,15.52
Suriname,SUR,South America,Americas,Latin America and the Caribbean,2009,543568,3875409836.0,7129.58,6.48
Suriname,SUR,South America,Americas,Latin America and the Caribbean,2010,549923,4368370998.0,7943.6,7.2
Suriname,SUR,South America,Americas,Latin America and the Caribbean,2011,556269,4422276622.0,7949.89,13.84
Suriname,SUR,South America,Americas,Latin America and the Caribbean,2012,562633,4980000000.0,8851.24,10.74
Suriname,SUR,South America,Americas,Latin America and the Caribbean,2013,569020,5145757576.0,9043.19,0.38
Suriname,SUR,South America,Americas,Latin America and the Caribbean,2014,575373,5240606061.0,9108.19,1.58
Suriname,SUR,South America,Americas,Latin America and the Caribbean,2015,581627,5126237646.0,8813.62,4.85
Suriname,SUR,South America,Americas,Latin America and the Caribbean,2016,587757,3317421648.0,5644.21,24.07
Suriname,SUR,South America,Americas,Latin America and the Caribbean,2017,593713,3591679431.0,6049.52,28.15
Suriname,SUR,South America,Americas,Latin America and the Caribbean,2018,599513,3996198867.0,6665.74,5.66
Suriname,SUR,South America,Americas,Latin America and the Caribbean,2019,605768,4016040575.0,6629.67,5.18
Suriname,SUR,South America,Americas,Latin America and the Caribbean,2020,612317,2911807496.0,4755.39,45.22
Suriname,SUR,South America,Americas,Latin America and the Caribbean,2021,617896,3081401726.0,4986.93,62.07
Suriname,SUR,South America,Americas,Latin America and the Caribbean,2022,623164,3620987993.0,5810.65,49.42
Sweden,SWE,Europe,Europe,Northern Europe,2000,8872109,262835454367.0,29624.91,1.57
Sweden,SWE,Europe,Europe,Northern Europe,2001,8895960,242395852494.0,27247.86,2.59
Sweden,SWE,Europe,Europe,Northern Europe,2002,8924958,266849061836.0,29899.2,1.62
Sweden,SWE,Europe,Europe,Northern Europe,2003,8958229,334337212322.0,37321.8,1.85
Sweden,SWE,Europe,Europe,Northern Europe,2004,8993531,385118044877.0,42821.67,0.41
Sweden,SWE,Europe,Europe,Northern Europe,2005,9029572,392218088879.0,43437.06,0.76
Sweden,SWE,Europe,Europe,Northern Europe,2006,9080505,423093437424.0,46593.6,1.75
Sweden,SWE,Europe,Europe,Northern Europe,2007,9148092,491252589217.0,53700.01,2.92
Sweden,SWE,Europe,Europe,Northern Europe,2008,9219637,517706149201.0,56152.55,3.36
Sweden,SWE,Europe,Europe,Northern Europe,2009,9298515,436537014294.0,46946.96,2.36
Sweden,SWE,Europe,Europe,Northern Europe,2010,9378126,495812558843.0,52869.04,1.03
Sweden,SWE,Europe,Europe,Northern Europe,2011,9449213,574094112973.0,60755.76,1.12
Sweden,SWE,Europe,Europe,Northern Europe,2012,9519374,552483727283.0,58037.82,0.95
Sweden,SWE,Europe,Europe,Northern Europe,2013,9600379,586841821797.0,61126.94,1.01
Sweden,SWE,Europe,Europe,Northern Europe,2014,9696110,581964017237.0,60020.36,1.83
Sweden,SWE,Europe,Europe,Northern Europe,2015,9799186,505103781350.0,51545.48,2.25
Sweden,SWE,Europe,Europe,Northern Europe,2016,9923085,515654671470.0,51965.16,1.65
Sweden,SWE,Europe,Europe,Northern Europe,2017,10057698,541018749769.0,53791.51,2.23
Sweden,SWE,Europe,Europe,Northern Europe,2018,10175214,555455371487.0,54589.06,2.62
Sweden,SWE,Europe,Europe,Northern Europe,2019,10278887,533879529188.0,51939.43,2.42
Sweden,SWE,Europe,Europe,Northern Europe,2020,10353442,547054174236.0,52837.9,1.79
Sweden,SWE,Europe,Europe,Northern Europe,2021,10415811,639714956069.0,61417.68,2.74
Sweden,SWE,Europe,Europe,Northern Europe,2022,10486941,590409594949.0,56299.51,5.78
Switzerland,CHE,Europe,Europe,Western Europe,2000,7184250,279216033870.0,38865.02,1.37
Switzerland,CHE,Europe,Europe,Western Europe,2001,7229854,286582672434.0,39638.79,0.97
Switzerland,CHE,Europe,Europe,Western Europe,2002,7284753,309301422430.0,42458.74,-0.25
Switzerland,CHE,Europe,Europe,Western Europe,2003,7339001,362075086508.0,49335.75,1.18
Switzerland,CHE,Europe,Europe,Western Europe,2004,7389625,403912891033.0,54659.46,0.3
Switzerland,CHE,Europe,Europe,Western Europe,2005,7437115,418284865885.0,56242.89,0.92
Switzerland,CHE,Europe,Europe,Western Europe,2006,7483934,441634672197.0,59011.03,2.15
Switzerland,CHE,Europe,Europe,Western Europe,2007,7551117,490740715595.0,64989.16,2.38
Switzerland,CHE,Europe,Europe,Western Europe,2008,7647675,567267767519.0,74175.19,1.45
Switzerland,CHE,Europe,Europe,Western Europe,2009,7743831,554212916092.0,71568.31,0.46
Switzerland,CHE,Europe,Europe,Western Europe,2010,7824909,598851028907.0,76531.37,0.31
Switzerland,CHE,Europe,Europe,Western Europe,2011,7912398,715888126682.0,90476.76,-0.02
Switzerland,CHE,Europe,Europe,Western Europe,2012,7996861,686420221558.0,85836.21,0.06
Switzerland,CHE,Europe,Europe,Western Europe,2013,8089346,706234937371.0,87304.33,-0.09
Switzerland,CHE,Europe,Europe,Western Europe,2014,8188649,726537808338.0,88724.99,-0.65
Switzerland,CHE,Europe,Europe,Western Europe,2015,8282396,694118186380.0,83806.45,-1.27
Switzerland,CHE,Europe,Europe,Western Europe,2016,8373338,687895460903.0,82153.07,-0.58
Switzerland,CHE,Europe,Europe,Western Europe,2017,8451840,695200833086.0,82254.38,-0.37
Switzerland,CHE,Europe,Europe,Western Europe,2018,8514329,725568717468.0,85217.37,0.76
Switzerland,CHE,Europe,Europe,Western Europe,2019,8575280,721369112727.0,84121.93,-0.1
Switzerland,CHE,Europe,Europe,Western Europe,2020,8638167,741999406006.0,85897.78,-0.7
Switzerland,CHE,Europe,Europe,Western Europe,2021,8704546,813408787222.0,93446.43,1.25
Switzerland,CHE,Europe,Europe,Western Europe,2022,8777088,818426550206.0,93245.8,2.5
Syrian Arab Republic,SYR,Asia,Asia,Western Asia,2000,16637888,18937052543.0,1138.19,9.7
Syrian Arab Republic,SYR,Asia,Asia,Western Asia,2001,17051338,20237024725.0,1186.83,6.55
Syrian Arab Republic,SYR,Asia,Asia,Western Asia,2002,17468332,20669357462.0,1183.25,0.39
Syrian Arab Republic,SYR,Asia,Asia,Western Asia,2003,17889296,21828144686.0,1220.18,-1.43
Syrian Arab Republic,SYR,Asia,Asia,Western Asia,2004,18336875,25086950495.0,1368.11,10.33
Syrian Arab Republic,SYR,Asia,Asia,Western Asia,2005,18814091,28858965517.0,1533.9,11.95
Syrian Arab Republic,SYR,Asia,Asia,Western Asia,2006,19637022,33751788856.0,1718.78,9.1
Syrian Arab Republic,SYR,Asia,Asia,Western Asia,2007,20884125,40465318382.0,1937.61,10.77
Syrian Arab Republic,SYR,Asia,Asia,Western Asia,2008,21636564,52557913193.0,2429.12,15.95
Syrian Arab Republic,SYR,Asia,Asia,Western Asia,2009,21976969,54111735242.0,2462.2,-2.78
Syrian Arab Republic,SYR,Asia,Asia,Western Asia,2010,22482421,61390831318.0,2730.61,6.9
Syrian Arab Republic,SYR,Asia,Asia,Western Asia,2011,22878098,67539427671.0,2952.14,11.57
Syrian Arab Republic,SYR,Asia,Asia,Western Asia,2012,22759763,43190317725.0,1897.66,26.25
Syrian Arab Republic,SYR,Asia,Asia,Western Asia,2013,21666917,21361254648.0,985.89,31.77
Syrian Arab Republic,SYR,Asia,Asia,Western Asia,2014,20273659,21502061462.0,1060.59,37.09
Syrian Arab Republic,SYR,Asia,Asia,Western Asia,2015,19424618,16466863097.0,847.73,38.21
Syrian Arab Republic,SYR,Asia,Asia,Western Asia,2016,19193834,12597854884.0,656.35,36.87
Syrian Arab Republic,SYR,Asia,Asia,Western Asia,2017,19224668,16369843341.0,851.5,37.22
Syrian Arab Republic,SYR,Asia,Asia,Western Asia,2018,19577845,21497782881.0,1098.07,13.19
Syrian Arab Republic,SYR,Asia,Asia,Western Asia,2019,20353534,22583045053.0,1109.54,19.83
Syrian Arab Republic,SYR,Asia,Asia,Western Asia,2020,21049429,11155888304.0,529.99,61.59
Syrian Arab Republic,SYR,Asia,Asia,Western Asia,2021,21628839,8980060819.0,415.19,118.27
Tajikistan,TJK,Asia,Asia,Central Asia,2000,6284735,860541842.0,136.93,22.63
Tajikistan,TJK,Asia,Asia,Central Asia,2001,6407377,1080772551.0,168.68,30.95
Tajikistan,TJK,Asia,Asia,Central Asia,2002,6531669,1221106220.0,186.95,18.82
Tajikistan,TJK,Asia,Asia,Central Asia,2003,6658575,1555318261.0,233.58,27.09
Tajikistan,TJK,Asia,Asia,Central Asia,2004,6790547,2076176869.0,305.75,17.43
Tajikistan,TJK,Asia,Asia,Central Asia,2005,6924720,2312352021.0,333.93,9.51
Tajikistan,TJK,Asia,Asia,Central Asia,2006,7057566,2830213849.0,401.02,21.06
Tajikistan,TJK,Asia,Asia,Central Asia,2007,7194477,3719524541.0,517.0,27.24
Tajikistan,TJK,Asia,Asia,Central Asia,2008,7338403,5161299725.0,703.33,28.16
Tajikistan,TJK,Asia,Asia,Central Asia,2009,7490230,4979472364.0,664.8,12.13
Tajikistan,TJK,Asia,Asia,Central Asia,2010,7652141,5642221099.0,737.34,12.46
Tajikistan,TJK,Asia,Asia,Central Asia,2011,7824785,6522756255.0,833.6,13.32
Tajikistan,TJK,Asia,Asia,Central Asia,2012,8014084,7633036903.0,952.45,11.87
Tajikistan,TJK,Asia,Asia,Central Asia,2013,8216724,8448411318.0,1028.2,3.63
Tajikistan,TJK,Asia,Asia,Central Asia,2014,8425552,9112605459.0,1081.54,4.77
Tajikistan,TJK,Asia,Asia,Central Asia,2015,8643840,8271431485.0,956.92,6.87
Tajikistan,TJK,Asia,Asia,Central Asia,2016,8865631,6992416097.0,788.71,0.54
Tajikistan,TJK,Asia,Asia,Central Asia,2017,9085946,7536402853.0,829.46,9.81
Tajikistan,TJK,Asia,Asia,Central Asia,2018,9307333,7764999999.0,834.29,2.49
Tajikistan,TJK,Asia,Asia,Central Asia,2019,9529966,8300813599.0,871.02,3.66
Tajikistan,TJK,Asia,Asia,Central Asia,2020,9749310,8133963551.0,834.31,1.66
Tajikistan,TJK,Asia,Asia,Central Asia,2021,9966908,8937805347.0,896.75,10.04
Tajikistan,TJK,Asia,Asia,Central Asia,2022,10182222,10713525200.0,1052.18,8.26
Tanzania,TZA,Africa,Africa,Sub-Saharan Africa,2000,34260139,13371767082.0,390.3,8.2
Tanzania,TZA,Africa,Africa,Sub-Saharan Africa,2001,35198299,13563990022.0,385.36,4.82
Tanzania,TZA,Africa,Africa,Sub-Saharan Africa,2002,36121304,14129651896.0,391.17,7.23
Tanzania,TZA,Africa,Africa,Sub-Saharan Africa,2003,37089555,15211487709.0,410.13,8.42
Tanzania,TZA,Africa,Africa,Sub-Saharan Africa,2004,38109668,16673062473.0,437.5,6.89
Tanzania,TZA,Africa,Africa,Sub-Saharan Africa,2005,39182076,18395383647.0,469.48,6.43
Tanzania,TZA,Africa,Africa,Sub-Saharan Africa,2006,40294902,18619859795.0,462.09,5.51
Tanzania,TZA,Africa,Africa,Sub-Saharan Africa,2007,41435512,21860434823.0,527.58,9.1
Tanzania,TZA,Africa,Africa,Sub-Saharan Africa,2008,42570728,27947821398.0,656.5,16.38
Tanzania,TZA,Africa,Africa,Sub-Saharan Africa,2009,43633982,29400573554.0,673.8,9.04
Tanzania,TZA,Africa,Africa,Sub-Saharan Africa,2010,44758488,32012892919.0,715.24,9.43
Tanzania,TZA,Africa,Africa,Sub-Saharan Africa,2011,46029367,34657140096.0,752.94,12.2
Tanzania,TZA,Africa,Africa,Sub-Saharan Africa,2012,47374260,39650394363.0,836.96,10.48
Tanzania,TZA,Africa,Africa,Sub-Saharan Africa,2013,48824128,45648857242.0,934.97,9.67
Tanzania,TZA,Africa,Africa,Sub-Saharan Africa,2014,50351512,49986726461.0,992.76,6.05
Tanzania,TZA,Africa,Africa,Sub-Saharan Africa,2015,52020962,47413919817.0,911.44,7.59
Tanzania,TZA,Africa,Africa,Sub-Saharan Africa,2016,53824013,49774409374.0,924.76,7.47
Tanzania,TZA,Africa,Africa,Sub-Saharan Africa,2017,55652890,53274884533.0,957.27,2.64
Tanzania,TZA,Africa,Africa,Sub-Saharan Africa,2018,57437145,57003712892.0,992.45,3.04
Tanzania,TZA,Africa,Africa,Sub-Saharan Africa,2019,59174891,61026731926.0,1031.29,2.28
Tanzania,TZA,Africa,Africa,Sub-Saharan Africa,2020,60972798,66068737786.0,1083.58,6.42
Tanzania,TZA,Africa,Africa,Sub-Saharan Africa,2021,62830412,70655628148.0,1124.55,2.67
Tanzania,TZA,Africa,Africa,Sub-Saharan Africa,2022,64711821,75769974505.0,1170.88,2.76
Thailand,THA,Asia,Asia,South-eastern Asia,2000,63007815,126392224254.0,2005.98,1.33
Thailand,THA,Asia,Asia,South-eastern Asia,2001,63651141,120296476180.0,1889.93,1.92
Thailand,THA,Asia,Asia,South-eastern Asia,2002,64266437,134300904400.0,2089.75,1.69
Thailand,THA,Asia,Asia,South-eastern Asia,2003,64868166,152280615246.0,2347.54,2.15
Thailand,THA,Asia,Asia,South-eastern Asia,2004,65452047,172895685155.0,2641.56,3.57
Thailand,THA,Asia,Asia,South-eastern Asia,2005,66017420,189318408469.0,2867.7,5.09
Thailand,THA,Asia,Asia,South-eastern Asia,2006,66567687,221758296022.0,3331.32,5.1
Thailand,THA,Asia,Asia,South-eastern Asia,2007,67102394,262942621455.0,3918.53,2.47
Thailand,THA,Asia,Asia,South-eastern Asia,2008,67619830,291382982431.0,4309.14,5.13
Thailand,THA,Asia,Asia,South-eastern Asia,2009,68121080,281710630187.0,4135.44,0.19
Thailand,THA,Asia,Asia,South-eastern Asia,2010,68579447,341104766329.0,4973.86,4.08
Thailand,THA,Asia,Asia,South-eastern Asia,2011,69007208,370818739624.0,5373.62,3.74
Thailand,THA,Asia,Asia,South-eastern Asia,2012,69436098,397558325279.0,5725.53,1.91
Thailand,THA,Asia,Asia,South-eastern Asia,2013,69845114,420333654593.0,6018.08,1.78
Thailand,THA,Asia,Asia,South-eastern Asia,2014,70216367,407339040198.0,5801.2,1.44
Thailand,THA,Asia,Asia,South-eastern Asia,2015,70540795,401296238228.0,5688.85,0.72
Thailand,THA,Asia,Asia,South-eastern Asia,2016,70859841,413366349748.0,5833.58,2.64
Thailand,THA,Asia,Asia,South-eastern Asia,2017,71160187,456356813537.0,6413.09,1.9
Thailand,THA,Asia,Asia,South-eastern Asia,2018,71376079,506754208404.0,7099.78,1.43
Thailand,THA,Asia,Asia,South-eastern Asia,2019,71522271,543976691794.0,7605.7,1.01
Thailand,THA,Asia,Asia,South-eastern Asia,2020,71641484,500461898480.0,6985.64,-1.3
Thailand,THA,Asia,Asia,South-eastern Asia,2021,71727332,506256494297.0,7058.07,1.77
Thailand,THA,Asia,Asia,South-eastern Asia,2022,71735329,495645210973.0,6909.36,4.77
Timor-Leste,TLS,Oceania,Asia,South-eastern Asia,2000,745088,366924300.0,492.46,3.0
Timor-Leste,TLS,Oceania,Asia,South-eastern Asia,2001,812249,477443500.0,587.8,11.83
Timor-Leste,TLS,Oceania,Asia,South-eastern Asia,2002,879159,469455500.0,533.98,5.39
Timor-Leste,TLS,Oceania,Asia,South-eastern Asia,2003,916878,490439100.0,534.9,6.8
Timor-Leste,TLS,Oceania,Asia,South-eastern Asia,2004,929074,440772000.0,474.42,-10.49
Timor-Leste,TLS,Oceania,Asia,South-eastern Asia,2005,948311,462268000.0,487.46,1.84
Timor-Leste,TLS,Oceania,Asia,South-eastern Asia,2006,976597,453792400.0,464.67,2.38
Timor-Leste,TLS,Oceania,Asia,South-eastern Asia,2007,1004889,542795400.0,540.15,8.48
Timor-Leste,TLS,Oceania,Asia,South-eastern Asia,2008,1032429,648523600.0,628.15,7.26
Timor-Leste,TLS,Oceania,Asia,South-eastern Asia,2009,1058782,726937800.0,686.58,1.77
Timor-Leste,TLS,Oceania,Asia,South-eastern Asia,2010,1084679,881909300.0,813.06,10.96
Timor-Leste,TLS,Oceania,Asia,South-eastern Asia,2011,1110207,1042534600.0,939.05,11.57
Timor-Leste,TLS,Oceania,Asia,South-eastern Asia,2012,1134885,1160555000.0,1022.62,6.16
Timor-Leste,TLS,Oceania,Asia,South-eastern Asia,2013,1158695,1395727400.0,1204.57,16.64
Timor-Leste,TLS,Oceania,Asia,South-eastern Asia,2014,1181903,1447535200.0,1224.75,-0.73
Timor-Leste,TLS,Oceania,Asia,South-eastern Asia,2015,1205131,1595205100.0,1323.68,7.2
Timor-Leste,TLS,Oceania,Asia,South-eastern Asia,2016,1228312,1652603700.0,1345.43,0.14
Timor-Leste,TLS,Oceania,Asia,South-eastern Asia,2017,1251703,1598208400.0,1276.83,-0.21
Timor-Leste,TLS,Oceania,Asia,South-eastern Asia,2018,1275959,1566157200.0,1227.44,-1.36
Timor-Leste,TLS,Oceania,Asia,South-eastern Asia,2019,1300945,2027034000.0,1558.12,5.16
Timor-Leste,TLS,Oceania,Asia,South-eastern Asia,2020,1326053,2162619200.0,1630.87,-19.23
Timor-Leste,TLS,Oceania,Asia,South-eastern Asia,2021,1350139,3621958000.0,2682.66,59.08
Timor-Leste,TLS,Oceania,Asia,South-eastern Asia,2022,1369295,3204753000.0,2340.44,11.46
Togo,TGO,Africa,Africa,Sub-Saharan Africa,2000,5140037,2106848752.0,409.89,10.05
Togo,TGO,Africa,Africa,Sub-Saharan Africa,2001,5277382,2093498674.0,396.69,1.63
Togo,TGO,Africa,Africa,Sub-Saharan Africa,2002,5413274,2410199032.0,445.24,5.03
Togo,TGO,Africa,Africa,Sub-Saharan Africa,2003,5552167,2987984051.0,538.17,-2.89
Togo,TGO,Africa,Africa,Sub-Saharan Africa,2004,5696508,3191561509.0,560.27,-1.91
Togo,TGO,Africa,Africa,Sub-Saharan Africa,2005,5844631,3221910408.0,551.26,5.88
Togo,TGO,Africa,Africa,Sub-Saharan Africa,2006,6010668,3320907722.0,552.5,-0.51
Togo,TGO,Africa,Africa,Sub-Saharan Africa,2007,6188344,3759964943.0,607.59,4.96
Togo,TGO,Africa,Africa,Sub-Saharan Africa,2008,6368812,4578849658.0,718.95,9.07
Togo,TGO,Africa,Africa,Sub-Saharan Africa,2009,6551865,4721890900.0,720.69,3.12
Togo,TGO,Africa,Africa,Sub-Saharan Africa,2010,6732590,4746389532.0,704.99,-0.09
Togo,TGO,Africa,Africa,Sub-Saharan Africa,2011,6916474,5422442166.0,783.99,2.82
Togo,TGO,Africa,Africa,Sub-Saharan Africa,2012,7100736,5413544659.0,762.39,1.75
Togo,TGO,Africa,Africa,Sub-Saharan Africa,2013,7285442,6021732977.0,826.54,1.68
Togo,TGO,Africa,Africa,Sub-Saharan Africa,2014,7472450,6393318262.0,855.59,0.48
Togo,TGO,Africa,Africa,Sub-Saharan Africa,2015,7663195,5755461035.0,751.05,2.2
Togo,TGO,Africa,Africa,Sub-Saharan Africa,2016,7858289,6071170959.0,772.58,1.46
Togo,TGO,Africa,Africa,Sub-Saharan Africa,2017,8057140,6387422518.0,792.77,-0.88
Togo,TGO,Africa,Africa,Sub-Saharan Africa,2018,8258778,7029300383.0,851.13,0.45
Togo,TGO,Africa,Africa,Sub-Saharan Africa,2019,8463068,6992700101.0,826.26,0.01
Togo,TGO,Africa,Africa,Sub-Saharan Africa,2020,8669720,7400284168.0,853.58,1.93
Togo,TGO,Africa,Africa,Sub-Saharan Africa,2021,8878379,8342243646.0,939.61,2.47
Togo,TGO,Africa,Africa,Sub-Saharan Africa,2022,9089738,8169476149.0,898.76,4.16
Tonga,TON,Oceania,Oceania,Polynesia,2000,102677,204848488.0,1995.08,2.64
Tonga,TON,Oceania,Oceania,Polynesia,2001,103288,181117230.0,1753.52,4.02
Tonga,TON,Oceania,Oceania,Polynesia,2002,103874,182764281.0,1759.48,7.62
Tonga,TON,Oceania,Oceania,Polynesia,2003,104464,202246591.0,1936.04,11.4
Tonga,TON,Oceania,Oceania,Polynesia,2004,105071,230657627.0,2195.25,8.41
Tonga,TON,Oceania,Oceania,Polynesia,2005,105671,261803684.0,2477.54,8.25
Tonga,TON,Oceania,Oceania,Polynesia,2006,106253,292230662.0,2750.33,18.24
Tonga,TON,Oceania,Oceania,Polynesia,2007,106726,298519024.0,2797.06,4.41
Tonga,TON,Oceania,Oceania,Polynesia,2008,107020,344436582.0,3218.43,4.43
Tonga,TON,Oceania,Oceania,Polynesia,2009,107203,312377679.0,2913.89,4.91
Tonga,TON,Oceania,Oceania,Polynesia,2010,107400,366832215.0,3415.57,7.72
Tonga,TON,Oceania,Oceania,Polynesia,2011,107570,414533118.0,3853.61,0.48
Tonga,TON,Oceania,Oceania,Polynesia,2012,107460,470705196.0,4380.28,4.28
Tonga,TON,Oceania,Oceania,Polynesia,2013,107078,450650633.0,4208.62,-2.29
Tonga,TON,Oceania,Oceania,Polynesia,2014,106609,439877614.0,4126.08,0.04
Tonga,TON,Oceania,Oceania,Polynesia,2015,106095,437003079.0,4118.98,5.2
Tonga,TON,Oceania,Oceania,Polynesia,2016,105524,420548712.0,3985.34,2.97
Tonga,TON,Oceania,Oceania,Polynesia,2017,105356,460374355.0,4369.7,5.58
Tonga,TON,Oceania,Oceania,Polynesia,2018,105567,488906839.0,4631.25,4.94
Tonga,TON,Oceania,Oceania,Polynesia,2019,105669,512053692.0,4845.83,4.73
Tonga,TON,Oceania,Oceania,Polynesia,2020,105704,484796855.0,4586.36,0.44
Tonga,TON,Oceania,Oceania,Polynesia,2021,105490,469228220.0,4448.08,2.47
Tonga,TON,Oceania,Oceania,Polynesia,2022,105042,500274898.0,4762.62,2.08
Trinidad and Tobago,TTO,North America,Americas,Latin America and the Caribbean,2000,1319774,8154338233.0,6178.59,12.04
Trinidad and Tobago,TTO,North America,Americas,Latin America and the Caribbean,2001,1325567,8824873259.0,6657.43,2.79
Trinidad and Tobago,TTO,North America,Americas,Latin America and the Caribbean,2002,1332011,9008273721.0,6762.91,-5.19
Trinidad and Tobago,TTO,North America,Americas,Latin America and the Caribbean,2003,1338709,11305459802.0,8445.05,10.48
Trinidad and Tobago,TTO,North America,Americas,Latin America and the Caribbean,2004,1345380,13280275123.0,9871.02,8.88
Trinidad and Tobago,TTO,North America,Americas,Latin America and the Caribbean,2005,1294494,15982282462.0,12346.35,13.32
Trinidad and Tobago,TTO,North America,Americas,Latin America and the Caribbean,2006,1297944,18369361094.0,14152.66,1.73
Trinidad and Tobago,TTO,North America,Americas,Latin America and the Caribbean,2007,1303188,21641620050.0,16606.68,12.75
Trinidad and Tobago,TTO,North America,Americas,Latin America and the Caribbean,2008,1308587,27871587350.0,21298.99,23.79
Trinidad and Tobago,TTO,North America,Americas,Latin America and the Caribbean,2009,1310106,19172165226.0,14634.06,-27.63
Trinidad and Tobago,TTO,North America,Americas,Latin America and the Caribbean,2010,1317714,22157948396.0,16815.45,12.73
Trinidad and Tobago,TTO,North America,Americas,Latin America and the Caribbean,2011,1328019,25433011405.0,19151.09,15.73
Trinidad and Tobago,TTO,North America,Americas,Latin America and the Caribbean,2012,1335194,27334581560.0,20472.37,0.34
Trinidad and Tobago,TTO,North America,Americas,Latin America and the Caribbean,2013,1340557,28709988700.0,21416.46,1.65
Trinidad and Tobago,TTO,North America,Americas,Latin America and the Caribbean,2014,1345343,29699968761.0,22076.13,-0.92
Trinidad and Tobago,TTO,North America,Americas,Latin America and the Caribbean,2015,1349667,27026080987.0,20024.26,-8.73
Trinidad and Tobago,TTO,North America,Americas,Latin America and the Caribbean,2016,1353895,23713671528.0,17515.15,-0.74
Trinidad and Tobago,TTO,North America,Americas,Latin America and the Caribbean,2017,1356633,24040299978.0,17720.56,8.21
Trinidad and Tobago,TTO,North America,Americas,Latin America and the Caribbean,2018,1359193,24569079488.0,18076.23,2.69
Trinidad and Tobago,TTO,North America,Americas,Latin America and the Caribbean,2019,1363985,23775754305.0,17431.1,-3.81
Trinidad and Tobago,TTO,North America,Americas,Latin America and the Caribbean,2020,1366725,20807571314.0,15224.4,-3.79
Trinidad and Tobago,TTO,North America,Americas,Latin America and the Caribbean,2021,1367558,24496505941.0,17912.59,19.09
Trinidad and Tobago,TTO,North America,Americas,Latin America and the Caribbean,2022,1365805,30053575132.0,22004.29,20.81
Tunisia,TUN,Africa,Africa,Northern Africa,2000,9764935,21473528161.0,2199.04,3.28
Tunisia,TUN,Africa,Africa,Northern Africa,2001,9869677,22065832449.0,2235.72,3.91
Tunisia,TUN,Africa,Africa,Northern Africa,2002,9971515,23141616605.0,2320.77,2.28
Tunisia,TUN,Africa,Africa,Northern Africa,2003,10071632,27453902261.0,2725.86,2.68
Tunisia,TUN,Africa,Africa,Northern Africa,2004,10166163,31183885241.0,3067.42,3.35
Tunisia,TUN,Africa,Africa,Northern Africa,2005,10255472,32272186695.0,3146.83,4.18
Tunisia,TUN,Africa,Africa,Northern Africa,2006,10346410,34376664601.0,3322.57,3.83
Tunisia,TUN,Africa,Africa,Northern Africa,2007,10441702,38915353867.0,3726.92,2.13
Tunisia,TUN,Africa,Africa,Northern Africa,2008,10542635,44859439902.0,4255.05,6.34
Tunisia,TUN,Africa,Africa,Northern Africa,2009,10650681,43455740497.0,4080.09,3.02
Tunisia,TUN,Africa,Africa,Northern Africa,2010,10765980,46206091938.0,4291.86,9.47
Tunisia,TUN,Africa,Africa,Northern Africa,2011,10886035,48123325825.0,4420.65,4.57
Tunisia,TUN,Africa,Africa,Northern Africa,2012,11009647,47311401813.0,4297.27,4.66
Tunisia,TUN,Africa,Africa,Northern Africa,2013,11141361,48685446414.0,4369.79,4.5
Tunisia,TUN,Africa,Africa,Northern Africa,2014,11274288,50271812921.0,4458.98,4.66
Tunisia,TUN,Africa,Africa,Northern Africa,2015,11402264,45779494042.0,4014.95,4.21
Tunisia,TUN,Africa,Africa,Northern Africa,2016,11528674,44360072680.0,3847.8,4.93
Tunisia,TUN,Africa,Africa,Northern Africa,2017,11650498,42163530591.0,3619.03,4.71
Tunisia,TUN,Africa,Africa,Northern Africa,2018,11765514,42686580021.0,3628.11,7.92
Tunisia,TUN,Africa,Africa,Northern Africa,2019,11875081,41905540184.0,3528.86,7.14
Tunisia,TUN,Africa,Africa,Northern Africa,2020,11974057,42491816476.0,3548.66,6.81
Tunisia,TUN,Africa,Africa,Northern Africa,2021,12048622,46812290143.0,3885.28,4.52
Tunisia,TUN,Africa,Africa,Northern Africa,2022,12119334,44579761023.0,3678.4,3.05
Turkiye,TUR,Asia,Asia,Western Asia,2000,65425961,274294623164.0,4192.44,49.36
Turkiye,TUR,Asia,Asia,Western Asia,2001,66245128,201753123807.0,3045.55,52.98
Turkiye,TUR,Asia,Asia,Western Asia,2002,67048795,240249071871.0,3583.2,37.57
Turkiye,TUR,Asia,Asia,Western Asia,2003,67831730,314595572146.0,4637.88,23.29
Turkiye,TUR,Asia,Asia,Western Asia,2004,68592617,408865430220.0,5960.78,12.43
Turkiye,TUR,Asia,Asia,Western Asia,2005,69329557,506314717662.0,7303.01,7.09
Turkiye,TUR,Asia,Asia,Western Asia,2006,70045349,557076157773.0,7953.08,9.38
Turkiye,TUR,Asia,Asia,Western Asia,2007,70158112,681321124296.0,9711.22,6.2
Turkiye,TUR,Asia,Asia,Western Asia,2008,71051678,770449132861.0,10843.5,12.05
Turkiye,TUR,Asia,Asia,Western Asia,2009,72039206,649289324628.0,9013.0,5.45
Turkiye,TUR,Asia,Asia,Western Asia,2010,73142150,776967266306.0,10622.7,7.01
Turkiye,TUR,Asia,Asia,Western Asia,2011,74223629,838785289694.0,11300.79,8.2
Turkiye,TUR,Asia,Asia,Western Asia,2012,75175827,880555885492.0,11713.28,7.42
Turkiye,TUR,Asia,Asia,Western Asia,2013,76147624,957799120008.0,12578.19,6.28
Turkiye,TUR,Asia,Asia,Western Asia,2014,77181884,938934609297.0,12165.22,7.39
Turkiye,TUR,Asia,Asia,Western Asia,2015,78218479,864313810469.0,11050.0,7.84
Turkiye,TUR,Asia,Asia,Western Asia,2016,79277962,869682881593.0,10970.05,8.13
Turkiye,TUR,Asia,Asia,Western Asia,2017,80312698,858988492854.0,10695.55,10.98
Turkiye,TUR,Asia,Asia,Western Asia,2018,81407204,778972199728.0,9568.84,16.51
Turkiye,TUR,Asia,Asia,Western Asia,2019,82579440,761005946788.0,9215.44,13.87
Turkiye,TUR,Asia,Asia,Western Asia,2020,83384680,720338498175.0,8638.74,14.79
Turkiye,TUR,Asia,Asia,Western Asia,2021,84147318,819865253670.0,9743.21,28.97
Turkiye,TUR,Asia,Asia,Western Asia,2022,84979913,907118435953.0,10674.5,96.04
Turkmenistan,TKM,Asia,Asia,Central Asia,2000,4582677,2904663311.0,633.84,23.46
Turkmenistan,TKM,Asia,Asia,Central Asia,2001,4675409,3534772732.0,756.03,32.31
Turkmenistan,TKM,Asia,Asia,Central Asia,2002,4769465,4462029109.0,935.54,25.15
Turkmenistan,TKM,Asia,Asia,Central Asia,2003,4863865,5977440583.0,1228.95,27.15
Turkmenistan,TKM,Asia,Asia,Central Asia,2004,4958093,6838351088.0,1379.23,18.35
Turkmenistan,TKM,Asia,Asia,Central Asia,2005,5052257,8103901996.0,1604.02,7.03
Turkmenistan,TKM,Asia,Asia,Central Asia,2006,5147105,10276674365.0,1996.59,12.25
Turkmenistan,TKM,Asia,Asia,Central Asia,2007,5244046,12664165103.0,2414.96,9.27
Turkmenistan,TKM,Asia,Asia,Central Asia,2008,5345029,19271523179.0,3605.5,59.74
Turkmenistan,TKM,Asia,Asia,Central Asia,2009,5451592,20214385965.0,3707.98,9.76
Turkmenistan,TKM,Asia,Asia,Central Asia,2010,5564356,22583157895.0,4058.54,2.31
Turkmenistan,TKM,Asia,Asia,Central Asia,2011,5683417,29233333333.0,5143.62,12.86
Turkmenistan,TKM,Asia,Asia,Central Asia,2012,5808546,35164210526.0,6053.87,8.27
Turkmenistan,TKM,Asia,Asia,Central Asia,2013,5939341,39197543860.0,6599.65,1.15
Turkmenistan,TKM,Asia,Asia,Central Asia,2014,6075283,43524210526.0,7164.15,0.67
Turkmenistan,TKM,Asia,Asia,Central Asia,2015,6215770,35799714286.0,5759.5,-5.15
Turkmenistan,TKM,Asia,Asia,Central Asia,2016,6360041,36169428571.0,5686.98,-4.87
Turkmenistan,TKM,Asia,Asia,Central Asia,2017,6507061,37926285714.0,5828.48,-1.54
Turkmenistan,TKM,Asia,Asia,Central Asia,2018,6655524,40765428571.0,6125.05,1.21
Turkmenistan,TKM,Asia,Asia,Central Asia,2019,6803944,45232857143.0,6648.03,4.38
Turkmenistan,TKM,Asia,Asia,Central Asia,2020,6949912,45818000000.0,6592.6,-4.35
Turkmenistan,TKM,Asia,Asia,Central Asia,2021,7092043,50007428571.0,7051.2,2.77
Turkmenistan,TKM,Asia,Asia,Central Asia,2022,7230193,56542857143.0,7820.38,11.04
Turks and Caicos Islands,TCA,North America,Americas,Latin America and the Caribbean,2001,19576,358744800.0,18325.75,
Turks and Caicos Islands,TCA,North America,Americas,Latin America and the Caribbean,2002,20597,366707900.0,17803.95,
Turks and Caicos Islands,TCA,North America,Americas,Latin America and the Caribbean,2003,21727,409753600.0,18859.19,
Turks and Caicos Islands,TCA,North America,Americas,Latin America and the Caribbean,2004,22856,485598800.0,21246.01,
Turks and Caicos Islands,TCA,North America,Americas,Latin America and the Caribbean,2005,23988,578645800.0,24122.3,
Turks and Caicos Islands,TCA,North America,Americas,Latin America and the Caribbean,2006,25123,721891500.0,28734.29,
Turks and Caicos Islands,TCA,North America,Americas,Latin America and the Caribbean,2007,26270,773489700.0,29443.84,
Turks and Caicos Islands,TCA,North America,Americas,Latin America and the Caribbean,2008,27427,862683600.0,31453.81,
Turks and Caicos Islands,TCA,North America,Americas,Latin America and the Caribbean,2009,28588,703175800.0,24596.89,
Turks and Caicos Islands,TCA,North America,Americas,Latin America and the Caribbean,2010,29739,686787800.0,23093.84,
Turks and Caicos Islands,TCA,North America,Americas,Latin America and the Caribbean,2011,30846,728789600.0,23626.71,
Turks and Caicos Islands,TCA,North America,Americas,Latin America and the Caribbean,2012,32127,727161000.0,22633.95,0.76
Turks and Caicos Islands,TCA,North America,Americas,Latin America and the Caribbean,2013,33653,754238000.0,22412.21,2.62
Turks and Caicos Islands,TCA,North America,Americas,Latin America and the Caribbean,2014,35050,841070000.0,23996.29,2.58
Turks and Caicos Islands,TCA,North America,Americas,Latin America and the Caribbean,2015,36605,942070000.0,25736.1,0.62
Turks and Caicos Islands,TCA,North America,Americas,Latin America and the Caribbean,2016,38315,1032452000.0,26946.42,2.18
Turks and Caicos Islands,TCA,North America,Americas,Latin America and the Caribbean,2017,39913,1028941663.0,25779.61,2.22
Turks and Caicos Islands,TCA,North America,Americas,Latin America and the Caribbean,2018,41559,1128749005.0,27160.16,3.87
Turks and Caicos Islands,TCA,North America,Americas,Latin America and the Caribbean,2019,43166,1177285212.0,27273.44,-0.96
Turks and Caicos Islands,TCA,North America,Americas,Latin America and the Caribbean,2020,44386,774653669.0,17452.66,-10.13
Turks and Caicos Islands,TCA,North America,Americas,Latin America and the Caribbean,2021,45243,1045782454.0,23114.79,23.82
Turks and Caicos Islands,TCA,North America,Americas,Latin America and the Caribbean,2022,45847,1228794383.0,26802.07,10.64
Tuvalu,TUV,Oceania,Oceania,Polynesia,2000,9544,15073976.0,1579.42,14.45
Tuvalu,TUV,Oceania,Oceania,Polynesia,2001,9586,13964732.0,1456.78,3.85
Tuvalu,TUV,Oceania,Oceania,Polynesia,2002,9623,16842673.0,1750.25,4.83
Tuvalu,TUV,Oceania,Oceania,Polynesia,2003,9695,19456338.0,2006.84,1.17
Tuvalu,TUV,Oceania,Oceania,Polynesia,2004,9816,22798275.0,2322.56,5.74
Tuvalu,TUV,Oceania,Oceania,Polynesia,2005,9940,22909980.0,2304.83,1.49
Tuvalu,TUV,Oceania,Oceania,Polynesia,2006,10056,24096875.0,2396.27,4.13
Tuvalu,TUV,Oceania,Oceania,Polynesia,2007,10182,28450169.0,2794.16,-0.83
Tuvalu,TUV,Oceania,Oceania,Polynesia,2008,10321,31874435.0,3088.31,4.78
Tuvalu,TUV,Oceania,Oceania,Polynesia,2009,10461,28076984.0,2683.97,1.05
Tuvalu,TUV,Oceania,Oceania,Polynesia,2010,10614,32105408.0,3024.82,-0.57
Tuvalu,TUV,Oceania,Oceania,Polynesia,2011,10780,39196957.0,3636.08,1.64
Tuvalu,TUV,Oceania,Oceania,Polynesia,2012,10934,39345579.0,3598.46,2.17
Tuvalu,TUV,Oceania,Oceania,Polynesia,2013,11001,38615891.0,3510.22,0.88
Tuvalu,TUV,Oceania,Oceania,Polynesia,2014,10984,38760983.0,3528.86,7.5
Tuvalu,TUV,Oceania,Oceania,Polynesia,2015,10963,36811936.0,3357.83,3.2
Tuvalu,TUV,Oceania,Oceania,Polynesia,2016,10930,41629064.0,3808.7,8.16
Tuvalu,TUV,Oceania,Oceania,Polynesia,2017,10869,45276595.0,4165.66,2.97
Tuvalu,TUV,Oceania,Oceania,Polynesia,2018,10751,48015260.0,4466.12,7.3
Tuvalu,TUV,Oceania,Oceania,Polynesia,2019,10581,54123199.0,5115.13,6.44
Tuvalu,TUV,Oceania,Oceania,Polynesia,2020,10399,51746594.0,4976.11,0.89
Tuvalu,TUV,Oceania,Oceania,Polynesia,2021,10194,60196406.0,5905.08,4.68
Tuvalu,TUV,Oceania,Oceania,Polynesia,2022,9992,59065982.0,5911.33,5.55
Uganda,UGA,Africa,Africa,Sub-Saharan Africa,2000,24000150,6193246837.0,258.05,11.12
Uganda,UGA,Africa,Africa,Sub-Saharan Africa,2001,24745676,5840503869.0,236.02,4.53
Uganda,UGA,Africa,Africa,Sub-Saharan Africa,2002,25532870,6178563591.0,241.98,-3.17
Uganda,UGA,Africa,Africa,Sub-Saharan Africa,2003,26352124,6606884275.0,250.72,7.81
Uganda,UGA,Africa,Africa,Sub-Saharan Africa,2004,27154515,7939487548.0,292.38,15.59
Uganda,UGA,Africa,Africa,Sub-Saharan Africa,2005,27963289,9239221763.0,330.41,-1.74
Uganda,UGA,Africa,Africa,Sub-Saharan Africa,2006,28794003,9977647683.0,346.52,2.41
Uganda,UGA,Africa,Africa,Sub-Saharan Africa,2007,29653430,11902564495.0,401.39,7.32
Uganda,UGA,Africa,Africa,Sub-Saharan Africa,2008,30539553,14440404132.0,472.84,6.36
Uganda,UGA,Africa,Africa,Sub-Saharan Africa,2009,31451151,25127805567.0,798.95,85.35
Uganda,UGA,Africa,Africa,Sub-Saharan Africa,2010,32390802,26673441431.0,823.49,5.64
Uganda,UGA,Africa,Africa,Sub-Saharan Africa,2011,33354543,27871725241.0,835.62,9.39
Uganda,UGA,Africa,Africa,Sub-Saharan Africa,2012,34337438,27305915911.0,795.22,3.84
Uganda,UGA,Africa,Africa,Sub-Saharan Africa,2013,35337042,28915786517.0,818.29,3.59
Uganda,UGA,Africa,Africa,Sub-Saharan Africa,2014,36395539,32612397257.0,896.05,5.11
Uganda,UGA,Africa,Africa,Sub-Saharan Africa,2015,37531446,32387183730.0,862.93,5.19
Uganda,UGA,Africa,Africa,Sub-Saharan Africa,2016,38799152,29203988696.0,752.7,4.78
Uganda,UGA,Africa,Africa,Sub-Saharan Africa,2017,40177388,30744473841.0,765.22,4.65
Uganda,UGA,Africa,Africa,Sub-Saharan Africa,2018,41565831,32927025620.0,792.17,4.44
Uganda,UGA,Africa,Africa,Sub-Saharan Africa,2019,42999637,35348155095.0,822.06,3.0
Uganda,UGA,Africa,Africa,Sub-Saharan Africa,2020,44457152,37600368240.0,845.77,2.72
Uganda,UGA,Africa,Africa,Sub-Saharan Africa,2021,45910930,40529788744.0,882.79,2.55
Uganda,UGA,Africa,Africa,Sub-Saharan Africa,2022,47312719,45565333216.0,963.07,4.92
Ukraine,UKR,Europe,Europe,Eastern Europe,2000,49556660,32375083935.0,653.29,27.5
Ukraine,UKR,Europe,Europe,Eastern Europe,2001,49106855,39309580983.0,800.49,10.2
Ukraine,UKR,Europe,Europe,Eastern Europe,2002,48677281,43956163612.0,903.01,5.25
Ukraine,UKR,Europe,Europe,Eastern Europe,2003,48315136,52010355753.0,1076.48,8.16
Ukraine,UKR,Europe,Europe,Eastern Europe,2004,47979507,67220154164.0,1401.02,15.31
Ukraine,UKR,Europe,Europe,Eastern Europe,2005,47585556,89238865119.0,1875.34,24.1
Ukraine,UKR,Europe,Europe,Eastern Europe,2006,47278694,111884752475.0,2366.49,14.85
Ukraine,UKR,Europe,Europe,Eastern Europe,2007,47062798,148733861386.0,3160.33,22.84
Ukraine,UKR,Europe,Europe,Eastern Europe,2008,46819175,188110390660.0,4017.81,29.02
Ukraine,UKR,Europe,Europe,Eastern Europe,2009,46623731,121552153444.0,2607.09,12.63
Ukraine,UKR,Europe,Europe,Eastern Europe,2010,46456003,141209170427.0,3039.63,13.67
Ukraine,UKR,Europe,Europe,Eastern Europe,2011,46307853,169333835202.0,3656.7,14.18
Ukraine,UKR,Europe,Europe,Eastern Europe,2012,46210056,182591753828.0,3951.34,7.98
Ukraine,UKR,Europe,Europe,Eastern Europe,2013,46126770,190498811460.0,4129.9,4.31
Ukraine,UKR,Europe,Europe,Eastern Europe,2014,45972380,133503871862.0,2904.0,15.9
Ukraine,UKR,Europe,Europe,Eastern Europe,2015,45784896,91030967789.0,1988.23,38.88
Ukraine,UKR,Europe,Europe,Eastern Europe,2016,45616832,93355869404.0,2046.52,17.1
Ukraine,UKR,Europe,Europe,Eastern Europe,2017,45436041,112090505082.0,2467.0,22.1
Ukraine,UKR,Europe,Europe,Eastern Europe,2018,45208907,130891088294.0,2895.25,15.4
Ukraine,UKR,Europe,Europe,Eastern Europe,2019,44957458,153883047510.0,3422.86,8.25
Ukraine,UKR,Europe,Europe,Eastern Europe,2020,44680014,156617722013.0,3505.32,10.29
Ukraine,UKR,Europe,Europe,Eastern Europe,2021,44298640,199765859571.0,4509.53,24.8
Ukraine,UKR,Europe,Europe,Eastern Europe,2022,41048766,161989520721.0,3946.27,34.92
United Arab Emirates,ARE,Asia,Asia,Western Asia,2000,3493575,104337372362.0,29865.5,11.46
United Arab Emirates,ARE,Asia,Asia,Western Asia,2001,3723590,103311640572.0,27745.17,-2.35
United Arab Emirates,ARE,Asia,Asia,Western Asia,2002,3956826,109816201498.0,27753.61,3.77
United Arab Emirates,ARE,Asia,Asia,Western Asia,2003,4192457,124346358067.0,29659.54,4.07
United Arab Emirates,ARE,Asia,Asia,Western Asia,2004,4428967,147824370320.0,33376.72,8.5
United Arab Emirates,ARE,Asia,Asia,Western Asia,2005,4664790,180617467965.0,38719.31,16.53
United Arab Emirates,ARE,Asia,Asia,Western Asia,2006,5009100,222116541865.0,44342.6,11.96
United Arab Emirates,ARE,Asia,Asia,Western Asia,2007,5624635,257916133424.0,45854.73,12.53
United Arab Emirates,ARE,Asia,Asia,Western Asia,2008,6302664,315474615739.0,50054.17,18.53
United Arab Emirates,ARE,Asia,Asia,Western Asia,2009,6707058,253547358747.0,37803.07,-15.18
United Arab Emirates,ARE,Asia,Asia,Western Asia,2010,6869838,300189052689.0,43696.67,16.53
United Arab Emirates,ARE,Asia,Asia,Western Asia,2011,7104538,360832739551.0,50789.05,13.17
United Arab Emirates,ARE,Asia,Asia,Western Asia,2012,7391448,384610125391.0,52034.48,4.68
United Arab Emirates,ARE,Asia,Asia,Western Asia,2013,7693031,400218529748.0,52023.52,-0.95
United Arab Emirates,ARE,Asia,Asia,Western Asia,2014,8059440,414105366753.0,51381.41,-0.67
United Arab Emirates,ARE,Asia,Asia,Western Asia,2015,8505237,370275469571.0,43535.0,-16.27
United Arab Emirates,ARE,Asia,Asia,Western Asia,2016,8935095,369255326236.0,41326.4,-5.53
United Arab Emirates,ARE,Asia,Asia,Western Asia,2017,9223225,390516804030.0,42340.59,4.99
United Arab Emirates,ARE,Asia,Asia,Western Asia,2018,9346701,427049432158.0,45689.86,7.94
United Arab Emirates,ARE,Asia,Asia,Western Asia,2019,9445785,417989721743.0,44251.45,-3.19
United Arab Emirates,ARE,Asia,Asia,Western Asia,2020,9401038,349473015330.0,37173.88,-12.03
United Arab Emirates,ARE,Asia,Asia,Western Asia,2021,9575152,415178792757.0,43360.02,13.84
United Arab Emirates,ARE,Asia,Asia,Western Asia,2022,10074977,507063968278.0,50329.04,12.63
United Kingdom,GBR,Europe,Europe,Northern Europe,2000,58892514,1665534876683.0,28280.93,1.12
United Kingdom,GBR,Europe,Europe,Northern Europe,2001,59119673,1649827263567.0,27906.57,1.51
United Kingdom,GBR,Europe,Europe,Northern Europe,2002,59370479,1785729916067.0,30077.74,2.12
United Kingdom,GBR,Europe,Europe,Northern Europe,2003,59647577,2054422857143.0,34442.69,2.39
United Kingdom,GBR,Europe,Europe,Northern Europe,2004,59987905,2421525082387.0,40366.89,2.59
United Kingdom,GBR,Europe,Europe,Northern Europe,2005,60401206,2543180000000.0,42104.79,2.94
United Kingdom,GBR,Europe,Europe,Northern Europe,2006,60846820,2708441582337.0,44512.46,2.79
United Kingdom,GBR,Europe,Europe,Northern Europe,2007,61322463,3090510204082.0,50397.69,2.25
United Kingdom,GBR,Europe,Europe,Northern Europe,2008,61806995,2929411764706.0,47396.12,3.43
United Kingdom,GBR,Europe,Europe,Northern Europe,2009,62276270,2412840006232.0,38744.13,1.9
United Kingdom,GBR,Europe,Europe,Northern Europe,2010,62766365,2485482596185.0,39598.96,1.59
United Kingdom,GBR,Europe,Europe,Northern Europe,2011,63258810,2663805834828.0,42109.64,2.2
United Kingdom,GBR,Europe,Europe,Northern Europe,2012,63711000,2707089726615.0,42490.15,1.54
United Kingdom,GBR,Europe,Europe,Northern Europe,2013,64139000,2784853502534.0,43419.04,2.11
United Kingdom,GBR,Europe,Europe,Northern Europe,2014,64620000,3064708247921.0,47426.62,1.32
United Kingdom,GBR,Europe,Europe,Northern Europe,2015,65088000,2927911140917.0,44983.89,0.66
United Kingdom,GBR,Europe,Europe,Northern Europe,2016,65607000,2689106566900.0,40988.1,1.96
United Kingdom,GBR,Europe,Europe,Northern Europe,2017,65966000,2680148052335.0,40629.23,1.86
United Kingdom,GBR,Europe,Europe,Northern Europe,2018,66289000,2871340347582.0,43315.49,1.92
United Kingdom,GBR,Europe,Europe,Northern Europe,2019,66631000,2851407164908.0,42794.0,2.13
United Kingdom,GBR,Europe,Europe,Northern Europe,2020,66744000,2697806592294.0,40420.21,4.97
United Kingdom,GBR,Europe,Europe,Northern Europe,2021,66984000,3141506156619.0,46899.35,0.07
United Kingdom,GBR,Europe,Europe,Northern Europe,2022,67604000,3088839763445.0,45690.19,5.44
United States,USA,North America,Americas,Northern America,2000,282162411,10250952000000.0,36329.97,2.27
United States,USA,North America,Americas,Northern America,2001,284968955,10581929000000.0,37133.62,2.25
United States,USA,North America,Americas,Northern America,2002,287625193,10929108000000.0,37997.74,1.55
United States,USA,North America,Americas,Northern America,2003,290107933,11456450000000.0,39490.3,1.97
United States,USA,North America,Americas,Northern America,2004,292805298,12217196000000.0,41724.64,2.69
United States,USA,North America,Americas,Northern America,2005,295516599,13039197000000.0,44123.4,3.14
United States,USA,North America,Americas,Northern America,2006,298379912,13815583000000.0,46301.99,3.08
United States,USA,North America,Americas,Northern America,2007,301231207,14474228000000.0,48050.23,2.71
United States,USA,North America,Americas,Northern America,2008,304093966,14769862000000.0,48570.06,1.93
United States,USA,North America,Americas,Northern America,2009,306771529,14478067000000.0,47194.95,0.62
United States,USA,North America,Americas,Northern America,2010,309378227,15048971000000.0,48642.63,1.22
United States,USA,North America,Americas,Northern America,2011,311839461,15599732000000.0,50024.88,2.06
United States,USA,North America,Americas,Northern America,2012,314339099,16253970000000.0,51708.39,1.86
United States,USA,North America,Americas,Northern America,2013,316726282,16880683000000.0,53297.39,1.7
United States,USA,North America,Americas,Northern America,2014,319257560,17608138000000.0,55153.39,1.74
United States,USA,North America,Americas,Northern America,2015,321815121,18295019000000.0,56849.47,0.93
United States,USA,North America,Americas,Northern America,2016,324353340,18804913000000.0,57976.63,0.95
United States,USA,North America,Americas,Northern America,2017,326608609,19612102000000.0,60047.72,1.79
United States,USA,North America,Americas,Northern America,2018,328529577,20656516000000.0,62875.67,2.29
United States,USA,North America,Americas,Northern America,2019,330226227,21521395000000.0,65171.67,1.65
United States,USA,North America,Americas,Northern America,2020,331577720,21322950000000.0,64307.55,1.33
United States,USA,North America,Americas,Northern America,2021,332099760,23594031000000.0,71045.01,4.57
United States,USA,North America,Americas,Northern America,2022,334017321,25744108000000.0,77074.17,7.13
Uruguay,URY,South America,Americas,Latin America and the Caribbean,2000,3266206,22823270892.0,6987.7,3.54
Uruguay,URY,South America,Americas,Latin America and the Caribbean,2001,3274251,20898761742.0,6382.76,4.83
Uruguay,URY,South America,Americas,Latin America and the Caribbean,2002,3278867,13606515723.0,4149.76,12.62
Uruguay,URY,South America,Americas,Latin America and the Caribbean,2003,3281186,12045638352.0,3671.12,16.54
Uruguay,URY,South America,Americas,Latin America and the Caribbean,2004,3283148,13686329890.0,4168.66,10.11
Uruguay,URY,South America,Americas,Latin America and the Caribbean,2005,3285771,17362857684.0,5284.26,0.68
Uruguay,URY,South America,Americas,Latin America and the Caribbean,2006,3289506,19741420740.0,6001.33,7.41
Uruguay,URY,South America,Americas,Latin America and the Caribbean,2007,3295153,23797773024.0,7222.05,10.31
Uruguay,URY,South America,Americas,Latin America and the Caribbean,2008,3302177,31119602539.0,9423.97,8.9
Uruguay,URY,South America,Americas,Latin America and the Caribbean,2009,3310091,32708319078.0,9881.4,8.62
Uruguay,URY,South America,Americas,Latin America and the Caribbean,2010,3318580,41950361212.0,12641.06,5.75
Uruguay,URY,South America,Americas,Latin America and the Caribbean,2011,3326825,50342406067.0,15132.27,9.88
Uruguay,URY,South America,Americas,Latin America and the Caribbean,2012,3335401,54232266359.0,16259.59,9.41
Uruguay,URY,South America,Americas,Latin America and the Caribbean,2013,3345337,61337621934.0,18335.26,9.0
Uruguay,URY,South America,Americas,Latin America and the Caribbean,2014,3356334,61496186974.0,18322.43,10.22
Uruguay,URY,South America,Americas,Latin America and the Caribbean,2015,3368017,57680327999.0,17125.9,9.86
Uruguay,URY,South America,Americas,Latin America and the Caribbean,2016,3379283,57480788380.0,17009.76,8.17
Uruguay,URY,South America,Americas,Latin America and the Caribbean,2017,3388438,65006047680.0,19184.66,5.68
Uruguay,URY,South America,Americas,Latin America and the Caribbean,2018,3394534,65344408987.0,19249.89,7.53
Uruguay,URY,South America,Americas,Latin America and the Caribbean,2019,3397206,62222387929.0,18315.75,8.26
Uruguay,URY,South America,Americas,Latin America and the Caribbean,2020,3398968,53668636568.0,15789.69,10.98
Uruguay,URY,South America,Americas,Latin America and the Caribbean,2021,3396695,60760798596.0,17888.21,11.18
Uruguay,URY,South America,Americas,Latin America and the Caribbean,2022,3390913,70164683290.0,20691.97,4.24
Uzbekistan,UZB,Asia,Asia,Central Asia,2000,24787054,13760513969.0,555.15,47.29
Uzbekistan,UZB,Asia,Asia,Central Asia,2001,25090283,11401421329.0,454.42,45.24
Uzbekistan,UZB,Asia,Asia,Central Asia,2002,25399980,9687788513.0,381.41,45.48
Uzbekistan,UZB,Asia,Asia,Central Asia,2003,25711259,10134453435.0,394.16,26.77
Uzbekistan,UZB,Asia,Asia,Central Asia,2004,26029350,12030023548.0,462.17,15.92
Uzbekistan,UZB,Asia,Asia,Central Asia,2005,26356975,14307509839.0,542.84,21.43
Uzbekistan,UZB,Asia,Asia,Central Asia,2006,26699043,17330833853.0,649.12,23.47
Uzbekistan,UZB,Asia,Asia,Central Asia,2007,27076008,22311393928.0,824.03,21.9
Uzbekistan,UZB,Asia,Asia,Central Asia,2008,27494774,29549438884.0,1074.73,26.79
Uzbekistan,UZB,Asia,Asia,Central Asia,2009,27939328,33689223673.0,1205.8,17.26
Uzbekistan,UZB,Asia,Asia,Central Asia,2010,28385506,49765676402.0,1753.21,48.58
Uzbekistan,UZB,Asia,Asia,Central Asia,2011,28823196,60178909297.0,2087.86,21.63
Uzbekistan,UZB,Asia,Asia,Central Asia,2012,29261903,67517349212.0,2307.35,15.4
Uzbekistan,UZB,Asia,Asia,Central Asia,2013,29724065,73180037915.0,2461.98,11.99
Uzbekistan,UZB,Asia,Asia,Central Asia,2014,30222994,80845385809.0,2674.96,14.02
Uzbekistan,UZB,Asia,Asia,Central Asia,2015,30749346,86196264755.0,2803.19,10.5
Uzbekistan,UZB,Asia,Asia,Central Asia,2016,31284568,86138288644.0,2753.38,8.93
Uzbekistan,UZB,Asia,Asia,Central Asia,2017,31819178,62081322740.0,1951.07,33.68
Uzbekistan,UZB,Asia,Asia,Central Asia,2018,32373490,52870108215.0,1633.13,25.88
Uzbekistan,UZB,Asia,Asia,Central Asia,2019,32964701,60283503705.0,1828.73,17.58
Uzbekistan,UZB,Asia,Asia,Central Asia,2020,33586372,60224701297.0,1793.13,10.61
Uzbekistan,UZB,Asia,Asia,Central Asia,2021,34243696,69600614987.0,2032.51,13.69
Uzbekistan,UZB,Asia,Asia,Central Asia,2022,34938955,81140823252.0,2322.36,14.46
Vanuatu,VUT,Oceania,Oceania,Melanesia,2000,186281,272014628.0,1460.24,2.18
Vanuatu,VUT,Oceania,Oceania,Melanesia,2001,191031,257926882.0,1350.18,3.62
Vanuatu,VUT,Oceania,Oceania,Melanesia,2002,195863,262596536.0,1340.72,2.87
Vanuatu,VUT,Oceania,Oceania,Melanesia,2003,200746,314471413.0,1566.51,0.8
Vanuatu,VUT,Oceania,Oceania,Melanesia,2004,205711,364996869.0,1774.32,2.12
Vanuatu,VUT,Oceania,Oceania,Melanesia,2005,210760,394962433.0,1873.99,0.42
Vanuatu,VUT,Oceania,Oceania,Melanesia,2006,215923,439358587.0,2034.79,3.87
Vanuatu,VUT,Oceania,Oceania,Melanesia,2007,221276,516392923.0,2333.71,5.78
Vanuatu,VUT,Oceania,Oceania,Melanesia,2008,226896,590748429.0,2603.61,7.16
Vanuatu,VUT,Oceania,Oceania,Melanesia,2009,232731,592622319.0,2546.38,2.55
Vanuatu,VUT,Oceania,Oceania,Melanesia,2010,238248,670712980.0,2815.19,1.47
Vanuatu,VUT,Oceania,Oceania,Melanesia,2011,243474,770153588.0,3163.19,2.79
Vanuatu,VUT,Oceania,Oceania,Melanesia,2012,248883,747839698.0,3004.78,-0.46
Vanuatu,VUT,Oceania,Oceania,Melanesia,2013,254482,758304466.0,2979.8,3.01
Vanuatu,VUT,Oceania,Oceania,Melanesia,2014,260240,772315984.0,2967.71,1.39
Vanuatu,VUT,Oceania,Oceania,Melanesia,2015,266101,730870803.0,2746.59,5.86
Vanuatu,VUT,Oceania,Oceania,Melanesia,2016,272087,780889606.0,2870.0,1.58
Vanuatu,VUT,Oceania,Oceania,Melanesia,2017,278507,880061834.0,3159.93,5.36
Vanuatu,VUT,Oceania,Oceania,Melanesia,2018,285259,914736985.0,3206.69,3.21
Vanuatu,VUT,Oceania,Oceania,Melanesia,2019,291985,936526268.0,3207.45,3.28
Vanuatu,VUT,Oceania,Oceania,Melanesia,2020,298858,909421044.0,3042.99,2.79
Vanuatu,VUT,Oceania,Oceania,Melanesia,2021,305868,950394007.0,3107.2,0.7
Vanuatu,VUT,Oceania,Oceania,Melanesia,2022,313046,1022219298.0,3265.4,11.23
"Venezuela, RB",VEN,South America,Americas,Latin America and the Caribbean,2000,24526708,117146466003.0,4776.28,29.45
"Venezuela, RB",VEN,South America,Americas,Latin America and the Caribbean,2001,24979922,122911036747.0,4920.39,8.0
"Venezuela, RB",VEN,South America,Americas,Latin America and the Caribbean,2002,25435671,92893587734.0,3652.1,33.02
"Venezuela, RB",VEN,South America,Americas,Latin America and the Caribbean,2003,25892703,83620628582.0,3229.51,34.93
"Venezuela, RB",VEN,South America,Americas,Latin America and the Caribbean,2004,26340838,112451400425.0,4269.09,33.95
"Venezuela, RB",VEN,South America,Americas,Latin America and the Caribbean,2005,26785804,145513489652.0,5432.49,29.6
"Venezuela, RB",VEN,South America,Americas,Latin America and the Caribbean,2006,27224686,183477522124.0,6739.38,17.9
"Venezuela, RB",VEN,South America,Americas,Latin America and the Caribbean,2007,27649363,230364012576.0,8331.62,15.45
"Venezuela, RB",VEN,South America,Americas,Latin America and the Caribbean,2008,28053696,315953388511.0,11262.45,30.13
"Venezuela, RB",VEN,South America,Americas,Latin America and the Caribbean,2009,28438298,329787628928.0,11596.6,7.83
"Venezuela, RB",VEN,South America,Americas,Latin America and the Caribbean,2010,28813101,393192354511.0,13646.3,45.94
"Venezuela, RB",VEN,South America,Americas,Latin America and the Caribbean,2011,29185212,316482190800.0,10843.92,28.15
"Venezuela, RB",VEN,South America,Americas,Latin America and the Caribbean,2012,29553826,381286237848.0,12901.42,14.06
"Venezuela, RB",VEN,South America,Americas,Latin America and the Caribbean,2013,29912198,371005379787.0,12403.15,35.5
"Venezuela, RB",VEN,South America,Americas,Latin America and the Caribbean,2014,30254079,482359318768.0,15943.61,40.44
Viet Nam,VNM,Asia,Asia,South-eastern Asia,2000,77154011,31172518403.0,404.03,3.41
Viet Nam,VNM,Asia,Asia,South-eastern Asia,2001,77969361,32685198809.0,419.21,2.62
Viet Nam,VNM,Asia,Asia,South-eastern Asia,2002,78772224,35064105501.0,445.13,4.7
Viet Nam,VNM,Asia,Asia,South-eastern Asia,2003,79563777,39552513232.0,497.12,7.11
Viet Nam,VNM,Asia,Asia,South-eastern Asia,2004,80338971,45427854693.0,565.45,8.43
Viet Nam,VNM,Asia,Asia,South-eastern Asia,2005,81088313,57633255738.0,710.75,18.81
Viet Nam,VNM,Asia,Asia,South-eastern Asia,2006,82167897,66371664817.0,807.76,8.57
Viet Nam,VNM,Asia,Asia,South-eastern Asia,2007,83633375,77414425532.0,925.64,9.63
Viet Nam,VNM,Asia,Asia,South-eastern Asia,2008,85175788,99130304099.0,1163.83,22.67
Viet Nam,VNM,Asia,Asia,South-eastern Asia,2009,86460018,106014659565.0,1226.17,6.22
Viet Nam,VNM,Asia,Asia,South-eastern Asia,2010,87455152,147201173197.0,1683.16,42.3
Viet Nam,VNM,Asia,Asia,South-eastern Asia,2011,88468314,172595049184.0,1950.93,21.41
Viet Nam,VNM,Asia,Asia,South-eastern Asia,2012,89510356,195590661129.0,2185.12,9.08
Viet Nam,VNM,Asia,Asia,South-eastern Asia,2013,90573104,213708811665.0,2359.52,4.04
Viet Nam,VNM,Asia,Asia,South-eastern Asia,2014,91679578,233451469643.0,2546.38,3.7
Viet Nam,VNM,Asia,Asia,South-eastern Asia,2015,92823254,239258328382.0,2577.57,-1.72
Viet Nam,VNM,Asia,Asia,South-eastern Asia,2016,94000117,257096001178.0,2735.06,1.82
Viet Nam,VNM,Asia,Asia,South-eastern Asia,2017,95176977,281353605987.0,2956.11,4.36
Viet Nam,VNM,Asia,Asia,South-eastern Asia,2018,96237319,310106478395.0,3222.31,3.63
Viet Nam,VNM,Asia,Asia,South-eastern Asia,2019,97173776,334365270497.0,3440.9,2.42
Viet Nam,VNM,Asia,Asia,South-eastern Asia,2020,98079191,346615738538.0,3534.04,1.47
Viet Nam,VNM,Asia,Asia,South-eastern Asia,2021,98935098,366474752771.0,3704.19,2.88
Viet Nam,VNM,Asia,Asia,South-eastern Asia,2022,99680655,410324028883.0,4116.39,4.05
Virgin Islands (U.S.),VIR,North America,Americas,Latin America and the Caribbean,2002,108509,3262000000.0,30062.02,
Virgin Islands (U.S.),VIR,North America,Americas,Latin America and the Caribbean,2003,108505,3443000000.0,31731.26,5.97
Virgin Islands (U.S.),VIR,North America,Americas,Latin America and the Caribbean,2004,108466,3797000000.0,35006.36,6.77
Virgin Islands (U.S.),VIR,North America,Americas,Latin America and the Caribbean,2005,108453,4428000000.0,40828.75,12.69
Virgin Islands (U.S.),VIR,North America,Americas,Latin America and the Caribbean,2006,108369,4484000000.0,41377.15,-2.16
Virgin Islands (U.S.),VIR,North America,Americas,Latin America and the Caribbean,2007,108337,4784000000.0,44158.51,2.58
Virgin Islands (U.S.),VIR,North America,Americas,Latin America and the Caribbean,2008,108397,4244000000.0,39152.38,-12.36
Virgin Islands (U.S.),VIR,North America,Americas,Latin America and the Caribbean,2009,108404,4201000000.0,38753.18,5.98
Virgin Islands (U.S.),VIR,North America,Americas,Latin America and the Caribbean,2010,108357,4324000000.0,39905.13,2.32
Virgin Islands (U.S.),VIR,North America,Americas,Latin America and the Caribbean,2011,108290,4223000000.0,38997.14,6.39
Virgin Islands (U.S.),VIR,North America,Americas,Latin America and the Caribbean,2012,108188,4089000000.0,37795.32,13.66
Virgin Islands (U.S.),VIR,North America,Americas,Latin America and the Caribbean,2013,108041,3738000000.0,34597.98,-2.45
Virgin Islands (U.S.),VIR,North America,Americas,Latin America and the Caribbean,2014,107882,3565000000.0,33045.36,-2.91
Virgin Islands (U.S.),VIR,North America,Americas,Latin America and the Caribbean,2015,107712,3663000000.0,34007.35,3.19
Virgin Islands (U.S.),VIR,North America,Americas,Latin America and the Caribbean,2016,107516,3798000000.0,35324.97,2.05
Virgin Islands (U.S.),VIR,North America,Americas,Latin America and the Caribbean,2017,107281,3794000000.0,35365.07,0.63
Virgin Islands (U.S.),VIR,North America,Americas,Latin America and the Caribbean,2018,107001,3923000000.0,36663.21,1.49
Virgin Islands (U.S.),VIR,North America,Americas,Latin America and the Caribbean,2019,106669,4121000000.0,38633.53,2.08
Virgin Islands (U.S.),VIR,North America,Americas,Latin America and the Caribbean,2020,106290,4189000000.0,39411.05,4.31
Virgin Islands (U.S.),VIR,North America,Americas,Latin America and the Caribbean,2021,105870,4444000000.0,41976.01,2.8
West Bank and Gaza,PSE,Asia,Asia,Western Asia,2000,2922153,4313600000.0,1476.17,10.44
West Bank and Gaza,PSE,Asia,Asia,Western Asia,2001,2997784,4003700000.0,1335.55,2.35
West Bank and Gaza,PSE,Asia,Asia,Western Asia,2002,3075373,3555800000.0,1156.22,1.49
West Bank and Gaza,PSE,Asia,Asia,Western Asia,2003,3154969,3968000000.0,1257.7,-2.13
West Bank and Gaza,PSE,Asia,Asia,Western Asia,2004,3236626,4603100000.0,1422.19,-4.85
West Bank and Gaza,PSE,Asia,Asia,Western Asia,2005,3320396,5125700000.0,1543.7,0.06
West Bank and Gaza,PSE,Asia,Asia,Western Asia,2006,3406334,5348300000.0,1570.1,5.39
West Bank and Gaza,PSE,Asia,Asia,Western Asia,2007,3494496,5815700000.0,1664.25,4.77
West Bank and Gaza,PSE,Asia,Asia,Western Asia,2008,3591977,7310400000.0,2035.2,17.01
West Bank and Gaza,PSE,Asia,Asia,Western Asia,2009,3689099,8085700000.0,2191.78,1.85
West Bank and Gaza,PSE,Asia,Asia,Western Asia,2010,3786161,9681500000.0,2557.08,13.2
West Bank and Gaza,PSE,Asia,Asia,Western Asia,2011,3882986,11186100000.0,2880.8,5.42
West Bank and Gaza,PSE,Asia,Asia,Western Asia,2012,3979998,12208400000.0,3067.44,2.87
West Bank and Gaza,PSE,Asia,Asia,Western Asia,2013,4076708,13515500000.0,3315.3,5.74
West Bank and Gaza,PSE,Asia,Asia,Western Asia,2014,4173398,13989700000.0,3352.11,3.67
West Bank and Gaza,PSE,Asia,Asia,Western Asia,2015,4270092,13972400000.0,3272.15,-3.71
West Bank and Gaza,PSE,Asia,Asia,Western Asia,2016,4367088,15405400000.0,3527.61,1.28
West Bank and Gaza,PSE,Asia,Asia,Western Asia,2017,4454805,16128000000.0,3620.36,3.23
West Bank and Gaza,PSE,Asia,Asia,Western Asia,2018,4569087,16276600000.0,3562.33,-0.3
West Bank and Gaza,PSE,Asia,Asia,Western Asia,2019,4685306,17133500000.0,3656.86,3.85
West Bank and Gaza,PSE,Asia,Asia,Western Asia,2020,4803269,15531700000.0,3233.57,2.22
West Bank and Gaza,PSE,Asia,Asia,Western Asia,2021,4922749,18109000000.0,3678.64,8.95
West Bank and Gaza,PSE,Asia,Asia,Western Asia,2022,5043612,19165500000.0,3799.96,1.68
"Yemen, Rep.",YEM,Asia,Asia,Western Asia,2000,19624141,9679316770.0,493.24,23.35
"Yemen, Rep.",YEM,Asia,Asia,Western Asia,2001,20226147,9852990693.0,487.14,2.75
"Yemen, Rep.",YEM,Asia,Asia,Western Asia,2002,20835086,10693430511.0,513.24,8.71
"Yemen, Rep.",YEM,Asia,Asia,Western Asia,2003,21456379,11777532662.0,548.91,10.89
"Yemen, Rep.",YEM,Asia,Asia,Western Asia,2004,22095167,13867634371.0,627.63,14.11
"Yemen, Rep.",YEM,Asia,Asia,Western Asia,2005,22790085,16731566717.0,734.16,18.53
"Yemen, Rep.",YEM,Asia,Asia,Western Asia,2006,23543083,19063143370.0,809.71,13.59
"Yemen, Rep.",YEM,Asia,Asia,Western Asia,2007,24318082,21650528674.0,890.31,10.89
"Yemen, Rep.",YEM,Asia,Asia,Western Asia,2008,25111941,26910855807.0,1071.64,20.38
"Yemen, Rep.",YEM,Asia,Asia,Western Asia,2009,25927724,25130278213.0,969.24,-8.71
"Yemen, Rep.",YEM,Asia,Asia,Western Asia,2010,26754387,30906749533.0,1155.2,23.62
"Yemen, Rep.",YEM,Asia,Asia,Western Asia,2011,27582897,32726417878.0,1186.48,18.11
"Yemen, Rep.",YEM,Asia,Asia,Western Asia,2012,28433647,35401331610.0,1245.05,5.89
"Yemen, Rep.",YEM,Asia,Asia,Western Asia,2013,29312952,40415233436.0,1378.75,9.21
"Yemen, Rep.",YEM,Asia,Asia,Western Asia,2014,30226309,43228585321.0,1430.16,7.16
"Yemen, Rep.",YEM,Asia,Asia,Western Asia,2015,31159379,42444490074.0,1362.17,46.48
"Yemen, Rep.",YEM,Asia,Asia,Western Asia,2016,32109010,31317825274.0,975.36,0.13
"Yemen, Rep.",YEM,Asia,Asia,Western Asia,2017,33090921,26842229045.0,811.17,18.55
"Yemen, Rep.",YEM,Asia,Asia,Western Asia,2018,34085182,21606160663.0,633.89,14.85
Zambia,ZMB,Africa,Africa,Sub-Saharan Africa,2000,10017631,3600632111.0,359.43,32.61
Zambia,ZMB,Africa,Africa,Sub-Saharan Africa,2001,10325185,4094441301.0,396.55,25.33
Zambia,ZMB,Africa,Africa,Sub-Saharan Africa,2002,10647949,4193850445.0,393.86,19.39
Zambia,ZMB,Africa,Africa,Sub-Saharan Africa,2003,10983595,4901869764.0,446.29,17.61
Zambia,ZMB,Africa,Africa,Sub-Saharan Africa,2004,11338198,6221110219.0,548.69,19.72
Zambia,ZMB,Africa,Africa,Sub-Saharan Africa,2005,11718819,8331870169.0,710.98,16.65
Zambia,ZMB,Africa,Africa,Sub-Saharan Africa,2006,12129553,12756858899.0,1051.72,14.54
Zambia,ZMB,Africa,Africa,Sub-Saharan Africa,2007,12565085,14056957976.0,1118.73,12.97
Zambia,ZMB,Africa,Africa,Sub-Saharan Africa,2008,13021324,17910858638.0,1375.5,10.64
Zambia,ZMB,Africa,Africa,Sub-Saharan Africa,2009,13490389,15328342304.0,1136.24,5.56
Zambia,ZMB,Africa,Africa,Sub-Saharan Africa,2010,13965594,20265559484.0,1451.11,13.95
Zambia,ZMB,Africa,Africa,Sub-Saharan Africa,2011,14437796,23459515276.0,1624.87,11.11
Zambia,ZMB,Africa,Africa,Sub-Saharan Africa,2012,14913629,25503060420.0,1710.05,6.99
Zambia,ZMB,Africa,Africa,Sub-Saharan Africa,2013,15398997,28037239463.0,1820.72,9.73
Zambia,ZMB,Africa,Africa,Sub-Saharan Africa,2014,15895315,27141023558.0,1707.49,5.44
Zambia,ZMB,Africa,Africa,Sub-Saharan Africa,2015,16399089,21251216799.0,1295.88,6.66
Zambia,ZMB,Africa,Africa,Sub-Saharan Africa,2016,16914423,20958412538.0,1239.09,13.58
Zambia,ZMB,Africa,Africa,Sub-Saharan Africa,2017,17441320,25873601261.0,1483.47,10.07
Zambia,ZMB,Africa,Africa,Sub-Saharan Africa,2018,17973569,26311507274.0,1463.9,7.41
Zambia,ZMB,Africa,Africa,Sub-Saharan Africa,2019,18513839,23308667781.0,1258.99,7.63
Zambia,ZMB,Africa,Africa,Sub-Saharan Africa,2020,19059395,18137764931.0,951.64,13.91
Zambia,ZMB,Africa,Africa,Sub-Saharan Africa,2021,19603607,22096416932.0,1127.16,25.14
Zambia,ZMB,Africa,Africa,Sub-Saharan Africa,2022,20152938,29163782140.0,1447.12,6.14
Zimbabwe,ZWE,Africa,Africa,Sub-Saharan Africa,2000,11892055,6689957600.0,562.56,0.63
Zimbabwe,ZWE,Africa,Africa,Sub-Saharan Africa,2001,11971901,6777384700.0,566.11,-0.13
Zimbabwe,ZWE,Africa,Africa,Sub-Saharan Africa,2002,12087653,6342116400.0,524.68,2.71
Zimbabwe,ZWE,Africa,Africa,Sub-Saharan Africa,2003,12232323,5727591800.0,468.23,8.8
Zimbabwe,ZWE,Africa,Africa,Sub-Saharan Africa,2004,12365896,5805598400.0,469.48,7.61
Zimbabwe,ZWE,Africa,Africa,Sub-Saharan Africa,2005,12483432,5755215200.0,461.03,5.14
Zimbabwe,ZWE,Africa,Africa,Sub-Saharan Africa,2006,12636445,5443896500.0,430.81,-2.02
Zimbabwe,ZWE,Africa,Africa,Sub-Saharan Africa,2007,12804058,5291950100.0,413.3,0.89
Zimbabwe,ZWE,Africa,Africa,Sub-Saharan Africa,2008,12959149,4415702800.0,340.74,1.35
Zimbabwe,ZWE,Africa,Africa,Sub-Saharan Africa,2009,13142790,9665793300.0,735.44,95.41
Zimbabwe,ZWE,Africa,Africa,Sub-Saharan Africa,2010,13356548,12041655200.0,901.55,2.58
Zimbabwe,ZWE,Africa,Africa,Sub-Saharan Africa,2011,13595424,14101920300.0,1037.25,2.17
Zimbabwe,ZWE,Africa,Africa,Sub-Saharan Africa,2012,13817887,17114849900.0,1238.6,4.86
Zimbabwe,ZWE,Africa,Africa,Sub-Saharan Africa,2013,14013808,19091020000.0,1362.3,8.09
Zimbabwe,ZWE,Africa,Africa,Sub-Saharan Africa,2014,14207359,19495519600.0,1372.21,0.62
Zimbabwe,ZWE,Africa,Africa,Sub-Saharan Africa,2015,14399013,19963120600.0,1386.42,0.37
Zimbabwe,ZWE,Africa,Africa,Sub-Saharan Africa,2016,14600294,20548678100.0,1407.42,2.01
Zimbabwe,ZWE,Africa,Africa,Sub-Saharan Africa,2017,14812482,17584890937.0,1187.17,199.32
Zimbabwe,ZWE,Africa,Africa,Sub-Saharan Africa,2018,15034452,34156069918.0,2271.85,3.55
Zimbabwe,ZWE,Africa,Africa,Sub-Saharan Africa,2019,15271368,21832234926.0,1429.62,225.39
Zimbabwe,ZWE,Africa,Africa,Sub-Saharan Africa,2020,15526888,21509698406.0,1385.32,604.95
Zimbabwe,ZWE,Africa,Africa,Sub-Saharan Africa,2021,15797210,28371238666.0,1795.97,113.29
Zimbabwe,ZWE,Africa,Africa,Sub-Saharan Africa,2022,16069056,27366627153.0,1703.06,266.99
